1, 16, 1, 4.656949399999999, 47192, 1.6980266571044922, 0.33771467208862305
1, 4, 1, 4.8815325, 47192, 1.6954998970031738, 0.2647874653339386
1, 5, 1, 5.1718885, 47192, 1.6913256645202637, 0.28147485852241516
1, 12, 1, 4.966467, 47192, 1.6168854236602783, 0.3078915774822235
1, 21, 1, 5.2547292, 47192, 1.7038943767547607, 0.2659408450126648
1, 20, 1, 6.020185700000001, 47192, 1.7312527894973755, 0.2448272705078125
1, 9, 1, 5.6773812999999995, 47192, 1.7143874168395996, 0.2947779893875122
1, 18, 1, 6.144045599999999, 47192, 1.679110050201416, 0.284490704536438
1, 8, 1, 5.32999, 47192, 1.6873254776000977, 0.2850923240184784
1, 22, 1, 5.345722200000001, 47192, 1.738852858543396, 0.2789386808872223
1, 11, 1, 5.630293900000001, 47192, 1.70756196975708, 0.26797860860824585
1, 17, 1, 5.7260146999999995, 47192, 1.7298797369003296, 0.26551365852355957
1, 13, 1, 5.2307124, 47192, 1.6643457412719727, 0.28017881512641907
1, 15, 1, 6.051618100000001, 47192, 1.7247589826583862, 0.2787342667579651
1, 19, 1, 5.299126500000001, 47192, 1.7186708450317383, 0.27136123180389404
1, 14, 1, 5.3532437, 47192, 1.6806271076202393, 0.2963157594203949
1, 1, 1, 5.787595900000001, 47192, 1.6887117624282837, 0.3172384798526764
1, 23, 1, 5.3850185999999995, 47192, 1.6126595735549927, 0.3146750330924988
1, 3, 1, 5.7246107, 47192, 1.7108505964279175, 0.2798314392566681
1, 7, 1, 6.2605257, 47192, 1.7206250429153442, 0.25689056515693665
1, 6, 1, 6.380507699999999, 47192, 1.7006505727767944, 0.26727867126464844
1, 10, 1, 5.9335502, 47192, 1.6820826530456543, 0.2666076421737671
1, 0, 1, 6.3074806, 47192, 1.6667962074279785, 0.3310798704624176
1, 2, 1, 6.4630487, 47192, 1.7092937231063843, 0.25962191820144653
2, 23, 1, 4.0847403, 47192, 1.594429850578308, 0.31472405791282654
2, 19, 1, 4.2911432000000005, 47192, 1.7085784673690796, 0.27163320779800415
2, 3, 1, 4.657886099999999, 47192, 1.6983734369277954, 0.2797645628452301
2, 10, 1, 4.815283000000001, 47192, 1.669795036315918, 0.280796080827713
2, 17, 1, 4.990469899999999, 47192, 1.7231788635253906, 0.2655932903289795
2, 15, 1, 5.3605553, 47192, 1.7173494100570679, 0.2979190945625305
2, 18, 1, 5.7689898, 47192, 1.6714038848876953, 0.2841258645057678
2, 20, 1, 5.612492000000001, 47192, 1.7169311046600342, 0.26292502880096436
2, 13, 1, 4.486891499999999, 47192, 1.6509485244750977, 0.30124586820602417
2, 12, 1, 3.9679187999999996, 47192, 1.6003984212875366, 0.3079160153865814
2, 4, 1, 4.186981600000001, 47192, 1.68523371219635, 0.26698705554008484
2, 22, 1, 4.5043959000000005, 47192, 1.7314612865447998, 0.2789615988731384
3, 19, 1, 4.496786499999999, 47192, 1.6978611946105957, 0.2714292109012604
3, 5, 1, 4.5756104, 47192, 1.658835530281067, 0.2931184768676758
3, 2, 1, 5.038689599999998, 47192, 1.687739372253418, 0.3474481403827667
3, 17, 1, 5.084505199999999, 47192, 1.717757225036621, 0.26623013615608215
3, 15, 1, 5.233629499999999, 47192, 1.7073594331741333, 0.3330594599246979
3, 12, 1, 4.050711300000003, 47192, 1.5875128507614136, 0.3173008859157562
3, 21, 1, 4.572397400000002, 47192, 1.6710923910140991, 0.32508590817451477
3, 7, 1, 4.871606999999999, 47192, 1.7013431787490845, 0.34441447257995605
3, 9, 1, 4.8464220000000005, 47192, 1.6983832120895386, 0.357429563999176
3, 18, 1, 5.8115141, 47192, 1.664313554763794, 0.285011887550354
3, 22, 1, 4.379088799999998, 47192, 1.7231180667877197, 0.27930527925491333
3, 20, 1, 5.656263900000003, 47192, 1.6974140405654907, 0.3325052261352539
4, 23, 1, 4.726289300000001, 47192, 1.5384799242019653, 0.5334035754203796
4, 12, 1, 4.797359500000002, 47192, 1.565183401107788, 0.3419116735458374
4, 4, 1, 4.826952000000002, 47192, 1.6572980880737305, 0.33914312720298767
4, 3, 1, 5.436897200000001, 47192, 1.654335856437683, 0.339717298746109
4, 11, 1, 5.381866699999998, 47192, 1.6382242441177368, 0.34613218903541565
4, 13, 1, 5.717518800000001, 47192, 1.6105713844299316, 0.37584367394447327
4, 7, 1, 6.006861300000001, 47192, 1.6702492237091064, 0.39128464460372925
4, 17, 1, 6.1729266, 47192, 1.7009443044662476, 0.2939537465572357
4, 6, 1, 6.1147522, 47192, 1.6468364000320435, 0.36179110407829285
4, 15, 1, 6.6036560999999985, 47192, 1.685407042503357, 0.3556647002696991
4, 18, 1, 7.141528900000001, 47192, 1.649215817451477, 0.2858458161354065
4, 10, 1, 5.358586499999998, 47192, 1.614675760269165, 0.450551301240921
5, 21, 1, 4.853224699999998, 47192, 1.5200846195220947, 0.45009148120880127
5, 15, 1, 5.401171900000001, 47192, 1.6195098161697388, 0.3776966631412506
5, 11, 1, 4.459247399999999, 47192, 1.5751609802246094, 0.4063892662525177
5, 12, 1, 4.377022999999998, 47192, 1.5067541599273682, 0.5120854377746582
5, 19, 1, 4.6860155, 47192, 1.5981543064117432, 0.40249761939048767
5, 2, 1, 5.4363581, 47192, 1.582851529121399, 0.434215247631073
5, 17, 1, 5.631572599999998, 47192, 1.6712589263916016, 0.34595787525177
5, 20, 1, 5.796817099999998, 47192, 1.5318163633346558, 0.4028470516204834
5, 18, 1, 6.190029700000004, 47192, 1.593822717666626, 0.4262408912181854
5, 9, 1, 5.327835899999997, 47192, 1.6298741102218628, 0.38880759477615356
5, 22, 1, 4.742537499999997, 47192, 1.6477020978927612, 0.35801026225090027
5, 7, 1, 5.348446399999997, 47192, 1.6128889322280884, 0.439039945602417
6, 4, 1, 4.2422936, 47192, 1.552455186843872, 0.5079615712165833
6, 13, 1, 4.6383472999999995, 47192, 1.4793169498443604, 0.5321206450462341
6, 3, 1, 4.763567699999999, 47192, 1.4910928010940552, 0.43271201848983765
6, 17, 1, 5.0879157999999975, 47192, 1.5841798782348633, 0.3856426477432251
6, 15, 1, 5.360014800000002, 47192, 1.5260111093521118, 0.4219326376914978
6, 10, 1, 4.9233209, 47192, 1.4016177654266357, 0.5779309868812561
6, 12, 1, 4.296938500000003, 47192, 1.4364734888076782, 0.5770462155342102
6, 23, 1, 4.292553299999998, 47192, 1.3315578699111938, 0.6138613820075989
6, 19, 1, 4.654892700000001, 47192, 1.4558415412902832, 0.42430078983306885
6, 20, 1, 5.822447099999998, 47192, 1.3875309228897095, 0.43637681007385254
6, 18, 1, 6.0754272, 47192, 1.5262446403503418, 0.4908354878425598
6, 22, 1, 4.728357200000001, 47192, 1.5270217657089233, 0.4146503508090973
7, 12, 1, 4.015774300000004, 47192, 1.303065538406372, 0.5916122794151306
7, 4, 1, 4.244245500000002, 47192, 1.4665794372558594, 0.5187921524047852
7, 11, 1, 4.3674423, 47192, 1.3946181535720825, 0.5328142046928406
7, 3, 1, 4.565478800000001, 47192, 1.4452863931655884, 0.43694818019866943
7, 7, 1, 5.149250200000004, 47192, 1.446929931640625, 0.5054857134819031
7, 13, 1, 4.682401399999996, 47192, 1.3560611009597778, 0.5877094268798828
7, 17, 1, 5.461095300000004, 47192, 1.5589770078659058, 0.3776420056819916
7, 6, 1, 5.3128999000000015, 47192, 1.403202772140503, 0.5069155693054199
7, 20, 1, 5.886121800000005, 47192, 1.3161576986312866, 0.5213527679443359
7, 18, 1, 6.118779400000001, 47192, 1.4307044744491577, 0.5101026892662048
7, 9, 1, 5.1216814, 47192, 1.4541581869125366, 0.46465006470680237
7, 22, 1, 4.4492739000000014, 47192, 1.4557301998138428, 0.4240216314792633
8, 12, 1, 4.438713700000001, 47192, 1.2566336393356323, 0.5816653370857239
8, 4, 1, 4.423743200000004, 47192, 1.4438912868499756, 0.516090452671051
8, 19, 1, 4.972985700000002, 47192, 1.3023090362548828, 0.5472779870033264
8, 13, 1, 5.010036799999995, 47192, 1.3276917934417725, 0.577153742313385
8, 6, 1, 5.204025999999995, 47192, 1.3278703689575195, 0.5177070498466492
8, 7, 1, 5.083340199999995, 47192, 1.3874397277832031, 0.5054445266723633
8, 3, 1, 4.839654899999999, 47192, 1.3708381652832031, 0.4879158139228821
8, 17, 1, 5.531658799999995, 47192, 1.50804603099823, 0.39197149872779846
8, 15, 1, 5.759630000000001, 47192, 1.388239860534668, 0.5021497011184692
8, 20, 1, 6.082016100000004, 47192, 1.2356953620910645, 0.5611388087272644
8, 18, 1, 6.141755000000003, 47192, 1.4135228395462036, 0.5025104880332947
8, 22, 1, 4.6678507999999965, 47192, 1.3705508708953857, 0.4430162310600281
9, 13, 1, 4.517187300000003, 47192, 1.2639609575271606, 0.5812476277351379
9, 3, 1, 4.5805229999999995, 47192, 1.321912169456482, 0.5440782904624939
9, 6, 1, 5.129914599999999, 47192, 1.2624399662017822, 0.5305181741714478
9, 17, 1, 5.262981200000006, 47192, 1.4742494821548462, 0.40964454412460327
9, 1, 1, 5.220613100000001, 47192, 1.1914002895355225, 0.5499789714813232
9, 12, 1, 4.088591800000003, 47192, 1.1923359632492065, 0.5943251252174377
9, 15, 1, 5.588399199999998, 47192, 1.3346465826034546, 0.5122007131576538
9, 4, 1, 4.267910899999997, 47192, 1.4054616689682007, 0.519844114780426
9, 20, 1, 5.866715200000002, 47192, 1.1737793684005737, 0.5725632309913635
9, 18, 1, 6.089076399999996, 47192, 1.3658424615859985, 0.5162702798843384
9, 9, 1, 5.052767199999998, 47192, 1.293310284614563, 0.521531879901886
9, 22, 1, 4.623218600000001, 47192, 1.303220510482788, 0.48079919815063477
10, 19, 1, 4.6066687, 47192, 1.1776460409164429, 0.563619077205658
10, 7, 1, 4.9899074, 47192, 1.300216555595398, 0.5252465009689331
10, 6, 1, 5.192555800000001, 47192, 1.2099467515945435, 0.5404528975486755
10, 13, 1, 4.7756821000000045, 47192, 1.2090152502059937, 0.5924007892608643
10, 15, 1, 5.471629899999996, 47192, 1.2918636798858643, 0.5220033526420593
10, 12, 1, 4.159574499999998, 47192, 1.1293070316314697, 0.6108952164649963
10, 4, 1, 4.228976700000004, 47192, 1.3621636629104614, 0.5240042209625244
10, 3, 1, 4.6185543, 47192, 1.2722684144973755, 0.5587041974067688
10, 17, 1, 5.464624099999995, 47192, 1.4372576475143433, 0.43442264199256897
10, 20, 1, 5.944770699999992, 47192, 1.121556282043457, 0.584295928478241
10, 18, 1, 5.978076700000003, 47192, 1.3183913230895996, 0.5292656421661377
10, 22, 1, 4.596703099999999, 47192, 1.2460583448410034, 0.5198423862457275
11, 4, 1, 4.061177499999999, 47192, 1.3097858428955078, 0.5330894589424133
11, 1, 1, 5.113939600000002, 47192, 1.0839431285858154, 0.6142447590827942
11, 17, 1, 5.327212599999996, 47192, 1.3998496532440186, 0.4558770954608917
11, 13, 1, 4.781445499999997, 47192, 1.1463854312896729, 0.6116532683372498
11, 3, 1, 4.611470400000002, 47192, 1.2128982543945312, 0.579684317111969
11, 19, 1, 4.561179099999997, 47192, 1.1283504962921143, 0.5789175629615784
11, 12, 1, 4.0641649000000015, 47192, 1.0645867586135864, 0.633966326713562
11, 15, 1, 5.599783399999993, 47192, 1.2337242364883423, 0.5423537492752075
11, 20, 1, 6.028734600000007, 47192, 1.0795438289642334, 0.5947592854499817
11, 9, 1, 5.144960599999997, 47192, 1.1660641431808472, 0.5690902471542358
11, 18, 1, 6.128414599999999, 47192, 1.2706668376922607, 0.540558397769928
11, 22, 1, 4.5551604999999995, 47192, 1.1970311403274536, 0.536889374256134
12, 12, 1, 4.2241413999999935, 47192, 0.9875012636184692, 0.6613632440567017
12, 4, 1, 4.268418500000003, 47192, 1.2451536655426025, 0.5497059226036072
12, 19, 1, 4.672954399999995, 47192, 1.0710769891738892, 0.6033271551132202
12, 13, 1, 4.6743205, 47192, 1.087761402130127, 0.6321007609367371
12, 7, 1, 5.140441000000003, 47192, 1.186417818069458, 0.5679998397827148
12, 17, 1, 5.250444999999999, 47192, 1.3600666522979736, 0.4793814420700073
12, 3, 1, 4.474105399999999, 47192, 1.1474015712738037, 0.602247416973114
12, 6, 1, 4.8660158, 47192, 1.0906375646591187, 0.5933292508125305
12, 15, 1, 5.548507900000004, 47192, 1.1691150665283203, 0.5681310296058655
12, 20, 1, 5.954984600000003, 47192, 1.035691261291504, 0.6104089021682739
12, 18, 1, 6.127878800000005, 47192, 1.2065271139144897, 0.5635955929756165
12, 22, 1, 4.561292799999997, 47192, 1.1448150873184204, 0.5597791075706482
13, 12, 1, 4.199676699999998, 47192, 0.8874829411506653, 0.6982672214508057
13, 19, 1, 4.644794599999997, 47192, 1.0212410688400269, 0.621277391910553
13, 3, 1, 4.718990500000004, 47192, 1.0602312088012695, 0.6368723511695862
13, 1, 1, 5.151180099999998, 47192, 0.9744946360588074, 0.6524432897567749
13, 17, 1, 5.377686099999991, 47192, 1.2920172214508057, 0.5165585279464722
13, 6, 1, 4.994349200000002, 47192, 1.0069395303726196, 0.6220930218696594
13, 4, 1, 4.2559538, 47192, 1.155206561088562, 0.5962080955505371
13, 15, 1, 5.554544300000003, 47192, 1.0892449617385864, 0.6039974689483643
13, 20, 1, 5.8908097000000055, 47192, 0.9820885062217712, 0.6290687918663025
13, 9, 1, 5.1742915000000025, 47192, 1.0190613269805908, 0.618989884853363
13, 18, 1, 6.267203600000002, 47192, 1.0980486869812012, 0.6063517332077026
13, 22, 1, 4.572747299999989, 47192, 1.0852562189102173, 0.5828292369842529
14, 3, 1, 4.581475100000006, 47192, 0.9755237698554993, 0.663515567779541
14, 19, 1, 4.579788099999988, 47192, 0.9555209875106812, 0.6445537209510803
14, 13, 1, 4.708683499999992, 47192, 0.9284582138061523, 0.6900573372840881
14, 6, 1, 5.113968999999997, 47192, 0.9356667995452881, 0.6452672481536865
14, 15, 1, 5.309004400000006, 47192, 1.027689814567566, 0.6291632652282715
14, 17, 1, 5.3405957999999885, 47192, 1.218860387802124, 0.5540739297866821
14, 4, 1, 4.305243500000003, 47192, 1.079957127571106, 0.6343183517456055
14, 20, 1, 5.716595300000009, 47192, 0.9248024821281433, 0.6472753882408142
14, 12, 1, 4.233475200000001, 47192, 0.811591625213623, 0.7256885766983032
14, 18, 1, 6.056075399999997, 47192, 1.0323405265808105, 0.6343230605125427
14, 9, 1, 5.078883000000005, 47192, 0.9310961365699768, 0.6468977332115173
14, 22, 1, 4.639024399999997, 47192, 1.013564109802246, 0.6103015542030334
15, 19, 1, 4.694990399999995, 47192, 0.914447546005249, 0.6580163836479187
15, 13, 1, 4.868308199999987, 47192, 0.8678907155990601, 0.7054814100265503
15, 17, 1, 5.187517600000007, 47192, 1.1681313514709473, 0.5724236965179443
15, 6, 1, 5.181229700000003, 47192, 0.883673906326294, 0.6613830924034119
15, 4, 1, 4.417082499999992, 47192, 1.0226941108703613, 0.6504327654838562
15, 12, 1, 4.287428500000004, 47192, 0.7536643147468567, 0.7423809170722961
15, 3, 1, 4.7549116, 47192, 0.9123471975326538, 0.6799919605255127
15, 20, 1, 5.938483599999998, 47192, 0.8822813034057617, 0.6602593064308167
15, 18, 1, 6.0644317, 47192, 0.9619717001914978, 0.6608697175979614
15, 9, 1, 5.129374800000001, 47192, 0.8730751276016235, 0.6633079648017883
15, 22, 1, 4.618187599999999, 47192, 0.9652644395828247, 0.6267757415771484
15, 15, 1, 5.577960500000003, 47192, 0.9603830575942993, 0.6523990631103516
16, 13, 1, 4.714653200000001, 47192, 0.826408326625824, 0.7167451977729797
16, 5, 1, 4.885859199999995, 47192, 0.8155524730682373, 0.6996206045150757
16, 3, 1, 4.762528799999998, 47192, 0.8652278184890747, 0.688687264919281
16, 17, 1, 5.209339400000005, 47192, 1.1671429872512817, 0.5743342638015747
16, 6, 1, 5.275249000000002, 47192, 0.8669741749763489, 0.6683394312858582
16, 19, 1, 4.529441300000002, 47192, 0.8698154091835022, 0.6700965762138367
16, 4, 1, 4.288793699999999, 47192, 0.9901720881462097, 0.6563142538070679
16, 12, 1, 4.251972500000008, 47192, 0.7060565948486328, 0.7570447325706482
16, 20, 1, 5.908308899999994, 47192, 0.849283754825592, 0.6699066162109375
16, 18, 1, 6.217630900000003, 47192, 0.918944776058197, 0.6766274571418762
16, 9, 1, 5.176893500000006, 47192, 0.8370031714439392, 0.671586275100708
16, 22, 1, 4.611181200000004, 47192, 0.9223231673240662, 0.641210675239563
17, 12, 1, 4.1792362999999995, 47192, 0.6803444027900696, 0.7638634443283081
17, 13, 1, 4.766685899999999, 47192, 0.7963716387748718, 0.7245347499847412
17, 6, 1, 5.219774900000004, 47192, 0.8448095917701721, 0.6746838092803955
17, 17, 1, 5.2918229, 47192, 1.1358675956726074, 0.584643542766571
17, 19, 1, 4.641881400000003, 47192, 0.8339439034461975, 0.6805901527404785
17, 4, 1, 4.350493700000001, 47192, 0.951034426689148, 0.6654712557792664
17, 3, 1, 4.7662679000000026, 47192, 0.8269239068031311, 0.6974716782569885
17, 15, 1, 5.597792699999999, 47192, 0.8902126550674438, 0.6716794371604919
17, 20, 1, 5.830260899999999, 47192, 0.8240911960601807, 0.6762353777885437
17, 18, 1, 6.140051199999988, 47192, 0.8959276676177979, 0.6839417219161987
17, 9, 1, 5.185807499999996, 47192, 0.8104857802391052, 0.6774604916572571
17, 22, 1, 4.6593018999999884, 47192, 0.881662905216217, 0.6520254611968994
18, 4, 1, 4.414699200000001, 47192, 0.9052572250366211, 0.6755845546722412
18, 13, 1, 4.759882700000006, 47192, 0.7646568417549133, 0.731704592704773
18, 17, 1, 5.0554621, 47192, 1.1292787790298462, 0.5869123935699463
18, 1, 1, 5.1404706000000004, 47192, 0.7855948209762573, 0.7035752534866333
18, 7, 1, 5.119858300000004, 47192, 0.890541136264801, 0.6704267263412476
18, 6, 1, 5.059614400000001, 47192, 0.8000697493553162, 0.6847613453865051
18, 19, 1, 4.61951049999999, 47192, 0.810600996017456, 0.6870042085647583
18, 9, 1, 4.971593999999996, 47192, 0.7907407879829407, 0.6805126070976257
18, 15, 1, 5.522052000000002, 47192, 0.8675113916397095, 0.6795712113380432
18, 20, 1, 5.874217700000003, 47192, 0.7996167540550232, 0.6834527254104614
18, 18, 1, 6.166831500000001, 47192, 0.8884047865867615, 0.6872252821922302
18, 22, 1, 4.506991800000009, 47192, 0.847171425819397, 0.6638484001159668
19, 4, 1, 4.317218400000002, 47192, 0.8864583969116211, 0.6809400916099548
19, 19, 1, 4.613362499999994, 47192, 0.8133484721183777, 0.6822446584701538
19, 1, 1, 5.130919599999999, 47192, 0.7698729634284973, 0.7069639563560486
19, 13, 1, 4.8609573999999895, 47192, 0.7499852776527405, 0.736064076423645
19, 12, 1, 4.298387000000005, 47192, 0.6404401063919067, 0.7726861834526062
19, 15, 1, 5.469562400000001, 47192, 0.8421413898468018, 0.6869088411331177
19, 17, 1, 5.483235899999983, 47192, 1.101372480392456, 0.5966843366622925
19, 6, 1, 5.263768099999993, 47192, 0.7758232355117798, 0.6921460628509521
19, 20, 1, 5.940339599999987, 47192, 0.7844080328941345, 0.6864811182022095
19, 9, 1, 5.108693000000002, 47192, 0.774808943271637, 0.6851743459701538
19, 18, 1, 6.073972600000019, 47192, 0.8585727214813232, 0.6996647119522095
19, 22, 1, 4.663062800000006, 47192, 0.8241423964500427, 0.6665979027748108
20, 19, 1, 4.630967799999993, 47192, 0.7797513008117676, 0.6929423213005066
20, 3, 1, 4.661949400000012, 47192, 0.7976544499397278, 0.7014625668525696
20, 6, 1, 5.036540799999997, 47192, 0.7887470722198486, 0.6879844665527344
20, 17, 1, 5.292896500000012, 47192, 1.0980463027954102, 0.5988536477088928
20, 1, 1, 5.3412071999999995, 47192, 0.7459024786949158, 0.7127187848091125
20, 15, 1, 5.454307099999994, 47192, 0.8250001072883606, 0.6925458312034607
20, 12, 1, 4.162501200000008, 47192, 0.6117867231369019, 0.7786005735397339
20, 4, 1, 4.2764820000000014, 47192, 0.8677852153778076, 0.683904767036438
20, 20, 1, 5.736975199999989, 47192, 0.7703467607498169, 0.6909783482551575
20, 18, 1, 6.060138999999992, 47192, 0.8362295031547546, 0.708507776260376
20, 9, 1, 5.168647199999995, 47192, 0.7645719051361084, 0.6879338026046753
20, 22, 1, 4.625246300000001, 47192, 0.8085612654685974, 0.6716157793998718
21, 4, 1, 4.237879100000001, 47192, 0.8476541042327881, 0.688208281993866
21, 19, 1, 4.6218410999999975, 47192, 0.7559037208557129, 0.6989936828613281
21, 1, 1, 5.1508149, 47192, 0.7321298122406006, 0.7150046825408936
21, 6, 1, 5.1543147000000005, 47192, 0.769528865814209, 0.6951040625572205
21, 15, 1, 5.43357739999999, 47192, 0.8206374049186707, 0.6962146162986755
21, 7, 1, 5.157814099999996, 47192, 0.8743376135826111, 0.6735349297523499
21, 12, 1, 4.196657299999998, 47192, 0.608430027961731, 0.7816555500030518
21, 17, 1, 5.291830399999981, 47192, 1.0720456838607788, 0.6055208444595337
21, 20, 1, 5.881534799999997, 47192, 0.7560388445854187, 0.6960740089416504
21, 9, 1, 5.117071899999999, 47192, 0.7455588579177856, 0.6916757225990295
21, 18, 1, 5.999239099999983, 47192, 0.8392226099967957, 0.707726001739502
21, 22, 1, 4.633570400000011, 47192, 0.7916167974472046, 0.6750527024269104
22, 19, 1, 4.638339600000009, 47192, 0.7385864853858948, 0.7025293707847595
22, 1, 1, 4.964817400000001, 47192, 0.7275635004043579, 0.7163682579994202
22, 17, 1, 5.169617000000017, 47192, 1.0651808977127075, 0.6100187301635742
22, 6, 1, 5.2607275000000016, 47192, 0.7416796684265137, 0.7016727924346924
22, 15, 1, 5.364955200000026, 47192, 0.8104010820388794, 0.7002273797988892
22, 10, 1, 4.971037099999997, 47192, 0.6923960447311401, 0.7297029495239258
22, 13, 1, 4.887967000000003, 47192, 0.7105836868286133, 0.7464869618415833
22, 4, 1, 4.2708477999999985, 47192, 0.8186572194099426, 0.6964567303657532
22, 12, 1, 4.3633331000000055, 47192, 0.5953130722045898, 0.784612774848938
22, 18, 1, 6.122085599999991, 47192, 0.8034448623657227, 0.7170903086662292
22, 9, 1, 5.2348585999999955, 47192, 0.7381910085678101, 0.6962747573852539
22, 22, 1, 4.758234700000003, 47192, 0.7856096029281616, 0.6766336560249329
23, 3, 1, 4.712612899999996, 47192, 0.7469441294670105, 0.7142825126647949
23, 19, 1, 4.780940400000006, 47192, 0.731998085975647, 0.7038665413856506
23, 6, 1, 5.102107200000006, 47192, 0.7342820763587952, 0.7033047676086426
23, 17, 1, 5.20560789999999, 47192, 1.052855134010315, 0.6170839667320251
23, 7, 1, 5.095264999999998, 47192, 0.8417177796363831, 0.6788456439971924
23, 4, 1, 4.366230600000009, 47192, 0.8000591397285461, 0.7001147866249084
23, 15, 1, 5.464550000000003, 47192, 0.8004268407821655, 0.703342080116272
23, 1, 1, 5.332881499999999, 47192, 0.723284125328064, 0.7181127071380615
23, 20, 1, 5.881148300000007, 47192, 0.7556872963905334, 0.693281352519989
23, 18, 1, 6.156262199999986, 47192, 0.7894328832626343, 0.7233273386955261
23, 22, 1, 4.637254499999983, 47192, 0.773446798324585, 0.6787416338920593
23, 9, 1, 5.181815900000004, 47192, 0.7218758463859558, 0.7014591693878174
24, 12, 1, 4.293679399999988, 47192, 0.5839834809303284, 0.7861769199371338
24, 10, 1, 4.9550105, 47192, 0.6776197552680969, 0.7333080172538757
24, 13, 1, 4.891425599999991, 47192, 0.6997209191322327, 0.7470180988311768
24, 6, 1, 5.067788400000012, 47192, 0.7485381364822388, 0.7009384036064148
24, 17, 1, 5.192833300000018, 47192, 1.0280297994613647, 0.6245472431182861
24, 4, 1, 4.247243400000002, 47192, 0.7905109524726868, 0.7019079327583313
24, 1, 1, 5.30808900000001, 47192, 0.7056623101234436, 0.7227447032928467
24, 15, 1, 5.487884300000019, 47192, 0.7882574200630188, 0.7075268030166626
24, 7, 1, 5.034894299999991, 47192, 0.8199858665466309, 0.6894670724868774
24, 18, 1, 6.097428100000002, 47192, 0.7903116345405579, 0.7255859375
24, 9, 1, 5.180367099999998, 47192, 0.7190977931022644, 0.7017936110496521
24, 22, 1, 4.629070799999994, 47192, 0.7565538883209229, 0.6846759915351868
25, 7, 1, 5.192610400000007, 47192, 0.8391117453575134, 0.6836006045341492
25, 1, 1, 5.2159178, 47192, 0.7037773132324219, 0.721701979637146
25, 6, 1, 5.154592600000001, 47192, 0.720035195350647, 0.7105875015258789
25, 4, 1, 4.352041, 47192, 0.7589203119277954, 0.7117821574211121
25, 16, 1, 4.642026400000006, 47192, 0.676842987537384, 0.7192050814628601
25, 19, 1, 4.805971400000004, 47192, 0.7592204213142395, 0.6959566473960876
25, 3, 1, 4.800601400000005, 47192, 0.758449375629425, 0.711317241191864
25, 17, 1, 5.3358360000000005, 47192, 1.0162885189056396, 0.6264578104019165
25, 20, 1, 5.805874399999993, 47192, 0.748725175857544, 0.697397768497467
25, 18, 1, 6.133404999999982, 47192, 0.7827467918395996, 0.7268020510673523
25, 22, 1, 4.690082899999993, 47192, 0.7629525661468506, 0.6838740706443787
25, 9, 1, 5.14933929999998, 47192, 0.7017022371292114, 0.7104272842407227
26, 23, 1, 4.325719399999997, 47192, 0.5586121082305908, 0.7942848801612854
26, 13, 1, 4.740791299999998, 47192, 0.6956742405891418, 0.7491646409034729
26, 6, 1, 5.0392875, 47192, 0.7041407823562622, 0.713198721408844
26, 17, 1, 5.269372000000004, 47192, 1.021639108657837, 0.6224575042724609
26, 1, 1, 5.343554700000013, 47192, 0.7024571299552917, 0.72316575050354
26, 12, 1, 4.241934999999998, 47192, 0.5905398726463318, 0.7836107015609741
26, 10, 1, 5.1204003, 47192, 0.6789984703063965, 0.734151303768158
26, 15, 1, 5.511275999999981, 47192, 0.7816612720489502, 0.7094376683235168
26, 4, 1, 4.325712199999998, 47192, 0.7476184368133545, 0.712092936038971
26, 18, 1, 6.266299400000008, 47192, 0.753182053565979, 0.7366876006126404
26, 9, 1, 5.182441299999994, 47192, 0.6988918781280518, 0.7108244895935059
26, 22, 1, 4.675030499999991, 47192, 0.7568812966346741, 0.6825909614562988
27, 4, 1, 4.233215199999989, 47192, 0.7253214716911316, 0.7210108637809753
27, 3, 1, 4.5639916000000085, 47192, 0.7418373227119446, 0.715419590473175
27, 19, 1, 4.580317600000001, 47192, 0.7549262642860413, 0.6973391771316528
27, 1, 1, 5.065632900000011, 47192, 0.6880127787590027, 0.7264742851257324
27, 7, 1, 5.018997200000001, 47192, 0.8254683017730713, 0.687593936920166
27, 6, 1, 5.159780899999987, 47192, 0.6919811964035034, 0.7173398733139038
27, 17, 1, 5.335368700000004, 47192, 0.9886569976806641, 0.6349560022354126
27, 16, 1, 4.554121099999996, 47192, 0.655293881893158, 0.726632297039032
27, 20, 1, 5.918682099999984, 47192, 0.7255266904830933, 0.7071901559829712
27, 18, 1, 6.100740599999995, 47192, 0.7693036794662476, 0.7344464063644409
27, 9, 1, 5.173015200000009, 47192, 0.7144815325737, 0.7072288393974304
27, 22, 1, 4.695787800000005, 47192, 0.7509346604347229, 0.6872193217277527
28, 12, 1, 4.246200399999992, 47192, 0.5607113838195801, 0.7911137342453003
28, 23, 1, 4.317965700000002, 47192, 0.5495066046714783, 0.795779824256897
28, 13, 1, 4.8811409000000054, 47192, 0.6686431765556335, 0.7620217204093933
28, 6, 1, 5.010459099999991, 47192, 0.678998589515686, 0.720746636390686
28, 17, 1, 5.231176699999992, 47192, 0.9863179922103882, 0.6353341341018677
28, 15, 1, 5.445909699999987, 47192, 0.7814754247665405, 0.7092656493186951
28, 10, 1, 5.085525499999989, 47192, 0.6592038869857788, 0.7392532825469971
28, 4, 1, 4.3300033000000155, 47192, 0.7198394536972046, 0.7211064696311951
28, 20, 1, 5.845263899999992, 47192, 0.7206806540489197, 0.7092030048370361
28, 18, 1, 6.099135799999999, 47192, 0.7452772855758667, 0.7401970028877258
28, 9, 1, 5.200877700000007, 47192, 0.6825495958328247, 0.7208378911018372
28, 22, 1, 4.654168700000014, 47192, 0.7393056154251099, 0.6885482668876648
29, 3, 1, 4.52717419999999, 47192, 0.7169349789619446, 0.7233791351318359
29, 19, 1, 4.612145499999997, 47192, 0.6920597553253174, 0.7141788601875305
29, 7, 1, 5.167790400000001, 47192, 0.7890517115592957, 0.6961981058120728
29, 16, 1, 4.478380999999999, 47192, 0.6573253870010376, 0.7244491577148438
29, 17, 1, 5.280396800000005, 47192, 0.9758673906326294, 0.6414440870285034
29, 4, 1, 4.301101899999992, 47192, 0.701969563961029, 0.7269162535667419
29, 6, 1, 5.4049354999999935, 47192, 0.6839788556098938, 0.7230110168457031
29, 1, 1, 5.4778631000000075, 47192, 0.6735961437225342, 0.7317880392074585
29, 20, 1, 6.003961099999998, 47192, 0.7257785797119141, 0.7045425772666931
29, 9, 1, 5.187798100000009, 47192, 0.6943491101264954, 0.7140437960624695
29, 22, 1, 4.635122600000017, 47192, 0.7397761940956116, 0.6903354525566101
29, 18, 1, 6.166245800000013, 47192, 0.7154954075813293, 0.7478587031364441
30, 10, 1, 4.972708299999994, 47192, 0.651755690574646, 0.7413825988769531
30, 1, 1, 5.2005068999999935, 47192, 0.6611760854721069, 0.7369212508201599
30, 4, 1, 4.4021000000000186, 47192, 0.7036581039428711, 0.7265576720237732
30, 23, 1, 4.357889899999996, 47192, 0.5397982001304626, 0.8006812930107117
30, 6, 1, 5.288873000000024, 47192, 0.7093770503997803, 0.7149938941001892
30, 13, 1, 4.886171100000013, 47192, 0.6551708579063416, 0.7663148045539856
30, 12, 1, 4.31742939999998, 47192, 0.5606325268745422, 0.7909915447235107
30, 17, 1, 5.50756819999998, 47192, 0.9650797247886658, 0.6415833830833435
30, 15, 1, 5.622524599999991, 47192, 0.7689651846885681, 0.7136797308921814
30, 18, 1, 6.160383400000001, 47192, 0.7374261617660522, 0.7411178350448608
30, 9, 1, 5.307935900000018, 47192, 0.6808921098709106, 0.7218621969223022
30, 22, 1, 4.507789200000019, 47192, 0.7343973517417908, 0.6908395290374756
31, 4, 1, 4.324659800000006, 47192, 0.6910631060600281, 0.7305743098258972
31, 19, 1, 4.717324700000006, 47192, 0.7071117162704468, 0.7110965251922607
31, 7, 1, 5.0225598000000105, 47192, 0.7768970727920532, 0.7019616961479187
31, 6, 1, 5.127537999999987, 47192, 0.6784598231315613, 0.7231742143630981
31, 1, 1, 5.263625800000014, 47192, 0.6665229201316833, 0.7345752120018005
31, 17, 1, 5.261449400000004, 47192, 0.9637917876243591, 0.6437726616859436
31, 3, 1, 4.553948800000001, 47192, 0.7177057266235352, 0.7238473296165466
31, 15, 1, 5.475192800000002, 47192, 0.7714713215827942, 0.712131917476654
31, 20, 1, 5.846176400000019, 47192, 0.7104945778846741, 0.7120500206947327
31, 9, 1, 5.104620400000016, 47192, 0.6838340163230896, 0.723513662815094
31, 18, 1, 6.1481846000000075, 47192, 0.7159221172332764, 0.748084545135498
31, 22, 1, 4.534619900000024, 47192, 0.7278327941894531, 0.6932453513145447
32, 6, 1, 5.142326200000014, 47192, 0.6770541667938232, 0.7249897718429565
32, 17, 1, 5.3343017999999915, 47192, 0.9423938393592834, 0.6471560001373291
32, 13, 1, 4.901753299999996, 47192, 0.6409449577331543, 0.7680851817131042
32, 23, 1, 4.270044999999996, 47192, 0.5299952030181885, 0.8029605150222778
32, 10, 1, 4.960411100000002, 47192, 0.6490256786346436, 0.7403284907341003
32, 19, 1, 4.705829800000004, 47192, 0.7224043607711792, 0.705634355545044
32, 12, 1, 4.247980900000016, 47192, 0.5374419093132019, 0.797492504119873
32, 15, 1, 5.553162299999997, 47192, 0.7604408860206604, 0.7164695262908936
32, 4, 1, 4.396242199999989, 47192, 0.6804787516593933, 0.7334433197975159
32, 18, 1, 6.222262199999989, 47192, 0.7140018343925476, 0.7493007183074951
32, 9, 1, 5.087293399999993, 47192, 0.6664429306983948, 0.7314574718475342
32, 22, 1, 4.612563399999999, 47192, 0.7310497164726257, 0.6914581656455994
33, 19, 1, 4.539202499999988, 47192, 0.6910763382911682, 0.7138388752937317
33, 7, 1, 5.093991599999995, 47192, 0.7532765865325928, 0.7088367938995361
33, 1, 1, 5.319118500000002, 47192, 0.6648878455162048, 0.7350764870643616
33, 16, 1, 4.487769999999998, 47192, 0.6395705938339233, 0.7316288352012634
33, 6, 1, 5.034023100000013, 47192, 0.6625640392303467, 0.7282741665840149
33, 3, 1, 4.622010799999998, 47192, 0.710817277431488, 0.7245385050773621
33, 4, 1, 4.423110699999995, 47192, 0.66618412733078, 0.7396356463432312
33, 20, 1, 5.672007000000008, 47192, 0.7078339457511902, 0.7112340331077576
33, 18, 1, 6.229254300000008, 47192, 0.6849678754806519, 0.7589777708053589
33, 22, 1, 4.577503199999995, 47192, 0.7257104516029358, 0.6933140754699707
33, 17, 1, 5.422372999999993, 47192, 0.9491993188858032, 0.6474545001983643
33, 9, 1, 5.11154049999999, 47192, 0.6659061312675476, 0.7320219278335571
34, 10, 1, 4.987337400000001, 47192, 0.6536543369293213, 0.7386418581008911
34, 17, 1, 5.325837199999995, 47192, 0.9361677169799805, 0.6516936421394348
34, 6, 1, 5.154212999999999, 47192, 0.6722408533096313, 0.7281109690666199
34, 19, 1, 4.505184200000002, 47192, 0.6885731220245361, 0.7156293988227844
34, 23, 1, 4.130004799999995, 47192, 0.5348848700523376, 0.8009508848190308
34, 12, 1, 4.26818990000001, 47192, 0.5421440601348877, 0.7962216138839722
34, 4, 1, 4.536915899999997, 47192, 0.6716241836547852, 0.7378425002098083
34, 15, 1, 5.608958600000022, 47192, 0.756600022315979, 0.7162020206451416
34, 13, 1, 4.631983100000014, 47192, 0.6426491141319275, 0.7720462679862976
34, 18, 1, 6.271356199999985, 47192, 0.7038106918334961, 0.7548081278800964
34, 9, 1, 5.065950100000009, 47192, 0.6597933769226074, 0.7363073825836182
34, 22, 1, 4.610906800000009, 47192, 0.7110121250152588, 0.6997754573822021
35, 16, 1, 4.496422099999997, 47192, 0.6291660070419312, 0.733496904373169
35, 6, 1, 5.176467799999983, 47192, 0.6377454996109009, 0.7391473054885864
35, 1, 1, 5.170802900000012, 47192, 0.6606430411338806, 0.7396883964538574
35, 19, 1, 4.729443000000003, 47192, 0.6966497898101807, 0.7133629322052002
35, 3, 1, 4.782596100000006, 47192, 0.695920467376709, 0.7283509969711304
35, 4, 1, 4.436189499999983, 47192, 0.6504323482513428, 0.7441782355308533
35, 17, 1, 5.258814900000004, 47192, 0.9039204716682434, 0.6582414507865906
35, 7, 1, 5.0823019999999985, 47192, 0.7288292646408081, 0.7138593196868896
35, 20, 1, 5.882807100000008, 47192, 0.6847500205039978, 0.7243449091911316
35, 18, 1, 6.021653100000037, 47192, 0.6871075630187988, 0.760089635848999
35, 9, 1, 5.189853899999974, 47192, 0.6633461117744446, 0.732105553150177
35, 22, 1, 4.611866499999991, 47192, 0.7116247415542603, 0.6982861161231995
36, 23, 1, 4.371370200000001, 47192, 0.5224449634552002, 0.8048720955848694
36, 19, 1, 4.761272099999985, 47192, 0.6787394285202026, 0.7185757756233215
36, 6, 1, 5.139257700000002, 47192, 0.641021728515625, 0.7370461225509644
36, 17, 1, 5.360435999999993, 47192, 0.9134759902954102, 0.6551964282989502
36, 10, 1, 4.823878700000009, 47192, 0.6211174130439758, 0.7473067045211792
36, 15, 1, 5.507750899999991, 47192, 0.7373483777046204, 0.7226988673210144
36, 13, 1, 4.781310100000013, 47192, 0.6254479289054871, 0.7792161703109741
36, 12, 1, 4.2509298999999885, 47192, 0.5613656640052795, 0.7911626100540161
36, 4, 1, 4.374969700000008, 47192, 0.6514315605163574, 0.7444412708282471
36, 18, 1, 6.306238500000006, 47192, 0.6801303625106812, 0.7632342576980591
36, 9, 1, 5.297269, 47192, 0.6431166529655457, 0.7441466450691223
36, 22, 1, 4.674803300000008, 47192, 0.7072855830192566, 0.6984923481941223
37, 3, 1, 4.592149500000005, 47192, 0.6933281421661377, 0.7297110557556152
37, 16, 1, 4.627123999999995, 47192, 0.6140292882919312, 0.7389660477638245
37, 7, 1, 5.147844200000009, 47192, 0.7232030034065247, 0.7148061990737915
37, 19, 1, 4.565754499999997, 47192, 0.6715885400772095, 0.7246498465538025
37, 1, 1, 5.269114599999995, 47192, 0.6364134550094604, 0.7476288676261902
37, 4, 1, 4.3370993000000055, 47192, 0.6451253294944763, 0.7469277381896973
37, 6, 1, 5.190294100000017, 47192, 0.6494899392127991, 0.7368624806404114
37, 17, 1, 5.404000600000018, 47192, 0.9214964509010315, 0.6522708535194397
37, 20, 1, 5.874657600000006, 47192, 0.691938579082489, 0.72459876537323
37, 18, 1, 6.244476500000019, 47192, 0.658193051815033, 0.7694191932678223
37, 9, 1, 5.247684199999981, 47192, 0.6355478167533875, 0.7469478845596313
37, 22, 1, 4.6331136000000015, 47192, 0.7000064849853516, 0.704403817653656
38, 13, 1, 4.6812386, 47192, 0.6178227066993713, 0.7819159626960754
38, 19, 1, 4.711885800000005, 47192, 0.66892009973526, 0.7231086492538452
38, 10, 1, 4.988028799999995, 47192, 0.6031953692436218, 0.7531465291976929
38, 17, 1, 5.283039899999977, 47192, 0.8844154477119446, 0.6637742519378662
38, 6, 1, 5.174708199999998, 47192, 0.6234508752822876, 0.7437576651573181
38, 4, 1, 4.291094100000009, 47192, 0.6395291090011597, 0.7480514645576477
38, 12, 1, 4.2038756999999976, 47192, 0.5246182084083557, 0.80230712890625
38, 15, 1, 5.661940600000008, 47192, 0.7298593521118164, 0.7261001467704773
38, 23, 1, 4.1861292000000105, 47192, 0.5252729058265686, 0.8053622245788574
38, 18, 1, 6.107548699999995, 47192, 0.6484776139259338, 0.773797333240509
38, 9, 1, 5.062909999999988, 47192, 0.6299086809158325, 0.7491220235824585
38, 22, 1, 4.636068099999989, 47192, 0.6833770871162415, 0.7122857570648193
39, 16, 1, 4.625706000000008, 47192, 0.6066790819168091, 0.7411941885948181
39, 3, 1, 4.7223941999999965, 47192, 0.6785345673561096, 0.7337019443511963
39, 1, 1, 5.099531000000013, 47192, 0.6351383328437805, 0.7483908534049988
39, 7, 1, 5.163394100000005, 47192, 0.7123991250991821, 0.7192935347557068
39, 6, 1, 5.094815699999998, 47192, 0.6270009875297546, 0.7438596487045288
39, 19, 1, 4.68889200000001, 47192, 0.6608567833900452, 0.7293866872787476
39, 4, 1, 4.486411599999997, 47192, 0.6406697034835815, 0.7482427358627319
39, 11, 1, 4.497875999999991, 47192, 0.6300488114356995, 0.7396678924560547
39, 17, 1, 5.402305300000023, 47192, 0.8691009283065796, 0.6673566102981567
39, 20, 1, 5.767800399999999, 47192, 0.6896101832389832, 0.7248163819313049
39, 9, 1, 5.0492524, 47192, 0.6321041584014893, 0.7469478845596313
39, 22, 1, 4.650044199999996, 47192, 0.690565288066864, 0.7073824405670166
40, 23, 1, 4.263390100000009, 47192, 0.52547687292099, 0.8057543635368347
40, 12, 1, 4.189362999999986, 47192, 0.5531291365623474, 0.7941442728042603
40, 4, 1, 4.367635800000016, 47192, 0.6225108504295349, 0.7570888996124268
40, 13, 1, 4.804323499999981, 47192, 0.6168907284736633, 0.783022403717041
40, 10, 1, 4.896563200000003, 47192, 0.6223995685577393, 0.7458520531654358
40, 17, 1, 5.304429299999981, 47192, 0.8629323244094849, 0.6655455231666565
40, 15, 1, 5.474787499999991, 47192, 0.7370718121528625, 0.7231383919715881
40, 6, 1, 5.126576700000015, 47192, 0.6242894530296326, 0.7450836300849915
40, 19, 1, 4.7126035, 47192, 0.6592089533805847, 0.7293640375137329
40, 18, 1, 6.183547999999973, 47192, 0.6589533686637878, 0.7716951370239258
40, 9, 1, 5.072708599999999, 47192, 0.631091296672821, 0.7461744546890259
40, 22, 1, 4.610782099999994, 47192, 0.6963175535202026, 0.7052286863327026
41, 3, 1, 4.873322999999999, 47192, 0.6712355613708496, 0.7360875606536865
41, 16, 1, 4.733684499999995, 47192, 0.6110183000564575, 0.7412842512130737
41, 7, 1, 5.291385199999979, 47192, 0.7015292644500732, 0.7245219349861145
41, 19, 1, 4.778198900000007, 47192, 0.6575120091438293, 0.7298399806022644
41, 11, 1, 4.605910800000004, 47192, 0.6236683130264282, 0.7445465922355652
41, 4, 1, 4.346512600000011, 47192, 0.6098049879074097, 0.7586907744407654
41, 1, 1, 5.480511699999994, 47192, 0.6211993098258972, 0.7566922903060913
41, 17, 1, 5.661686799999984, 47192, 0.8965370059013367, 0.6640727519989014
41, 6, 1, 5.493008300000014, 47192, 0.6090899705886841, 0.7493472099304199
41, 20, 1, 6.156000900000009, 47192, 0.6602760553359985, 0.7367666959762573
41, 9, 1, 5.3800310999999965, 47192, 0.6215494275093079, 0.7499790787696838
41, 22, 1, 4.789195199999995, 47192, 0.6847383379936218, 0.7126752734184265
42, 12, 1, 4.293324299999995, 47192, 0.5181763768196106, 0.8063152432441711
42, 3, 1, 4.728544499999998, 47192, 0.6726882457733154, 0.736778736114502
42, 13, 1, 5.041095499999983, 47192, 0.6056166291236877, 0.787337601184845
42, 6, 1, 5.224459700000011, 47192, 0.6101779937744141, 0.7514687776565552
42, 10, 1, 5.139145599999992, 47192, 0.6098850965499878, 0.7478759288787842
42, 17, 1, 5.284544100000005, 47192, 0.8453497290611267, 0.6719539761543274
42, 4, 1, 4.3099301000000025, 47192, 0.6108026504516602, 0.7590733170509338
42, 23, 1, 4.259593899999999, 47192, 0.5152167677879333, 0.8092588782310486
42, 15, 1, 5.747662199999979, 47192, 0.7113444209098816, 0.7330747246742249
42, 18, 1, 6.261977700000045, 47192, 0.6500526666641235, 0.7744575142860413
42, 9, 1, 5.041471799999982, 47192, 0.6106203198432922, 0.7538046836853027
42, 22, 1, 4.541028000000011, 47192, 0.6745397448539734, 0.7174869179725647
43, 7, 1, 5.14812520000001, 47192, 0.6817510724067688, 0.7306560277938843
43, 4, 1, 4.4126148, 47192, 0.6011114716529846, 0.7626835107803345
43, 11, 1, 4.449634599999996, 47192, 0.6103255152702332, 0.7448046207427979
43, 16, 1, 4.632839399999995, 47192, 0.590802013874054, 0.7505345344543457
43, 3, 1, 4.596183499999995, 47192, 0.6632703542709351, 0.736689567565918
43, 1, 1, 5.129218000000009, 47192, 0.6138312816619873, 0.7602414488792419
43, 6, 1, 5.241047399999985, 47192, 0.6021036505699158, 0.752733588218689
43, 20, 1, 5.842663700000003, 47192, 0.6671786308288574, 0.7342641949653625
43, 9, 1, 5.0769003000000055, 47192, 0.6132000088691711, 0.7546408772468567
43, 18, 1, 6.087221499999998, 47192, 0.6428890228271484, 0.7740752696990967
43, 22, 1, 4.468903299999994, 47192, 0.6705347895622253, 0.7189991474151611
43, 17, 1, 5.543265599999984, 47192, 0.863193929195404, 0.669645369052887
44, 10, 1, 4.919770799999981, 47192, 0.593690037727356, 0.7567305564880371
44, 6, 1, 5.338790700000004, 47192, 0.5963482856750488, 0.755936324596405
44, 17, 1, 5.473768199999995, 47192, 0.8615708351135254, 0.6706603765487671
44, 12, 1, 4.069862499999999, 47192, 0.5074333548545837, 0.8092235326766968
44, 13, 1, 4.978818000000018, 47192, 0.5849173665046692, 0.7957910299301147
44, 23, 1, 4.172502199999997, 47192, 0.5034013390541077, 0.8122733235359192
44, 1, 1, 5.437195099999997, 47192, 0.6118599772453308, 0.7616651058197021
44, 4, 1, 4.273523900000015, 47192, 0.6057315468788147, 0.7608425617218018
44, 15, 1, 5.5940711999999735, 47192, 0.7147232294082642, 0.732348620891571
44, 18, 1, 6.3575223999999935, 47192, 0.6404885053634644, 0.778835654258728
44, 9, 1, 5.1533930000000225, 47192, 0.6039717197418213, 0.7573793530464172
44, 22, 1, 4.81883289999999, 47192, 0.6652223467826843, 0.7231234312057495
45, 3, 1, 4.670854300000002, 47192, 0.6669394373893738, 0.736711859703064
45, 7, 1, 5.150672700000001, 47192, 0.6857637763023376, 0.7330437898635864
45, 4, 1, 4.572358100000002, 47192, 0.5956736207008362, 0.7655764222145081
45, 16, 1, 4.604788299999996, 47192, 0.5900867581367493, 0.7513672709465027
45, 6, 1, 5.263950900000026, 47192, 0.5773419737815857, 0.7625051140785217
45, 2, 1, 5.254578999999993, 47192, 0.6024666428565979, 0.7577235102653503
45, 1, 1, 5.312142399999999, 47192, 0.607078492641449, 0.7642918825149536
45, 17, 1, 5.32108629999999, 47192, 0.8890699148178101, 0.6611670851707458
45, 9, 1, 5.079783700000007, 47192, 0.60347580909729, 0.7578601837158203
45, 20, 1, 6.046661200000017, 47192, 0.6505302786827087, 0.7419348955154419
45, 18, 1, 6.206567300000017, 47192, 0.613621711730957, 0.781511127948761
45, 22, 1, 4.719910400000003, 47192, 0.6620323657989502, 0.7234442234039307
46, 23, 1, 4.260078700000008, 47192, 0.5002285838127136, 0.8133516311645508
46, 13, 1, 4.699113100000005, 47192, 0.5959049463272095, 0.7894620299339294
46, 10, 1, 4.87490440000002, 47192, 0.589012086391449, 0.7555288672447205
46, 2, 1, 5.253869699999996, 47192, 0.6013225317001343, 0.7560648918151855
46, 1, 1, 5.3485364999999945, 47192, 0.5939708948135376, 0.7694451808929443
46, 17, 1, 5.38659530000001, 47192, 0.8060635328292847, 0.6871790885925293
46, 15, 1, 5.588899499999997, 47192, 0.7077925205230713, 0.7367053031921387
46, 4, 1, 4.397381800000005, 47192, 0.5897159576416016, 0.7684215307235718
46, 12, 1, 4.249220100000002, 47192, 0.5084834694862366, 0.8115453124046326
46, 18, 1, 6.147774900000002, 47192, 0.6389894485473633, 0.7781059145927429
46, 9, 1, 5.264074599999958, 47192, 0.6043599247932434, 0.7551425695419312
46, 22, 1, 4.665767899999992, 47192, 0.6697170734405518, 0.7189991474151611
47, 3, 1, 4.658107999999999, 47192, 0.6712399125099182, 0.7353963851928711
47, 16, 1, 4.644483600000001, 47192, 0.5909064412117004, 0.7522675395011902
47, 1, 1, 4.898847199999977, 47192, 0.598167359828949, 0.7682420611381531
47, 7, 1, 4.88836839999999, 47192, 0.6532815098762512, 0.7444885969161987
47, 17, 1, 5.3779243999999835, 47192, 0.8096907138824463, 0.6868208646774292
47, 19, 1, 4.772767200000004, 47192, 0.6233428120613098, 0.7449344992637634
47, 4, 1, 4.488836499999991, 47192, 0.6004599928855896, 0.7624922394752502
47, 6, 1, 5.351711599999987, 47192, 0.5841003060340881, 0.7630354762077332
47, 20, 1, 6.01812510000002, 47192, 0.6472942233085632, 0.7432586550712585
47, 18, 1, 6.19056999999998, 47192, 0.6013250946998596, 0.7845862507820129
47, 9, 1, 5.180002800000011, 47192, 0.6023293733596802, 0.7575884461402893
47, 22, 1, 4.739656200000013, 47192, 0.6694458723068237, 0.7189304232597351
48, 12, 1, 4.168932999999981, 47192, 0.5246885418891907, 0.805875301361084
48, 4, 1, 4.326302200000015, 47192, 0.5897178649902344, 0.7671304941177368
48, 10, 1, 4.928808500000002, 47192, 0.5971075892448425, 0.7506588101387024
48, 1, 1, 5.2993469000000175, 47192, 0.5899800062179565, 0.7724328637123108
48, 13, 1, 4.7281672000000015, 47192, 0.592464029788971, 0.7912102341651917
48, 6, 1, 5.180030400000021, 47192, 0.5659794211387634, 0.7669726610183716
48, 17, 1, 5.568084699999986, 47192, 0.822981059551239, 0.6799944043159485
48, 23, 1, 4.210828399999997, 47192, 0.5010557770729065, 0.813474178314209
48, 15, 1, 5.479698799999966, 47192, 0.7042859792709351, 0.735482394695282
48, 18, 1, 6.362182099999984, 47192, 0.6105369925498962, 0.7855939269065857
48, 9, 1, 5.355513199999962, 47192, 0.5947481393814087, 0.7580274343490601
48, 22, 1, 4.738363499999991, 47192, 0.6602975726127625, 0.7236046195030212
49, 16, 1, 4.649904800000002, 47192, 0.5793433785438538, 0.756588876247406
49, 4, 1, 4.555353299999979, 47192, 0.5704777836799622, 0.7734901905059814
49, 3, 1, 4.6464909999999975, 47192, 0.654593825340271, 0.7394542098045349
49, 19, 1, 4.6551172000000065, 47192, 0.6332037448883057, 0.7406282424926758
49, 17, 1, 5.487963100000002, 47192, 0.7867014408111572, 0.6916371583938599
49, 6, 1, 5.3272848000000295, 47192, 0.5812981128692627, 0.7658506631851196
49, 7, 1, 5.109763500000014, 47192, 0.6507046818733215, 0.7448179125785828
49, 18, 1, 6.115421599999991, 47192, 0.5989320874214172, 0.7855939269065857
49, 20, 1, 6.016588299999967, 47192, 0.6551910638809204, 0.7410826086997986
49, 9, 1, 5.1388961999999765, 47192, 0.595106303691864, 0.7617484927177429
49, 22, 1, 4.6621662000000015, 47192, 0.6534947156906128, 0.7271331548690796
49, 8, 1, 4.852926599999996, 47192, 0.5646408200263977, 0.7638487815856934
50, 4, 1, 4.430521699999986, 47192, 0.579513430595398, 0.7704538106918335
50, 16, 1, 4.527490499999999, 47192, 0.5820737481117249, 0.7550134062767029
50, 23, 1, 4.37337269999999, 47192, 0.48807671666145325, 0.8173463344573975
50, 13, 1, 4.752722900000009, 47192, 0.5638860464096069, 0.801057755947113
50, 10, 1, 5.029188599999998, 47192, 0.5941818356513977, 0.7513756155967712
50, 12, 1, 4.285657799999996, 47192, 0.5144626498222351, 0.8124006986618042
50, 17, 1, 5.238642099999993, 47192, 0.8032578825950623, 0.6855869293212891
50, 1, 1, 5.169397599999996, 47192, 0.5865169763565063, 0.7713300585746765
50, 6, 1, 5.171901199999979, 47192, 0.5745018720626831, 0.7672174572944641
50, 15, 1, 5.75311240000002, 47192, 0.6924960017204285, 0.7406607866287231
50, 18, 1, 6.071398799999997, 47192, 0.5785872340202332, 0.7932208776473999
50, 9, 1, 5.222015399999975, 47192, 0.5993391275405884, 0.7586545944213867
51, 4, 1, 4.219680800000049, 47192, 0.5733266472816467, 0.7720078229904175
51, 16, 1, 4.689807500000001, 47192, 0.574421763420105, 0.7581643462181091
51, 3, 1, 4.755247199999985, 47192, 0.6522872447967529, 0.7414162158966064
51, 17, 1, 5.199055899999962, 47192, 0.8463131189346313, 0.676829993724823
51, 19, 1, 4.6497242000000085, 47192, 0.6323698163032532, 0.7408775687217712
51, 7, 1, 5.2336468000000025, 47192, 0.6416602730751038, 0.7489553689956665
51, 6, 1, 5.1733365999999705, 47192, 0.5547964572906494, 0.7718074321746826
51, 20, 1, 5.849120200000016, 47192, 0.6475160121917725, 0.7449269890785217
51, 9, 1, 5.110633800000016, 47192, 0.5898687243461609, 0.7629400491714478
51, 18, 1, 6.196488699999975, 47192, 0.5940276384353638, 0.787991464138031
51, 22, 1, 4.562639500000046, 47192, 0.6581025719642639, 0.7242003679275513
51, 15, 1, 5.686843199999998, 47192, 0.6895265579223633, 0.7428008913993835
52, 12, 1, 4.307935200000003, 47192, 0.5025301575660706, 0.8154312372207642
52, 4, 1, 4.372101699999973, 47192, 0.5644806027412415, 0.776383101940155
52, 13, 1, 4.608310299999999, 47192, 0.5574785470962524, 0.8029830455780029
52, 2, 1, 5.077164400000001, 47192, 0.5774150490760803, 0.7701530456542969
52, 6, 1, 5.123554000000013, 47192, 0.5685214996337891, 0.7701142430305481
52, 1, 1, 5.174246699999998, 47192, 0.5936610698699951, 0.7714303135871887
52, 17, 1, 5.3350205000000415, 47192, 0.7745920419692993, 0.6957966685295105
52, 15, 1, 5.4839542999999935, 47192, 0.6775422096252441, 0.7458582520484924
52, 7, 1, 4.973763099999985, 47192, 0.6124401092529297, 0.7577653527259827
52, 18, 1, 6.081056600000011, 47192, 0.596839964389801, 0.7881652116775513
52, 9, 1, 5.240197999999964, 47192, 0.5882070660591125, 0.761288583278656
52, 22, 1, 4.7250177000000235, 47192, 0.65217125415802, 0.7297910451889038
53, 4, 1, 4.475723300000027, 47192, 0.5668440461158752, 0.773848831653595
53, 13, 1, 4.740874999999988, 47192, 0.5498284697532654, 0.8056827783584595
53, 3, 1, 4.736733099999981, 47192, 0.6567459106445312, 0.7357754111289978
53, 17, 1, 5.242789700000003, 47192, 0.7810990214347839, 0.6952394247055054
53, 1, 1, 5.157745299999988, 47192, 0.5816161036491394, 0.7746185064315796
53, 16, 1, 4.659468500000017, 47192, 0.5675427913665771, 0.7615853548049927
53, 11, 1, 4.490494299999995, 47192, 0.5825433731079102, 0.7639442682266235
53, 20, 1, 5.853682800000001, 47192, 0.6351190805435181, 0.749025285243988
53, 6, 1, 5.224964699999987, 47192, 0.5608839392662048, 0.771685004234314
53, 18, 1, 6.105465700000025, 47192, 0.577648937702179, 0.7902500033378601
53, 22, 1, 4.619767899999999, 47192, 0.6462473273277283, 0.7319677472114563
53, 9, 1, 4.97559769999998, 47192, 0.5866615772247314, 0.7623128890991211
54, 7, 1, 4.814451199999979, 47192, 0.6164105534553528, 0.7570655345916748
54, 13, 1, 4.611995700000023, 47192, 0.5470567345619202, 0.8072761297225952
54, 1, 1, 5.1743232000000035, 47192, 0.5856743454933167, 0.7756211161613464
54, 17, 1, 5.267234499999972, 47192, 0.7758523225784302, 0.6990606188774109
54, 6, 1, 5.103248399999984, 47192, 0.5652284622192383, 0.7714402079582214
54, 4, 1, 4.261715000000038, 47192, 0.5663130283355713, 0.7750203013420105
54, 2, 1, 5.1306081999999975, 47192, 0.5565088987350464, 0.7796450853347778
54, 3, 1, 4.6810799000000145, 47192, 0.6475048661231995, 0.7400338649749756
54, 15, 1, 5.52758080000001, 47192, 0.6902069449424744, 0.7402212619781494
54, 18, 1, 6.077476999999988, 47192, 0.5808955430984497, 0.7920221090316772
54, 9, 1, 5.188493400000027, 47192, 0.577953040599823, 0.7667655944824219
54, 22, 1, 4.5474823999999785, 47192, 0.6510111689567566, 0.7306159138679504
55, 3, 1, 4.731820499999998, 47192, 0.6440339684486389, 0.740725040435791
55, 13, 1, 4.908746500000007, 47192, 0.5460671186447144, 0.8072539567947388
55, 6, 1, 5.1068895000000225, 47192, 0.5453537702560425, 0.7767441868782043
55, 10, 1, 4.913000100000005, 47192, 0.5687012672424316, 0.7601248025894165
55, 4, 1, 4.4889270000000465, 47192, 0.5581769347190857, 0.7786783576011658
55, 16, 1, 4.643636999999984, 47192, 0.5591509342193604, 0.7648038268089294
55, 17, 1, 5.308606499999996, 47192, 0.767504096031189, 0.699180006980896
55, 1, 1, 5.511350499999992, 47192, 0.5737558007240295, 0.7789697647094727
55, 15, 1, 5.729143899999997, 47192, 0.6668376922607422, 0.7488774061203003
55, 18, 1, 6.222104600000023, 47192, 0.5740944743156433, 0.793811559677124
55, 9, 1, 5.353842600000007, 47192, 0.5790126919746399, 0.7649468779563904
55, 22, 1, 4.648285299999998, 47192, 0.6387056112289429, 0.7349922060966492
56, 2, 1, 4.916315900000001, 47192, 0.5609757900238037, 0.7797849774360657
56, 7, 1, 4.827436699999993, 47192, 0.6088812351226807, 0.7614911198616028
56, 4, 1, 4.476007900000013, 47192, 0.5625567436218262, 0.7752833366394043
56, 3, 1, 4.373958299999998, 47192, 0.6440150141716003, 0.7409480214118958
56, 1, 1, 5.179570699999999, 47192, 0.5748788118362427, 0.778428316116333
56, 13, 1, 4.932972300000017, 47192, 0.5399654507637024, 0.8090685606002808
56, 17, 1, 5.237557999999979, 47192, 0.7478243708610535, 0.7039167284965515
56, 15, 1, 5.506340499999965, 47192, 0.6812772750854492, 0.7447499632835388
56, 20, 1, 5.795467400000007, 47192, 0.6414381265640259, 0.7482817769050598
56, 9, 1, 5.133756000000005, 47192, 0.5799534916877747, 0.764549732208252
56, 18, 1, 6.053357399999982, 47192, 0.57313472032547, 0.7940895557403564
56, 6, 1, 5.223555400000009, 47192, 0.560459315776825, 0.7716442346572876
57, 16, 1, 4.679662500000006, 47192, 0.5739186406135559, 0.7593796849250793
57, 3, 1, 4.858489099999986, 47192, 0.6460778117179871, 0.7412378191947937
57, 13, 1, 4.879967700000009, 47192, 0.545025110244751, 0.8086038827896118
57, 4, 1, 4.551315999999986, 47192, 0.5656262040138245, 0.7747095227241516
57, 6, 1, 5.385879100000011, 47192, 0.5511497259140015, 0.7757241725921631
57, 17, 1, 5.505829000000006, 47192, 0.7414370775222778, 0.7063049674034119
57, 1, 1, 5.392174899999986, 47192, 0.5701573491096497, 0.7791301608085632
57, 7, 1, 5.38732730000001, 47192, 0.6008760333061218, 0.7624791860580444
57, 15, 1, 5.928793600000006, 47192, 0.6693639755249023, 0.7508646845817566
57, 9, 1, 5.2742840999999885, 47192, 0.5740105509757996, 0.7674136757850647
57, 18, 1, 6.356086799999957, 47192, 0.5747009515762329, 0.7946802377700806
57, 22, 1, 4.804575600000021, 47192, 0.6290906071662903, 0.7389332056045532
58, 4, 1, 4.230248800000027, 47192, 0.5627614259719849, 0.7751398682594299
58, 10, 1, 4.925914599999999, 47192, 0.5599679350852966, 0.7632238864898682
58, 2, 1, 5.116626600000004, 47192, 0.5551382899284363, 0.7832421064376831
58, 17, 1, 5.152979899999991, 47192, 0.7812224626541138, 0.6973888278007507
58, 7, 1, 4.81686049999999, 47192, 0.6223346590995789, 0.7596385478973389
58, 6, 1, 5.024744400000031, 47192, 0.555279552936554, 0.7743369936943054
58, 13, 1, 4.567561600000005, 47192, 0.5295968651771545, 0.8117904663085938
58, 3, 1, 4.59357829999999, 47192, 0.6437926888465881, 0.740591287612915
58, 1, 1, 5.312410799999981, 47192, 0.5710926651954651, 0.7808545827865601
58, 15, 1, 5.61835549999995, 47192, 0.6562535166740417, 0.7547819018363953
58, 18, 1, 6.14774460000001, 47192, 0.5899898409843445, 0.7901979088783264
58, 9, 1, 5.076820600000019, 47192, 0.5747565031051636, 0.7676644921302795
59, 4, 1, 4.277101000000016, 47192, 0.5504574179649353, 0.7802084684371948
59, 16, 1, 4.692420999999996, 47192, 0.5604366064071655, 0.766086757183075
59, 17, 1, 5.252400599999987, 47192, 0.7828099727630615, 0.6940453052520752
59, 3, 1, 4.68246289999999, 47192, 0.6446889042854309, 0.7418844103813171
59, 1, 1, 5.269728699999973, 47192, 0.564658522605896, 0.7818772196769714
59, 7, 1, 5.1852044000000035, 47192, 0.6158627271652222, 0.7587328553199768
59, 6, 1, 5.14971810000003, 47192, 0.5466886758804321, 0.774908185005188
59, 13, 1, 4.995365600000014, 47192, 0.527485191822052, 0.8114585280418396
59, 15, 1, 5.5770392000000015, 47192, 0.6668769121170044, 0.7505780458450317
59, 20, 1, 5.927497399999993, 47192, 0.6323853731155396, 0.7505485415458679
59, 9, 1, 5.0785187999999835, 47192, 0.5749783515930176, 0.7658249139785767
59, 22, 1, 4.552714900000012, 47192, 0.628745436668396, 0.7387040853500366
60, 4, 1, 4.4016244999999685, 47192, 0.552951991558075, 0.7779849767684937
60, 7, 1, 5.132199999999983, 47192, 0.6126402616500854, 0.7606677412986755
60, 17, 1, 5.1004504, 47192, 0.7271708250045776, 0.7136687636375427
60, 1, 1, 5.228251499999999, 47192, 0.5602371096611023, 0.7827795743942261
60, 3, 1, 4.735516000000018, 47192, 0.639625608921051, 0.7436234951019287
60, 13, 1, 4.891906699999993, 47192, 0.5304171442985535, 0.8132510185241699
60, 6, 1, 4.95849579999998, 47192, 0.5355316400527954, 0.7795593738555908
60, 2, 1, 5.225093999999999, 47192, 0.5316036343574524, 0.7928739786148071
60, 15, 1, 5.54063960000002, 47192, 0.6534882187843323, 0.7549156546592712
60, 9, 1, 5.043535800000029, 47192, 0.5712209343910217, 0.7700267434120178
60, 18, 1, 6.034910599999989, 47192, 0.6016982793807983, 0.7841171622276306
60, 22, 1, 4.637223100000028, 47192, 0.6369309425354004, 0.7382228970527649
61, 15, 1, 5.380345399999953, 47192, 0.6580882668495178, 0.7543233036994934
61, 17, 1, 5.284368200000017, 47192, 0.7384074926376343, 0.7088723182678223
61, 6, 1, 5.071481799999958, 47192, 0.5340633392333984, 0.7805589437484741
61, 4, 1, 4.381444200000033, 47192, 0.5491644144058228, 0.7824558615684509
61, 13, 1, 4.698438299999964, 47192, 0.5238550901412964, 0.8143574595451355
61, 3, 1, 4.818359799999996, 47192, 0.6388025283813477, 0.7442254424095154
61, 1, 1, 5.344323900000006, 47192, 0.5643323659896851, 0.7823985815048218
61, 16, 1, 4.664812499999982, 47192, 0.5564422607421875, 0.7662892937660217
61, 7, 1, 5.246124600000002, 47192, 0.6173715591430664, 0.7604413032531738
61, 9, 1, 4.983485400000006, 47192, 0.569949746131897, 0.7688561081886292
61, 20, 1, 5.927435300000013, 47192, 0.6219151020050049, 0.7562788724899292
61, 22, 1, 4.457862499999976, 47192, 0.6309096217155457, 0.7405141592025757
62, 13, 1, 4.764708100000007, 47192, 0.5272603631019592, 0.8156409859657288
62, 7, 1, 4.863709499999999, 47192, 0.6131145358085632, 0.7621292471885681
62, 1, 1, 4.982546200000002, 47192, 0.553109347820282, 0.7864289879798889
62, 6, 1, 4.919489800000008, 47192, 0.5445377230644226, 0.7759894132614136
62, 3, 1, 4.719557900000041, 47192, 0.6338783502578735, 0.7450726628303528
62, 17, 1, 5.065408399999967, 47192, 0.7037243247032166, 0.7181666493415833
62, 10, 1, 4.758213100000006, 47192, 0.5644688010215759, 0.7652056813240051
62, 4, 1, 4.233902199999989, 47192, 0.5444691181182861, 0.7831253409385681
62, 15, 1, 5.527332000000001, 47192, 0.6374107003211975, 0.7612596154212952
62, 9, 1, 5.056441899999982, 47192, 0.5729941725730896, 0.7683125734329224
62, 18, 1, 5.972460100000035, 47192, 0.5583208799362183, 0.7985371351242065
62, 22, 1, 4.508621900000037, 47192, 0.6397397518157959, 0.7366419434547424
63, 3, 1, 4.571984799999996, 47192, 0.6331831812858582, 0.7461428642272949
63, 16, 1, 4.59518030000001, 47192, 0.5546876788139343, 0.7695527672767639
63, 7, 1, 4.917295899999999, 47192, 0.5813402533531189, 0.7715567946434021
63, 6, 1, 5.02759309999999, 47192, 0.5395389795303345, 0.7804569602012634
63, 17, 1, 5.200604599999963, 47192, 0.7367234230041504, 0.706882119178772
63, 15, 1, 5.262378699999999, 47192, 0.6390902996063232, 0.7595589756965637
63, 2, 1, 5.288581399999998, 47192, 0.522817075252533, 0.7936133742332458
63, 4, 1, 4.190816899999959, 47192, 0.5414894223213196, 0.7842490077018738
63, 13, 1, 4.855731999999989, 47192, 0.5229910016059875, 0.8155081868171692
63, 20, 1, 5.734251599999993, 47192, 0.6129083633422852, 0.7592347264289856
63, 9, 1, 5.0487573999999995, 47192, 0.5701717138290405, 0.7699222564697266
63, 22, 1, 4.530303199999992, 47192, 0.6188866496086121, 0.7426679730415344
64, 11, 1, 4.159720399999998, 47192, 0.5635261535644531, 0.7709574699401855
64, 4, 1, 4.266645100000005, 47192, 0.5487154126167297, 0.7807105779647827
64, 16, 1, 4.455442200000022, 47192, 0.5504530668258667, 0.7707006335258484
64, 3, 1, 4.598948500000006, 47192, 0.6422597765922546, 0.7417952418327332
64, 1, 1, 4.987618299999951, 47192, 0.5566918253898621, 0.784644365310669
64, 13, 1, 4.845360500000027, 47192, 0.5222872495651245, 0.8142247200012207
64, 6, 1, 5.006948299999976, 47192, 0.5400486588478088, 0.7793961763381958
64, 17, 1, 5.316737400000022, 47192, 0.7011670470237732, 0.7201568484306335
64, 2, 1, 5.257365499999992, 47192, 0.5307823419570923, 0.7947124242782593
64, 9, 1, 4.805917000000022, 47192, 0.5661279559135437, 0.7700894474983215
64, 15, 1, 5.514097900000024, 47192, 0.6400743722915649, 0.7618328928947449
64, 18, 1, 5.824950399999977, 47192, 0.5649684071540833, 0.7969735264778137
65, 3, 1, 5.396609999999953, 47192, 0.630341649055481, 0.745919942855835
65, 13, 1, 5.722443300000009, 47192, 0.5176587104797363, 0.8178096413612366
65, 7, 1, 5.9910825000000045, 47192, 0.5922455191612244, 0.7691895961761475
65, 6, 1, 5.979336400000022, 47192, 0.5312028527259827, 0.7808037400245667
65, 9, 1, 5.77485519999999, 47192, 0.5612216591835022, 0.7734969258308411
65, 17, 1, 6.1709580000000415, 47192, 0.710739016532898, 0.715877890586853
65, 15, 1, 6.202711899999997, 47192, 0.6418321132659912, 0.7592341303825378
65, 18, 1, 6.79371249999997, 47192, 0.526715099811554, 0.8066158294677734
65, 20, 1, 6.619078999999999, 47192, 0.6133445501327515, 0.7602320909500122
65, 1, 1, 6.1398629000000255, 47192, 0.5493635535240173, 0.7880531549453735
65, 4, 1, 5.0435289000000125, 47192, 0.5408503413200378, 0.7831014394760132
65, 16, 1, 5.446738199999999, 47192, 0.5461339354515076, 0.773288905620575
66, 13, 1, 4.4392574999999965, 47192, 0.5190256834030151, 0.8188497424125671
66, 3, 1, 4.554798699999992, 47192, 0.6307139992713928, 0.7467225790023804
66, 1, 1, 4.939251600000034, 47192, 0.5489389896392822, 0.7887549996376038
66, 7, 1, 4.988802200000009, 47192, 0.6109111905097961, 0.7625203132629395
66, 15, 1, 5.3405214, 47192, 0.6354137659072876, 0.7634379863739014
66, 6, 1, 5.136261699999977, 47192, 0.5210241675376892, 0.7842717170715332
66, 4, 1, 4.128868800000021, 47192, 0.5402345061302185, 0.7836273908615112
66, 2, 1, 5.203239499999995, 47192, 0.5489643216133118, 0.7864793539047241
66, 17, 1, 5.1567847999999685, 47192, 0.6823396682739258, 0.7267842292785645
66, 18, 1, 5.724781300000018, 47192, 0.5440013408660889, 0.8028457760810852
66, 9, 1, 4.944484700000032, 47192, 0.5586201548576355, 0.7725562453269958
66, 22, 1, 4.498983199999998, 47192, 0.6199960708618164, 0.7426221370697021
67, 16, 1, 4.515398799999986, 47192, 0.5472322106361389, 0.7721410989761353
67, 6, 1, 5.03503980000005, 47192, 0.5203083157539368, 0.7859241366386414
67, 1, 1, 5.090186099999983, 47192, 0.5492810010910034, 0.7882336378097534
67, 17, 1, 5.202786800000013, 47192, 0.7040590047836304, 0.7210723161697388
67, 15, 1, 5.376972000000023, 47192, 0.6327992677688599, 0.7648137807846069
67, 10, 1, 4.885048900000015, 47192, 0.543599009513855, 0.7700967788696289
67, 13, 1, 4.544550700000002, 47192, 0.5162997841835022, 0.8188275694847107
67, 3, 1, 4.62515350000001, 47192, 0.6310228109359741, 0.7466779351234436
67, 4, 1, 4.234283199999993, 47192, 0.5371625423431396, 0.7852771282196045
67, 20, 1, 5.720711200000039, 47192, 0.6084272861480713, 0.762571394443512
67, 9, 1, 5.149217399999998, 47192, 0.5589757561683655, 0.7728070616722107
67, 8, 1, 4.556619999999995, 47192, 0.5429599285125732, 0.7725562453269958
68, 6, 1, 4.943554399999982, 47192, 0.5231372714042664, 0.785373330116272
68, 7, 1, 4.955439999999953, 47192, 0.5805395841598511, 0.7732652425765991
68, 13, 1, 4.876980199999991, 47192, 0.5132877826690674, 0.8204651474952698
68, 2, 1, 5.009131800000006, 47192, 0.5168356895446777, 0.7984293103218079
68, 17, 1, 5.2006776999999715, 47192, 0.6883642077445984, 0.7273016571998596
68, 20, 1, 5.431052599999987, 47192, 0.6049808263778687, 0.7638589143753052
68, 3, 1, 4.540916700000025, 47192, 0.6246892809867859, 0.7490859031677246
68, 15, 1, 5.442511599999989, 47192, 0.6316444873809814, 0.76445072889328
68, 4, 1, 4.188007900000002, 47192, 0.5382397174835205, 0.7829340696334839
68, 9, 1, 4.910059100000012, 47192, 0.5580803155899048, 0.7746049165725708
68, 18, 1, 5.9485422999999855, 47192, 0.5260722637176514, 0.805851399898529
68, 22, 1, 4.453185800000028, 47192, 0.615002453327179, 0.7440656423568726
69, 16, 1, 4.414631799999995, 47192, 0.5480509996414185, 0.7739866375923157
69, 3, 1, 4.668008999999984, 47192, 0.6258547902107239, 0.7496209740638733
69, 13, 1, 4.6607013999999936, 47192, 0.5191087126731873, 0.818517804145813
69, 1, 1, 5.078090799999984, 47192, 0.5417159795761108, 0.7905997633934021
69, 17, 1, 5.275730899999985, 47192, 0.6721604466438293, 0.7321179509162903
69, 15, 1, 5.525642600000026, 47192, 0.6244497299194336, 0.7682150602340698
69, 6, 1, 5.200848599999972, 47192, 0.5153826475143433, 0.7873725295066833
69, 11, 1, 4.313665299999997, 47192, 0.5563027262687683, 0.7749918103218079
69, 4, 1, 4.1597585000000095, 47192, 0.5342493653297424, 0.7842490077018738
69, 20, 1, 5.741402300000004, 47192, 0.6026374101638794, 0.7647293210029602
69, 9, 1, 4.962565599999948, 47192, 0.558899998664856, 0.7734969258308411
69, 22, 1, 4.507300900000018, 47192, 0.6155184507369995, 0.744569718837738
70, 13, 1, 4.802461700000038, 47192, 0.5112895965576172, 0.8221691250801086
70, 2, 1, 5.04837999999998, 47192, 0.5243228077888489, 0.7954118251800537
70, 1, 1, 5.063437800000031, 47192, 0.546601414680481, 0.7884141206741333
70, 6, 1, 5.204826300000036, 47192, 0.5323030948638916, 0.7824153304100037
70, 4, 1, 4.220808999999974, 47192, 0.534160852432251, 0.7857791781425476
70, 3, 1, 4.666358399999979, 47192, 0.6266874074935913, 0.7467448711395264
70, 7, 1, 4.999205299999971, 47192, 0.5915490984916687, 0.7682427167892456
70, 17, 1, 5.279906400000016, 47192, 0.7005144357681274, 0.7242765426635742
70, 9, 1, 5.0598512000000255, 47192, 0.5521839261054993, 0.7750648260116577
70, 18, 1, 5.929274499999963, 47192, 0.5552024841308594, 0.8018033504486084
70, 22, 1, 4.622906100000023, 47192, 0.6176451444625854, 0.7434470057487488
70, 15, 1, 5.409062400000039, 47192, 0.6238457560539246, 0.7683870792388916
71, 3, 1, 4.405670200000031, 47192, 0.6240541934967041, 0.7482163310050964
71, 11, 1, 4.3200173000000035, 47192, 0.5510581135749817, 0.7770089507102966
71, 13, 1, 4.732281, 47192, 0.5091261863708496, 0.8218371868133545
71, 7, 1, 4.761543800000027, 47192, 0.5989482402801514, 0.764784574508667
71, 10, 1, 4.749118399999986, 47192, 0.5528607368469238, 0.7687475085258484
71, 17, 1, 5.059505999999999, 47192, 0.6686813235282898, 0.7302272915840149
71, 15, 1, 5.205467699999986, 47192, 0.6247877478599548, 0.7661131620407104
71, 6, 1, 5.062843100000009, 47192, 0.5305036306381226, 0.7832925319671631
71, 1, 1, 5.186207800000034, 47192, 0.536285400390625, 0.7920434474945068
71, 16, 1, 4.374075299999987, 47192, 0.5420367121696472, 0.7761697769165039
71, 4, 1, 4.180960099999993, 47192, 0.5302872061729431, 0.7866877317428589
71, 9, 1, 4.992763099999991, 47192, 0.5562259554862976, 0.776758074760437
72, 4, 1, 4.178295800000001, 47192, 0.5335986018180847, 0.7860182523727417
72, 3, 1, 4.5597794999999905, 47192, 0.6286022067070007, 0.7483947277069092
72, 7, 1, 5.02445819999997, 47192, 0.5939709544181824, 0.7703011631965637
72, 2, 1, 5.190259600000019, 47192, 0.5244378447532654, 0.7958914637565613
72, 17, 1, 5.205410200000017, 47192, 0.6390581130981445, 0.7421486377716064
72, 6, 1, 4.9766166999999655, 47192, 0.5226759910583496, 0.786311686038971
72, 15, 1, 5.456369700000039, 47192, 0.6196085810661316, 0.7669539451599121
72, 13, 1, 4.7923509999999965, 47192, 0.5055647492408752, 0.8226338028907776
72, 20, 1, 5.752018200000009, 47192, 0.6032100319862366, 0.7660350203514099
72, 9, 1, 4.956355300000041, 47192, 0.5510270595550537, 0.7771134972572327
72, 18, 1, 5.92253009999996, 47192, 0.5388051867485046, 0.8042008876800537
72, 22, 1, 4.538401499999964, 47192, 0.6178359985351562, 0.7437219023704529
73, 3, 1, 4.371946899999955, 47192, 0.6231824159622192, 0.7493088245391846
73, 4, 1, 4.379630399999996, 47192, 0.5276641249656677, 0.7891024947166443
73, 7, 1, 4.873334999999997, 47192, 0.5826610922813416, 0.7751178741455078
73, 1, 1, 5.1810522000000105, 47192, 0.5500566363334656, 0.7868901491165161
73, 2, 1, 4.948385000000002, 47192, 0.49617382884025574, 0.8071020245552063
73, 15, 1, 5.349556600000028, 47192, 0.6368991732597351, 0.7594634294509888
73, 17, 1, 5.303244500000005, 47192, 0.6633379459381104, 0.7339290976524353
73, 6, 1, 4.973318399999982, 47192, 0.5196454524993896, 0.7859445214271545
73, 13, 1, 4.758158299999991, 47192, 0.5065668821334839, 0.8217929005622864
73, 9, 1, 4.971175599999981, 47192, 0.5549663305282593, 0.7747303247451782
73, 20, 1, 5.845883399999991, 47192, 0.5994037985801697, 0.7667059302330017
73, 22, 1, 4.5336772, 47192, 0.6058884859085083, 0.7485336065292358
74, 16, 1, 5.528229899999985, 47192, 0.5429410338401794, 0.7758997082710266
74, 7, 1, 5.744334400000014, 47192, 0.5478495359420776, 0.7856981158256531
74, 13, 1, 5.531728699999974, 47192, 0.5030096769332886, 0.8256655335426331
74, 6, 1, 5.848004099999969, 47192, 0.5082650780677795, 0.7891472578048706
74, 17, 1, 6.0955826, 47192, 0.6866337060928345, 0.7302671074867249
74, 15, 1, 6.392861400000015, 47192, 0.6094647645950317, 0.7714061737060547
74, 18, 1, 6.873410799999988, 47192, 0.534889817237854, 0.8062857389450073
74, 9, 1, 5.875066199999992, 47192, 0.5545219779014587, 0.7757546901702881
74, 22, 1, 5.112189999999998, 47192, 0.6048499345779419, 0.7471817135810852
74, 1, 1, 6.047998600000028, 47192, 0.5331628322601318, 0.7936676740646362
74, 4, 1, 4.980598499999985, 47192, 0.5249888300895691, 0.7893415689468384
74, 3, 1, 5.48829539999997, 47192, 0.624391496181488, 0.7491973638534546
75, 6, 1, 4.934425000000033, 47192, 0.5077548027038574, 0.7894328832626343
75, 7, 1, 4.8481791000000385, 47192, 0.5577602386474609, 0.7811490297317505
75, 3, 1, 4.750982299999976, 47192, 0.6214143633842468, 0.7513823509216309
75, 16, 1, 4.624250499999988, 47192, 0.5412090420722961, 0.7778127789497375
75, 13, 1, 4.5633424000000105, 47192, 0.5051328539848328, 0.8225231766700745
75, 10, 1, 4.924103800000012, 47192, 0.543951153755188, 0.7728585600852966
75, 2, 1, 5.245036499999998, 47192, 0.49373066425323486, 0.8069621324539185
75, 17, 1, 5.246157299999993, 47192, 0.6747851967811584, 0.7313417792320251
75, 4, 1, 4.360202100000038, 47192, 0.5225427150726318, 0.7896045446395874
75, 15, 1, 5.558864200000016, 47192, 0.6168729066848755, 0.7685781717300415
75, 20, 1, 5.930421299999978, 47192, 0.5985156893730164, 0.7662888765335083
75, 9, 1, 5.098390999999992, 47192, 0.5481593012809753, 0.7775524854660034
76, 3, 1, 4.777151599999968, 47192, 0.6199754476547241, 0.7519397139549255
76, 13, 1, 4.827260600000045, 47192, 0.5002121925354004, 0.8252007961273193
76, 6, 1, 5.131830000000036, 47192, 0.512925922870636, 0.788596510887146
76, 7, 1, 5.166071199999976, 47192, 0.6030158400535583, 0.7658961415290833
76, 4, 1, 4.450287000000003, 47192, 0.5255177617073059, 0.7880265712738037
76, 17, 1, 5.415028599999971, 47192, 0.6677193641662598, 0.7337101697921753
76, 15, 1, 5.602839099999983, 47192, 0.6185710430145264, 0.7671067714691162
76, 1, 1, 5.394262900000001, 47192, 0.5339148640632629, 0.7929056882858276
76, 18, 1, 6.156126900000004, 47192, 0.5702676177024841, 0.796660840511322
76, 9, 1, 5.305553700000019, 47192, 0.5471268892288208, 0.779559314250946
76, 22, 1, 4.774589900000024, 47192, 0.6075214743614197, 0.7465630769729614
76, 2, 1, 5.276343999999995, 47192, 0.4902093708515167, 0.809879720211029
77, 11, 1, 4.592649499999993, 47192, 0.5445038080215454, 0.780972957611084
77, 3, 1, 4.72921869999999, 47192, 0.620561420917511, 0.7516498565673828
77, 10, 1, 5.054967699999992, 47192, 0.5428829193115234, 0.7714671492576599
77, 13, 1, 5.012818400000015, 47192, 0.5021548867225647, 0.8242049813270569
77, 6, 1, 5.0232282000000055, 47192, 0.4974956512451172, 0.7951856255531311
77, 4, 1, 4.348077700000033, 47192, 0.5238567590713501, 0.7897480130195618
77, 16, 1, 5.474594999999994, 47192, 0.5434278845787048, 0.7757196426391602
77, 1, 1, 5.818118099999992, 47192, 0.5306693315505981, 0.7949108481407166
77, 20, 1, 6.129946099999984, 47192, 0.5913214683532715, 0.771021842956543
77, 15, 1, 5.969933399999945, 47192, 0.614875078201294, 0.7695526480674744
77, 9, 1, 5.4180602000000135, 47192, 0.547877311706543, 0.7777197360992432
77, 17, 1, 5.7172281, 47192, 0.6621449589729309, 0.7369343042373657
78, 4, 1, 3.976391500000034, 47192, 0.5190213322639465, 0.7914454936981201
78, 13, 1, 4.223606800000027, 47192, 0.5009883046150208, 0.8253557085990906
78, 2, 1, 4.8212926999999866, 47192, 0.5018750429153442, 0.8052036166191101
78, 7, 1, 4.6868436000000315, 47192, 0.5658795237541199, 0.7791317701339722
78, 17, 1, 4.776558799999975, 47192, 0.667984664440155, 0.7356207370758057
78, 15, 1, 5.143733499999996, 47192, 0.608762800693512, 0.7710622549057007
78, 18, 1, 5.52282009999999, 47192, 0.5448983311653137, 0.8042530417442322
78, 9, 1, 4.7679173999999875, 47192, 0.5494731068611145, 0.7787231206893921
78, 1, 1, 4.731255799999985, 47192, 0.5254361033439636, 0.7956928610801697
78, 3, 1, 4.2643170000000055, 47192, 0.6173928380012512, 0.7539240121841431
78, 6, 1, 4.786704799999995, 47192, 0.5014953017234802, 0.7919216752052307
78, 22, 1, 4.345248400000003, 47192, 0.6112473607063293, 0.7464714646339417
79, 3, 1, 3.808180899999968, 47192, 0.6179701685905457, 0.752675473690033
79, 13, 1, 4.055607000000009, 47192, 0.49943289160728455, 0.8250237703323364
79, 17, 1, 4.4211813000000575, 47192, 0.6389055848121643, 0.7452334761619568
79, 7, 1, 4.414154499999995, 47192, 0.548112690448761, 0.786171555519104
79, 1, 1, 4.793679900000029, 47192, 0.5247321724891663, 0.7961540818214417
79, 20, 1, 5.172709999999995, 47192, 0.5907519459724426, 0.7711125016212463
79, 15, 1, 4.952262100000041, 47192, 0.607671320438385, 0.7736800909042358
79, 9, 1, 4.573576000000003, 47192, 0.5490943193435669, 0.7776151895523071
79, 4, 1, 3.7311735000000112, 47192, 0.5202012062072754, 0.7915650606155396
79, 16, 1, 3.8021024999999895, 47192, 0.5401136875152588, 0.7774076461791992
79, 6, 1, 4.479687500000011, 47192, 0.49597832560539246, 0.7956752181053162
79, 10, 1, 4.373045399999995, 47192, 0.5294803380966187, 0.7779183387756348
80, 3, 1, 3.966452200000049, 47192, 0.6135184168815613, 0.7554178237915039
80, 13, 1, 4.199427800000024, 47192, 0.4963259696960449, 0.8261080980300903
80, 7, 1, 4.437597500000038, 47192, 0.5522975921630859, 0.7840102314949036
80, 17, 1, 4.594722000000047, 47192, 0.6728872060775757, 0.7326951622962952
80, 1, 1, 4.613860400000021, 47192, 0.5222273468971252, 0.7969762086868286
80, 6, 1, 4.52310030000001, 47192, 0.514772891998291, 0.7849448919296265
80, 2, 1, 4.635411799999986, 47192, 0.4928275942802429, 0.8080612421035767
80, 15, 1, 4.824829700000009, 47192, 0.6149873733520508, 0.7698584198951721
80, 9, 1, 4.403128199999969, 47192, 0.5470598936080933, 0.7786604166030884
80, 18, 1, 5.359324399999991, 47192, 0.5380957126617432, 0.805781900882721
80, 4, 1, 3.7257268999999837, 47192, 0.5194331407546997, 0.7911347150802612
80, 22, 1, 4.039339700000028, 47192, 0.6054111123085022, 0.7457611560821533
81, 3, 1, 3.8590963999999985, 47192, 0.6201966404914856, 0.7530767917633057
81, 16, 1, 4.101464000000021, 47192, 0.5415006875991821, 0.7761697769165039
81, 13, 1, 4.085009100000036, 47192, 0.4987708628177643, 0.8250680565834045
81, 7, 1, 4.315252000000044, 47192, 0.5521401166915894, 0.7853893637657166
81, 1, 1, 4.4694928999999775, 47192, 0.5282853841781616, 0.7962944507598877
81, 17, 1, 4.4762578999999505, 47192, 0.6505029797554016, 0.7396210432052612
81, 6, 1, 4.4415797999999995, 47192, 0.5116870999336243, 0.7882905006408691
81, 10, 1, 4.419516200000004, 47192, 0.5389562845230103, 0.7750933170318604
81, 15, 1, 4.785007599999972, 47192, 0.6029526591300964, 0.7752661108970642
81, 20, 1, 5.0521420000000035, 47192, 0.5970613956451416, 0.7681929469108582
81, 9, 1, 4.47564890000001, 47192, 0.5485296845436096, 0.7787649631500244
81, 4, 1, 3.7289193000000296, 47192, 0.5203307867050171, 0.7929039597511292
82, 4, 1, 3.64848760000001, 47192, 0.5134109854698181, 0.794960081577301
82, 13, 1, 3.929743300000041, 47192, 0.493770569562912, 0.8272145986557007
82, 17, 1, 4.419252200000074, 47192, 0.6472410559654236, 0.7409346103668213
82, 2, 1, 4.394502599999981, 47192, 0.4846181273460388, 0.8111585974693298
82, 7, 1, 4.51595020000002, 47192, 0.5523608326911926, 0.7841337323188782
82, 15, 1, 4.716164800000001, 47192, 0.602605402469635, 0.7742533683776855
82, 9, 1, 4.42112480000003, 47192, 0.5447750091552734, 0.7793712019920349
82, 18, 1, 5.351025600000071, 47192, 0.5121878385543823, 0.8128529191017151
82, 3, 1, 4.086447700000008, 47192, 0.6124436259269714, 0.7560421228408813
82, 1, 1, 4.497869199999968, 47192, 0.5202604532241821, 0.7976178526878357
82, 6, 1, 4.524245000000008, 47192, 0.5019916296005249, 0.7912280559539795
82, 22, 1, 4.019197299999973, 47192, 0.5974986553192139, 0.7532306909561157
83, 10, 1, 4.078717999999981, 47192, 0.5380420088768005, 0.7750722169876099
83, 13, 1, 4.139247399999988, 47192, 0.49369972944259644, 0.8267056345939636
83, 0, 1, 4.440401499999993, 47192, 0.5060313940048218, 0.8084214329719543
83, 15, 1, 4.625862200000029, 47192, 0.5960605144500732, 0.7757819890975952
83, 6, 1, 4.5534490000000005, 47192, 0.49687954783439636, 0.7926356792449951
83, 20, 1, 4.884081600000002, 47192, 0.5890907049179077, 0.7718197703361511
83, 9, 1, 4.399517599999967, 47192, 0.5449243187904358, 0.7796847820281982
83, 3, 1, 3.8529091000000335, 47192, 0.614617645740509, 0.753990888595581
83, 17, 1, 4.3136405000000195, 47192, 0.6503005027770996, 0.7432432174682617
83, 1, 1, 4.359599500000002, 47192, 0.5215932726860046, 0.7960337400436401
83, 16, 1, 3.886870200000004, 47192, 0.534934937953949, 0.781593918800354
83, 4, 1, 3.8202362000000107, 47192, 0.5135027170181274, 0.7951513528823853
84, 6, 1, 4.4056059999999775, 47192, 0.4993636906147003, 0.7917992472648621
84, 7, 1, 4.507806799999969, 47192, 0.5466359853744507, 0.7861921191215515
84, 2, 1, 4.619957900000003, 47192, 0.49590003490448, 0.8070820569992065
84, 17, 1, 4.679798099999971, 47192, 0.6362906694412231, 0.7439995408058167
84, 15, 1, 4.690521899999965, 47192, 0.6024742722511292, 0.7731450796127319
84, 20, 1, 5.21679469999998, 47192, 0.578864574432373, 0.7766252756118774
84, 9, 1, 4.492051300000014, 47192, 0.5449367165565491, 0.7809808254241943
84, 18, 1, 5.327332399999932, 47192, 0.5159422755241394, 0.8106985688209534
84, 4, 1, 3.7167397999999707, 47192, 0.5133872032165527, 0.7932864427566528
84, 3, 1, 4.074994100000026, 47192, 0.608985424041748, 0.7571122646331787
84, 13, 1, 4.111711000000014, 47192, 0.4928542673587799, 0.8284759521484375
84, 22, 1, 4.098588599999971, 47192, 0.5953387022018433, 0.7519934177398682
85, 3, 1, 3.9094003000000157, 47192, 0.6091681122779846, 0.7581601738929749
85, 16, 1, 3.873127299999993, 47192, 0.5393598675727844, 0.7788931131362915
85, 13, 1, 3.982111599999996, 47192, 0.49301406741142273, 0.828387439250946
85, 1, 1, 4.452945600000021, 47192, 0.5202310681343079, 0.7986404895782471
85, 7, 1, 4.351356100000032, 47192, 0.5547571778297424, 0.7832691669464111
85, 17, 1, 4.549049299999979, 47192, 0.6578369736671448, 0.7391036152839661
85, 6, 1, 4.422337700000014, 47192, 0.49872156977653503, 0.7922480702400208
85, 15, 1, 4.636878000000024, 47192, 0.5942590236663818, 0.7780941128730774
85, 9, 1, 4.34502329999998, 47192, 0.5417556166648865, 0.7804373502731323
85, 4, 1, 3.692062099999987, 47192, 0.5100559592247009, 0.795701265335083
85, 11, 1, 3.7882596000000035, 47192, 0.5364468693733215, 0.7820518612861633
85, 10, 1, 4.2271399999999915, 47192, 0.52150559425354, 0.784496009349823
86, 4, 1, 3.7425051999999823, 47192, 0.5087958574295044, 0.7951274514198303
86, 6, 1, 4.4138585000000035, 47192, 0.5016116499900818, 0.7923908829689026
86, 17, 1, 4.54501120000009, 47192, 0.6893289685249329, 0.7278390526771545
86, 7, 1, 4.482033199999989, 47192, 0.5440434217453003, 0.7872831225395203
86, 15, 1, 4.882261400000004, 47192, 0.5980167984962463, 0.776202380657196
86, 2, 1, 4.805213499999979, 47192, 0.48102328181266785, 0.8138163685798645
86, 20, 1, 5.269156100000032, 47192, 0.5798199772834778, 0.776063084602356
86, 9, 1, 4.457107300000018, 47192, 0.5377958416938782, 0.7834057807922363
86, 18, 1, 5.400896800000055, 47192, 0.5312105417251587, 0.8069980144500732
86, 3, 1, 4.136135299999978, 47192, 0.6082347631454468, 0.7574021220207214
86, 13, 1, 4.104794000000027, 47192, 0.4882186949253082, 0.8291619420051575
86, 22, 1, 4.129604500000028, 47192, 0.5921579003334045, 0.7532306909561157
87, 3, 1, 4.016173100000003, 47192, 0.6078411936759949, 0.7583162188529968
87, 13, 1, 4.141421900000012, 47192, 0.4898444712162018, 0.8303126692771912
87, 16, 1, 4.1075448999999935, 47192, 0.5409297943115234, 0.7790956497192383
87, 10, 1, 4.39080229999999, 47192, 0.521737813949585, 0.7849387526512146
87, 1, 1, 4.621591800000033, 47192, 0.5196900367736816, 0.7979387044906616
87, 17, 1, 4.612876000000028, 47192, 0.6461254954338074, 0.7426262497901917
87, 15, 1, 4.927966200000014, 47192, 0.5976669788360596, 0.7764508128166199
87, 9, 1, 4.454494899999986, 47192, 0.5418673157691956, 0.7822142243385315
87, 4, 1, 3.7952581000000123, 47192, 0.5109606981277466, 0.7957729697227478
87, 6, 1, 4.6110468999999625, 47192, 0.49904677271842957, 0.7930640578269958
87, 11, 1, 3.8414988000000108, 47192, 0.535513162612915, 0.783154308795929
87, 22, 1, 4.0092718999999875, 47192, 0.5890275835990906, 0.754284679889679
88, 3, 1, 4.090316200000018, 47192, 0.6048030853271484, 0.759185791015625
88, 7, 1, 4.363029400000016, 47192, 0.5855315923690796, 0.7781025767326355
88, 0, 1, 4.4633031000000045, 47192, 0.5138452649116516, 0.8070773482322693
88, 17, 1, 4.568385600000056, 47192, 0.6546427011489868, 0.7390637993812561
88, 15, 1, 4.80587509999998, 47192, 0.5919265151023865, 0.7787055969238281
88, 9, 1, 4.361783800000012, 47192, 0.5372902750968933, 0.7834267020225525
88, 20, 1, 5.160630700000013, 47192, 0.5766203999519348, 0.7774956822395325
88, 18, 1, 5.287146399999983, 47192, 0.5130274295806885, 0.8131656050682068
88, 4, 1, 3.6339949999999703, 47192, 0.506030797958374, 0.7962989807128906
88, 6, 1, 4.471693200000004, 47192, 0.49112480878829956, 0.7955120205879211
88, 13, 1, 4.145473200000026, 47192, 0.4865662753582001, 0.8290956020355225
88, 22, 1, 4.061386700000014, 47192, 0.5872068405151367, 0.7559114694595337
89, 3, 1, 3.7264241999999967, 47192, 0.6055425405502319, 0.7589405179023743
89, 11, 1, 3.776797700000003, 47192, 0.5309141278266907, 0.7845850586891174
89, 17, 1, 4.237043999999969, 47192, 0.6449692249298096, 0.7436015009880066
89, 10, 1, 4.145020099999982, 47192, 0.5124005079269409, 0.7866042852401733
89, 6, 1, 4.199879600000031, 47192, 0.49164217710494995, 0.7962668538093567
89, 7, 1, 4.226334199999997, 47192, 0.5431078672409058, 0.7911528944969177
89, 1, 1, 4.395838400000002, 47192, 0.5228188037872314, 0.7972769737243652
89, 15, 1, 4.627937799999984, 47192, 0.5881115794181824, 0.7794317007064819
89, 9, 1, 4.227460999999948, 47192, 0.5364575386047363, 0.7829040884971619
89, 16, 1, 3.842941400000001, 47192, 0.5296558141708374, 0.7815263867378235
89, 13, 1, 4.053066000000001, 47192, 0.48856326937675476, 0.8287414908409119
89, 4, 1, 3.596627500000011, 47192, 0.5087934136390686, 0.7970162034034729
90, 4, 1, 3.6645283999999947, 47192, 0.5052559971809387, 0.7966814637184143
90, 13, 1, 3.9826221000000146, 47192, 0.48251697421073914, 0.8316625952720642
90, 3, 1, 4.060123999999973, 47192, 0.6051356196403503, 0.759475588798523
90, 6, 1, 4.34923260000005, 47192, 0.4854680299758911, 0.7979600429534912
90, 7, 1, 4.408349800000053, 47192, 0.5544247627258301, 0.7857393026351929
90, 1, 1, 4.442917600000044, 47192, 0.5126922726631165, 0.8016682863235474
90, 0, 1, 4.463185699999997, 47192, 0.5126055479049683, 0.8083813190460205
90, 17, 1, 4.512136499999997, 47192, 0.6553459167480469, 0.7390040755271912
90, 15, 1, 4.725948399999993, 47192, 0.5892161726951599, 0.7789731025695801
90, 9, 1, 4.371724800000038, 47192, 0.535702109336853, 0.7836775779724121
90, 18, 1, 5.260830499999997, 47192, 0.520194947719574, 0.8121232390403748
90, 22, 1, 4.080575699999997, 47192, 0.5913974642753601, 0.7528182864189148
91, 10, 1, 4.171540399999969, 47192, 0.5063736438751221, 0.7916851043701172
91, 6, 1, 4.410203899999942, 47192, 0.4893290102481842, 0.7959200143814087
91, 1, 1, 4.496983399999976, 47192, 0.5098545551300049, 0.803533136844635
91, 17, 1, 4.5685313999999835, 47192, 0.6974520683288574, 0.7273016571998596
91, 20, 1, 5.001143100000036, 47192, 0.5739504098892212, 0.7789101600646973
91, 15, 1, 4.914399399999979, 47192, 0.5830665230751038, 0.7807692885398865
91, 9, 1, 4.388264000000049, 47192, 0.5361806154251099, 0.7842419743537903
91, 7, 1, 4.283029399999975, 47192, 0.538791298866272, 0.7899796366691589
91, 3, 1, 3.9070772000000034, 47192, 0.6040170788764954, 0.7585614919662476
91, 4, 1, 3.7428807999999663, 47192, 0.503360390663147, 0.7988810539245605
91, 13, 1, 4.0040230999999835, 47192, 0.4838157296180725, 0.8311978578567505
91, 16, 1, 4.094799099999989, 47192, 0.527380645275116, 0.782809317111969
92, 4, 1, 3.762249199999985, 47192, 0.5114601850509644, 0.7953665256500244
92, 3, 1, 3.962575300000026, 47192, 0.6013049483299255, 0.7602782249450684
92, 13, 1, 4.129629899999998, 47192, 0.4833800494670868, 0.8310872316360474
92, 1, 1, 4.416704500000037, 47192, 0.513340413570404, 0.8015881180763245
92, 6, 1, 4.448345500000073, 47192, 0.5006247162818909, 0.7939412593841553
92, 17, 1, 4.531910900000071, 47192, 0.6148406267166138, 0.7519404292106628
92, 15, 1, 4.727215599999909, 47192, 0.5838590264320374, 0.7818202376365662
92, 2, 1, 4.66435340000001, 47192, 0.47569751739501953, 0.8162743449211121
92, 18, 1, 5.2941544999999905, 47192, 0.5068915486335754, 0.8141559362411499
92, 9, 1, 4.450309800000014, 47192, 0.5344282388687134, 0.7845346331596375
92, 7, 1, 4.343318600000032, 47192, 0.5454415678977966, 0.7884975671768188
92, 22, 1, 4.105194999999981, 47192, 0.586898148059845, 0.7561177015304565
93, 10, 1, 4.374962400000015, 47192, 0.5048323273658752, 0.7903780341148376
93, 1, 1, 4.49094180000003, 47192, 0.5082087516784668, 0.801467776298523
93, 7, 1, 4.484936300000015, 47192, 0.5415338277816772, 0.7887240052223206
93, 17, 1, 4.667283099999963, 47192, 0.6530105471611023, 0.7401584386825562
93, 15, 1, 4.8965932999999495, 47192, 0.579708456993103, 0.7811323404312134
93, 6, 1, 4.6428449, 47192, 0.4796389043331146, 0.7978579998016357
93, 20, 1, 5.193909100000042, 47192, 0.5717005133628845, 0.7788195013999939
93, 9, 1, 4.596872000000076, 47192, 0.5332676768302917, 0.7847855091094971
93, 4, 1, 3.9132835999999998, 47192, 0.506014347076416, 0.7995027303695679
93, 13, 1, 4.314262299999996, 47192, 0.4843314290046692, 0.8307774066925049
93, 16, 1, 4.119068599999991, 47192, 0.5272314548492432, 0.7848799228668213
93, 3, 1, 4.149986400000046, 47192, 0.6024761199951172, 0.7609248161315918
94, 4, 1, 3.7149811999999542, 47192, 0.4973517954349518, 0.8013675808906555
94, 3, 1, 3.8241637000000424, 47192, 0.6009882688522339, 0.7599438428878784
94, 13, 1, 3.9850956000000224, 47192, 0.4802958071231842, 0.831109344959259
94, 7, 1, 4.211801200000025, 47192, 0.5459336638450623, 0.7892797589302063
94, 1, 1, 4.42477550000001, 47192, 0.5038306713104248, 0.8052976727485657
94, 6, 1, 4.397566999999981, 47192, 0.4935276210308075, 0.7954100370407104
94, 2, 1, 4.4968437999999935, 47192, 0.47038522362709045, 0.8184325098991394
94, 17, 1, 4.602954199999999, 47192, 0.6128408908843994, 0.7509851455688477
94, 18, 1, 5.18689930000005, 47192, 0.5068410634994507, 0.8151983022689819
94, 9, 1, 4.435408200000097, 47192, 0.5329400300979614, 0.7832803726196289
94, 15, 1, 4.752824799999985, 47192, 0.5804945826530457, 0.7818202376365662
94, 22, 1, 4.042666599999961, 47192, 0.589934229850769, 0.7557739615440369
95, 16, 1, 3.9344504999999685, 47192, 0.5331536531448364, 0.7824491858482361
95, 3, 1, 3.993247600000018, 47192, 0.6088908314704895, 0.7574912905693054
95, 17, 1, 4.500005200000032, 47192, 0.6119852066040039, 0.7528758645057678
95, 6, 1, 4.435969, 47192, 0.4815143942832947, 0.798551619052887
95, 1, 1, 4.600742499999967, 47192, 0.5025146007537842, 0.8040745258331299
95, 15, 1, 4.727590999999961, 47192, 0.5827627182006836, 0.7816674113273621
95, 20, 1, 5.02765770000002, 47192, 0.5773034691810608, 0.7770242094993591
95, 9, 1, 4.5174985999999535, 47192, 0.5325823426246643, 0.7841583490371704
95, 13, 1, 4.014877399999989, 47192, 0.4817274510860443, 0.8310429453849792
95, 11, 1, 3.8123093000000097, 47192, 0.5280231237411499, 0.7858282327651978
95, 10, 1, 4.418505400000015, 47192, 0.5047091841697693, 0.7901882529258728
95, 4, 1, 3.7646429000000126, 47192, 0.4981212019920349, 0.7994787693023682
96, 3, 1, 4.026529299999993, 47192, 0.5991054773330688, 0.7613930106163025
96, 13, 1, 4.103377200000011, 47192, 0.478462815284729, 0.8341853022575378
96, 2, 1, 4.481411199999997, 47192, 0.4681926965713501, 0.8190120458602905
96, 15, 1, 4.638023199999907, 47192, 0.581001877784729, 0.7809030413627625
96, 17, 1, 4.563052299999981, 47192, 0.6185809373855591, 0.7518011331558228
96, 7, 1, 4.50571530000002, 47192, 0.5566995739936829, 0.783639669418335
96, 9, 1, 4.455222499999991, 47192, 0.5302347540855408, 0.7862906455993652
96, 18, 1, 5.299296300000037, 47192, 0.4914000928401947, 0.8177174925804138
96, 4, 1, 3.8090693999999985, 47192, 0.4965197741985321, 0.8014153838157654
96, 6, 1, 4.365101400000071, 47192, 0.4803919196128845, 0.7981027960777283
96, 0, 1, 4.561253099999988, 47192, 0.49655601382255554, 0.8101065158843994
96, 22, 1, 4.013494100000003, 47192, 0.5962873101234436, 0.7540555596351624
97, 3, 1, 3.9399142000000325, 47192, 0.5989187955856323, 0.761928141117096
97, 6, 1, 4.468733100000009, 47192, 0.48033392429351807, 0.799204409122467
97, 1, 1, 4.573688500000003, 47192, 0.5015691518783569, 0.8063002824783325
97, 17, 1, 4.602576599999907, 47192, 0.6118227243423462, 0.7523583769798279
97, 15, 1, 4.792746500000021, 47192, 0.586724579334259, 0.7815909385681152
97, 20, 1, 5.185399800000027, 47192, 0.5644753575325012, 0.7825913429260254
97, 9, 1, 4.387704699999972, 47192, 0.5304844379425049, 0.7842628955841064
97, 4, 1, 3.566620999999998, 47192, 0.49667608737945557, 0.8021565675735474
97, 16, 1, 3.9185494000000176, 47192, 0.5242722034454346, 0.787243127822876
97, 11, 1, 3.87769320000001, 47192, 0.5247916579246521, 0.7871182560920715
97, 13, 1, 4.119752300000016, 47192, 0.479343056678772, 0.8326584100723267
97, 22, 1, 4.0398505, 47192, 0.5769621729850769, 0.7594858407974243
98, 4, 1, 3.7564907999999946, 47192, 0.49862760305404663, 0.8001721501350403
98, 10, 1, 4.232880599999987, 47192, 0.49108803272247314, 0.7998018264770508
98, 7, 1, 4.443670899999972, 47192, 0.5367038249969482, 0.7905148267745972
98, 6, 1, 4.458675200000016, 47192, 0.4782329499721527, 0.7992451786994934
98, 17, 1, 4.682292699999948, 47192, 0.6274250745773315, 0.7526768445968628
98, 15, 1, 4.831194799999935, 47192, 0.5832890868186951, 0.7826801538467407
98, 9, 1, 4.353451899999982, 47192, 0.5288980603218079, 0.7844928503036499
98, 18, 1, 5.30874469999992, 47192, 0.5027278065681458, 0.8159106373786926
98, 2, 1, 4.547280000000001, 47192, 0.4912884533405304, 0.8125574588775635
98, 3, 1, 4.026662999999985, 47192, 0.5979647040367126, 0.7606126666069031
98, 13, 1, 4.063915099999974, 47192, 0.4775448441505432, 0.8334771990776062
98, 22, 1, 4.014560300000028, 47192, 0.5716871023178101, 0.764732837677002
99, 15, 1, 4.710527500000012, 47192, 0.5759658813476562, 0.7826801538467407
99, 20, 1, 5.114889699999992, 47192, 0.5595060586929321, 0.7840964794158936
99, 17, 1, 5.191540400000008, 47192, 0.610888659954071, 0.754069983959198
99, 9, 1, 4.396412299999952, 47192, 0.5306267142295837, 0.7857471108436584
99, 1, 1, 4.478277399999968, 47192, 0.5028187036514282, 0.8065208196640015
99, 13, 1, 4.108764199999996, 47192, 0.47441741824150085, 0.8343181014060974
99, 6, 1, 4.36306060000004, 47192, 0.47378528118133545, 0.8028967976570129
99, 16, 1, 3.987664900000027, 47192, 0.5214250087738037, 0.7870405912399292
99, 11, 1, 3.755284199999977, 47192, 0.5231612920761108, 0.7889946699142456
99, 3, 1, 4.005698300000006, 47192, 0.5984326601028442, 0.7639124393463135
99, 4, 1, 3.6425487000000203, 47192, 0.4916204512119293, 0.8040453195571899
99, 22, 1, 3.960498599999994, 47192, 0.5720920562744141, 0.7621437311172485
100, 3, 1, 3.9885709000000134, 47192, 0.5934906005859375, 0.7646704912185669
100, 13, 1, 4.152295400000014, 47192, 0.4745963215827942, 0.8359113931655884
100, 7, 1, 4.3815378000000464, 47192, 0.5399940013885498, 0.79193514585495
100, 17, 1, 4.589517900000033, 47192, 0.6060526967048645, 0.7543684840202332
100, 1, 1, 4.454601499999967, 47192, 0.4947500228881836, 0.8095486164093018
100, 2, 1, 4.627410499999996, 47192, 0.47191721200942993, 0.8175132870674133
100, 15, 1, 4.76919190000001, 47192, 0.5684139132499695, 0.7865018248558044
100, 9, 1, 4.432197900000006, 47192, 0.5259674191474915, 0.7866878509521484
100, 18, 1, 5.174852900000019, 47192, 0.4782993793487549, 0.8212268948554993
100, 6, 1, 4.407705299999975, 47192, 0.4745330810546875, 0.8023459911346436
100, 4, 1, 3.7611188000000197, 47192, 0.4940447509288788, 0.8027064800262451
100, 22, 1, 4.012947800000006, 47192, 0.5723541378974915, 0.7629456520080566
