1, 28, 1, 0.9823977000000008, 136, 1.7534024715423584, 0.22545453906059265
1, 13, 1, 0.8923712000000004, 136, 1.8595669269561768, 0.302325576543808
1, 25, 1, 0.8975904000000003, 136, 1.5602655410766602, 0.37060701847076416
1, 19, 1, 1.1213527999999995, 136, 1.6675363779067993, 0.2614840865135193
1, 7, 1, 0.9132210999999999, 136, 1.748646855354309, 0.25
1, 21, 1, 1.1039927999999994, 136, 1.8010776042938232, 0.30078125
1, 17, 1, 1.1644326999999999, 136, 1.7154502868652344, 0.3642611801624298
1, 18, 1, 1.0881989, 136, 1.6082878112792969, 0.2118055522441864
1, 20, 1, 1.0180141000000003, 136, 1.7229620218276978, 0.2760736048221588
1, 10, 1, 1.0851059999999997, 136, 1.7544116973876953, 0.3095238208770752
1, 3, 1, 1.1223551999999994, 136, 1.839348554611206, 0.17786560952663422
1, 14, 1, 1.2196892999999998, 136, 1.645681381225586, 0.3435114622116089
1, 22, 1, 1.2060621999999999, 136, 1.6777032613754272, 0.3973063826560974
1, 16, 1, 1.0914972999999994, 136, 1.6999708414077759, 0.1972789168357849
1, 8, 1, 1.0982526000000004, 136, 1.7415677309036255, 0.313043475151062
1, 4, 1, 1.2364106999999995, 136, 1.7571606636047363, 0.21161825954914093
1, 0, 1, 1.1472993000000002, 136, 1.8659486770629883, 0.12274368107318878
1, 1, 1, 1.1634428999999997, 136, 1.7328341007232666, 0.32780084013938904
1, 24, 1, 1.2443347999999999, 136, 1.8262401819229126, 0.23241589963436127
1, 29, 1, 1.3395813999999993, 136, 1.6392070055007935, 0.23529411852359772
1, 2, 1, 1.6382898000000008, 136, 1.7249165773391724, 0.30514705181121826
1, 5, 1, 1.6815124999999993, 136, 1.812993049621582, 0.2576923072338104
1, 26, 1, 1.6042967, 136, 1.647492527961731, 0.273333340883255
1, 23, 1, 1.5265680999999995, 136, 1.5876015424728394, 0.39144736528396606
1, 12, 1, 1.4012871000000002, 136, 1.7448034286499023, 0.25670498609542847
1, 11, 1, 1.5170482000000005, 136, 1.7683161497116089, 0.1953125
1, 27, 1, 1.5531700000000006, 136, 1.6143571138381958, 0.18688525259494781
1, 15, 1, 1.1924019999999995, 136, 1.6630957126617432, 0.36301368474960327
1, 6, 1, 1.3457793999999996, 136, 1.816771149635315, 0.24796748161315918
1, 9, 1, 0.9283379000000003, 136, 1.8382245302200317, 0.19148936867713928
2, 28, 1, 0.1660609000000015, 136, 1.4514617919921875, 0.389090895652771
2, 25, 1, 0.1563340000000002, 136, 1.247066617012024, 0.5079872012138367
2, 7, 1, 0.13646750000000019, 136, 1.542721152305603, 0.40625
2, 5, 1, 0.17028840000000045, 136, 1.6218178272247314, 0.3692307770252228
2, 20, 1, 0.187519, 136, 1.454098105430603, 0.43865031003952026
2, 0, 1, 0.19108089999999933, 136, 1.642579436302185, 0.3862815797328949
2, 13, 1, 0.1764202999999993, 136, 1.6281139850616455, 0.3798449635505676
2, 11, 1, 0.15930099999999925, 136, 1.5453696250915527, 0.41796875
2, 21, 1, 0.15491719999999987, 136, 1.6517106294631958, 0.3515625
2, 8, 1, 0.16670419999999986, 136, 1.471132516860962, 0.49130433797836304
2, 27, 1, 0.1704908000000005, 136, 1.3833680152893066, 0.3639344274997711
2, 12, 1, 0.16254269999999948, 136, 1.5506665706634521, 0.39080458879470825
2, 17, 1, 0.16866519999999952, 136, 1.4448246955871582, 0.41237112879753113
2, 24, 1, 0.18245440000000013, 136, 1.6315627098083496, 0.3669724762439728
2, 15, 1, 0.18476919999999986, 136, 1.434983730316162, 0.4006849229335785
2, 9, 1, 0.1292137000000002, 136, 1.6580560207366943, 0.3744680881500244
3, 18, 1, 0.13722800000000035, 136, 1.39253568649292, 0.4861111044883728
3, 12, 1, 0.1543512000000007, 136, 1.445455551147461, 0.517241358757019
3, 4, 1, 0.1364882999999999, 136, 1.5147382020950317, 0.4273858964443207
3, 24, 1, 0.17654109999999967, 136, 1.5231759548187256, 0.3914373219013214
3, 2, 1, 0.16892770000000112, 136, 1.5624698400497437, 0.38235294818878174
3, 19, 1, 0.16411469999999984, 136, 1.4769477844238281, 0.41342756152153015
3, 17, 1, 0.15932190000000013, 136, 1.3084276914596558, 0.5257731676101685
3, 26, 1, 0.15914489999999937, 136, 1.4526135921478271, 0.46666666865348816
3, 21, 1, 0.14673490000000022, 136, 1.5635231733322144, 0.375
3, 29, 1, 0.1739866000000001, 136, 1.4169411659240723, 0.4771241843700409
3, 20, 1, 0.18484950000000033, 136, 1.2761613130569458, 0.5184049010276794
3, 13, 1, 0.1677496999999999, 136, 1.4798732995986938, 0.45348837971687317
3, 22, 1, 0.16081890000000065, 136, 1.4151922464370728, 0.40740740299224854
3, 6, 1, 0.16987430000000003, 136, 1.5838996171951294, 0.3658536672592163
3, 5, 1, 0.17332180000000008, 136, 1.499964714050293, 0.45769229531288147
3, 9, 1, 0.15365420000000007, 136, 1.5377053022384644, 0.44680851697921753
4, 5, 1, 0.16132799999999925, 136, 1.3899520635604858, 0.5730769038200378
4, 29, 1, 0.15623580000000015, 136, 1.283331036567688, 0.5784313678741455
4, 18, 1, 0.13085600000000053, 136, 1.2486255168914795, 0.625
4, 3, 1, 0.1517740999999999, 136, 1.525902271270752, 0.3754940629005432
4, 11, 1, 0.14483099999999993, 136, 1.4044883251190186, 0.55078125
4, 7, 1, 0.14532979999999984, 136, 1.4184902906417847, 0.4776785671710968
4, 24, 1, 0.16174640000000018, 136, 1.4167697429656982, 0.43119266629219055
4, 27, 1, 0.17456470000000035, 136, 1.263702392578125, 0.43606558442115784
4, 1, 1, 0.1339308999999993, 136, 1.4855509996414185, 0.43983402848243713
4, 16, 1, 0.19014439999999944, 136, 1.4958046674728394, 0.323129266500473
4, 21, 1, 0.1584159000000005, 136, 1.4809353351593018, 0.4140625
4, 28, 1, 0.18578070000000046, 136, 1.3232437372207642, 0.5127272605895996
4, 17, 1, 0.19956179999999968, 136, 1.1873854398727417, 0.6151202917098999
4, 14, 1, 0.1693882000000002, 136, 1.425955057144165, 0.572519063949585
4, 15, 1, 0.19434290000000054, 136, 1.283475637435913, 0.551369845867157
4, 6, 1, 0.17894330000000025, 136, 1.4430519342422485, 0.5081300735473633
4, 8, 1, 0.15273130000000013, 136, 1.312962532043457, 0.6000000238418579
5, 2, 1, 0.15646259999999934, 136, 1.4579126834869385, 0.5220588445663452
5, 17, 1, 0.1713819000000001, 136, 1.1002087593078613, 0.6735395193099976
5, 4, 1, 0.1862630000000003, 136, 1.3587309122085571, 0.6058091521263123
5, 21, 1, 0.14483859999999993, 136, 1.390672206878662, 0.4765625
5, 16, 1, 0.14677700000000016, 136, 1.3766839504241943, 0.3503401279449463
5, 14, 1, 0.18406729999999882, 136, 1.3288732767105103, 0.6030534505844116
5, 3, 1, 0.1598354999999998, 136, 1.3625808954238892, 0.4624505937099457
5, 7, 1, 0.15348639999999936, 136, 1.3095303773880005, 0.5401785969734192
5, 28, 1, 0.1810804000000008, 136, 1.2171005010604858, 0.6581818461418152
5, 24, 1, 0.16515569999999968, 136, 1.3227818012237549, 0.47706422209739685
5, 19, 1, 0.17726310000000023, 136, 1.3365923166275024, 0.4946996569633484
5, 13, 1, 0.17473580000000055, 136, 1.344847321510315, 0.5852712988853455
5, 11, 1, 0.16276709999999994, 136, 1.2830497026443481, 0.6484375
5, 6, 1, 0.15281260000000074, 136, 1.3306455612182617, 0.5081300735473633
5, 0, 1, 0.1637992999999991, 136, 1.5223983526229858, 0.505415141582489
5, 15, 1, 0.18533120000000025, 136, 1.1550941467285156, 0.6061643958091736
5, 1, 1, 0.17809630000000087, 136, 1.3464161157608032, 0.54356849193573
6, 5, 1, 0.16910260000000044, 136, 1.277841567993164, 0.6653845906257629
6, 4, 1, 0.13392909999999958, 136, 1.2331219911575317, 0.680497944355011
6, 13, 1, 0.16118169999999843, 136, 1.2447744607925415, 0.643410861492157
6, 20, 1, 0.1604189999999992, 136, 1.0964300632476807, 0.6226993799209595
6, 7, 1, 0.14766689999999993, 136, 1.2120369672775269, 0.5803571343421936
6, 14, 1, 0.16822840000000028, 136, 1.2053574323654175, 0.5992366671562195
6, 16, 1, 0.18064629999999937, 136, 1.2802186012268066, 0.43197280168533325
6, 10, 1, 0.17387469999999894, 136, 1.5414557456970215, 0.4722222089767456
6, 26, 1, 0.16886519999999905, 136, 1.3179360628128052, 0.6766666769981384
6, 22, 1, 0.18525619999999954, 136, 1.2523193359375, 0.5824915766716003
6, 0, 1, 0.15297739999999926, 136, 1.419161319732666, 0.47653430700302124
6, 28, 1, 0.15948840000000075, 136, 1.1285218000411987, 0.6436363458633423
6, 24, 1, 0.19300809999999835, 136, 1.2322901487350464, 0.5321100950241089
6, 6, 1, 0.18041780000000074, 136, 1.204757571220398, 0.7032520174980164
6, 9, 1, 0.1468057000000007, 136, 1.4097198247909546, 0.6127659678459167
7, 24, 1, 0.1728631000000007, 136, 1.1385947465896606, 0.5932721495628357
7, 23, 1, 0.15718809999999905, 136, 1.368443250656128, 0.5197368264198303
7, 28, 1, 0.15524689999999985, 136, 1.050110101699829, 0.7599999904632568
7, 12, 1, 0.16964499999999916, 136, 1.3272308111190796, 0.6130267977714539
7, 20, 1, 0.1807766000000015, 136, 0.9889964461326599, 0.6349693536758423
7, 1, 1, 0.1594786999999993, 136, 1.2373090982437134, 0.6390041708946228
7, 17, 1, 0.18249650000000006, 136, 1.0195204019546509, 0.6872852444648743
7, 0, 1, 0.1780108000000009, 136, 1.3196048736572266, 0.5523465871810913
7, 25, 1, 0.17818890000000032, 136, 1.0947163105010986, 0.5495207905769348
7, 13, 1, 0.1743573000000005, 136, 1.1375095844268799, 0.7596899271011353
7, 29, 1, 0.1745347000000006, 136, 1.1389880180358887, 0.6993464231491089
7, 14, 1, 0.17854810000000043, 136, 1.102763295173645, 0.6488549709320068
7, 6, 1, 0.17375350000000012, 136, 1.1059699058532715, 0.7357723712921143
7, 16, 1, 0.1740118000000006, 136, 1.1908437013626099, 0.4761904776096344
8, 10, 1, 0.14593980000000073, 136, 1.4341262578964233, 0.5198412537574768
8, 28, 1, 0.15129830000000055, 136, 0.9863268136978149, 0.6872727274894714
8, 17, 1, 0.16217320000000157, 136, 0.9178200364112854, 0.7216494679450989
8, 20, 1, 0.1714159000000013, 136, 0.882594108581543, 0.6748466491699219
8, 25, 1, 0.17487299999999983, 136, 0.9865012168884277, 0.6293929815292358
8, 2, 1, 0.16880809999999968, 136, 1.3655221462249756, 0.5772058963775635
8, 24, 1, 0.1810799000000003, 136, 1.057258129119873, 0.6452599167823792
8, 1, 1, 0.162919500000001, 136, 1.1430302858352661, 0.6473029255867004
8, 14, 1, 0.15777869999999972, 136, 1.001731038093567, 0.7175572514533997
8, 16, 1, 0.18534190000000095, 136, 1.1233524084091187, 0.523809552192688
9, 13, 1, 0.15370560000000033, 136, 1.0415029525756836, 0.7829457521438599
9, 0, 1, 0.16185090000000102, 136, 1.2300946712493896, 0.5667870044708252
9, 1, 1, 0.1385664000000002, 136, 1.0620640516281128, 0.7053942084312439
9, 14, 1, 0.1497402000000001, 136, 0.9136187434196472, 0.7557252049446106
9, 27, 1, 0.15840660000000018, 136, 1.1786140203475952, 0.5573770403862
9, 25, 1, 0.1654915999999993, 136, 0.9065062999725342, 0.6325878500938416
9, 17, 1, 0.14985979999999977, 136, 0.9172125458717346, 0.6872852444648743
9, 19, 1, 0.15397369999999988, 136, 1.2298084497451782, 0.5512367486953735
9, 28, 1, 0.1645708999999993, 136, 0.9061341881752014, 0.7636363506317139
9, 20, 1, 0.18014639999999993, 136, 0.8047995567321777, 0.7208588719367981
9, 24, 1, 0.20539330000000078, 136, 0.9987055659294128, 0.6238532066345215
9, 16, 1, 0.1719746999999998, 136, 1.0634640455245972, 0.5782312750816345
10, 23, 1, 0.15447969999999955, 136, 1.243417739868164, 0.5888158082962036
10, 18, 1, 0.17070760000000007, 136, 1.1283633708953857, 0.6805555820465088
10, 0, 1, 0.18482330000000147, 136, 1.1413706541061401, 0.5848375558853149
10, 7, 1, 0.1483983999999996, 136, 1.1245005130767822, 0.6339285969734192
10, 13, 1, 0.18433059999999912, 136, 0.9335938692092896, 0.7945736646652222
10, 14, 1, 0.16696489999999997, 136, 0.8378795385360718, 0.8435114622116089
10, 19, 1, 0.17045329999999836, 136, 1.121267318725586, 0.565371036529541
10, 17, 1, 0.19369670000000028, 136, 0.8227536082267761, 0.7628865838050842
10, 26, 1, 0.17795089999999902, 136, 1.1989513635635376, 0.7699999809265137
10, 4, 1, 0.17112899999999875, 136, 1.1251174211502075, 0.6970954537391663
10, 16, 1, 0.19565019999999933, 136, 0.9924117922782898, 0.646258533000946
10, 11, 1, 0.18454369999999898, 136, 1.1748353242874146, 0.66796875
10, 5, 1, 0.16474119999999992, 136, 1.1868994235992432, 0.7076923251152039
10, 28, 1, 0.20599330000000116, 136, 0.8577943444252014, 0.807272732257843
10, 9, 1, 0.15026860000000042, 136, 1.3013625144958496, 0.6893616914749146
11, 5, 1, 0.190999699999999, 136, 1.101362943649292, 0.7115384340286255
11, 1, 1, 0.1667020000000008, 136, 0.9889863729476929, 0.7510373592376709
11, 10, 1, 0.15754270000000048, 136, 1.330039620399475, 0.5992063283920288
11, 13, 1, 0.17050799999999988, 136, 0.864943265914917, 0.817829430103302
11, 12, 1, 0.17523160000000004, 136, 1.2273876667022705, 0.6666666865348816
11, 23, 1, 0.17546130000000026, 136, 1.1396163702011108, 0.6085526347160339
11, 8, 1, 0.18124689999999966, 136, 1.1801624298095703, 0.6608695387840271
11, 6, 1, 0.16187580000000068, 136, 1.0005006790161133, 0.8048780560493469
11, 7, 1, 0.14236130000000102, 136, 1.051233172416687, 0.6651785969734192
11, 16, 1, 0.17245120000000114, 136, 0.9360526204109192, 0.6530612111091614
11, 28, 1, 0.20010130000000004, 136, 0.7928690314292908, 0.8509091138839722
11, 15, 1, 0.2006996000000001, 136, 1.035194754600525, 0.7431507110595703
11, 9, 1, 0.14715549999999933, 136, 1.2087926864624023, 0.73617023229599
12, 7, 1, 0.12396520000000066, 136, 0.9798150658607483, 0.7589285969734192
12, 3, 1, 0.14145199999999925, 136, 1.232632040977478, 0.5928853750228882
12, 2, 1, 0.14136109999999924, 136, 1.2751084566116333, 0.6213235259056091
12, 28, 1, 0.16755969999999998, 136, 0.7246891856193542, 0.8545454740524292
12, 23, 1, 0.1511072999999996, 136, 1.030980110168457, 0.6907894611358643
12, 20, 1, 0.16920150000000156, 136, 0.7699187994003296, 0.7883435487747192
12, 5, 1, 0.16872790000000037, 136, 1.0155243873596191, 0.7538461685180664
12, 10, 1, 0.16590580000000088, 136, 1.23289954662323, 0.6150793433189392
12, 6, 1, 0.17327440000000038, 136, 0.8952235579490662, 0.8333333134651184
12, 1, 1, 0.14484090000000016, 136, 0.9305835962295532, 0.7468879818916321
12, 29, 1, 0.17878920000000065, 136, 1.0147364139556885, 0.7549019455909729
12, 25, 1, 0.17086840000000159, 136, 0.8627440333366394, 0.6964856386184692
12, 16, 1, 0.17478259999999857, 136, 0.8812903761863708, 0.6666666865348816
12, 8, 1, 0.17560029999999927, 136, 1.0381379127502441, 0.717391312122345
12, 15, 1, 0.17922159999999998, 136, 0.9316279888153076, 0.801369845867157
13, 11, 1, 0.13732949999999988, 136, 1.0830734968185425, 0.71875
13, 23, 1, 0.15805480000000038, 136, 0.9395304322242737, 0.7302631735801697
13, 8, 1, 0.1468949999999989, 136, 0.9233625531196594, 0.8173912763595581
13, 1, 1, 0.13621950000000105, 136, 0.881111204624176, 0.8132780194282532
13, 3, 1, 0.15055629999999987, 136, 1.1422172784805298, 0.5770751237869263
13, 2, 1, 0.14391700000000007, 136, 1.1846425533294678, 0.6727941036224365
13, 20, 1, 0.1652314999999991, 136, 0.6887564063072205, 0.8067484498023987
13, 27, 1, 0.1475314000000001, 136, 1.1000425815582275, 0.6491803526878357
13, 21, 1, 0.1326243999999992, 136, 1.2821049690246582, 0.60546875
13, 25, 1, 0.17599330000000002, 136, 0.7650597095489502, 0.8274760246276855
13, 16, 1, 0.14812280000000122, 136, 0.8501598238945007, 0.6496598720550537
13, 15, 1, 0.15682379999999974, 136, 0.8809956312179565, 0.7739726305007935
14, 11, 1, 0.14937300000000064, 136, 0.992943525314331, 0.7265625
14, 5, 1, 0.1433245000000003, 136, 0.9465711712837219, 0.7692307829856873
14, 21, 1, 0.13311790000000023, 136, 1.166304588317871, 0.69140625
14, 17, 1, 0.17099570000000064, 136, 0.7383593916893005, 0.831615149974823
14, 25, 1, 0.1602522999999998, 136, 0.7283981442451477, 0.8370606899261475
14, 27, 1, 0.1799824999999995, 136, 1.035738229751587, 0.685245931148529
14, 10, 1, 0.1708141999999988, 136, 1.1458250284194946, 0.6785714030265808
14, 8, 1, 0.1457114999999991, 136, 0.8603187799453735, 0.8173912763595581
14, 16, 1, 0.14497800000000005, 136, 0.7926300168037415, 0.738095223903656
14, 2, 1, 0.16025209999999923, 136, 1.0986124277114868, 0.6433823704719543
14, 14, 1, 0.18500869999999914, 136, 0.7885667085647583, 0.8167939186096191
14, 0, 1, 0.16820339999999945, 136, 1.0565285682678223, 0.6750902533531189
14, 15, 1, 0.18199139999999936, 136, 0.817103922367096, 0.8458904027938843
14, 22, 1, 0.16304219999999958, 136, 1.1387604475021362, 0.7003366947174072
15, 22, 1, 0.1865635000000001, 136, 1.045658826828003, 0.683501660823822
15, 15, 1, 0.1408453000000005, 136, 0.778945803642273, 0.784246563911438
15, 19, 1, 0.1789164999999997, 136, 1.0287449359893799, 0.6607773900032043
15, 25, 1, 0.14800280000000043, 136, 0.6874194741249084, 0.8530351519584656
15, 16, 1, 0.1509923999999998, 136, 0.7901825904846191, 0.7210884094238281
15, 0, 1, 0.14809749999999866, 136, 0.9836759567260742, 0.6967508792877197
15, 4, 1, 0.1518934999999999, 136, 1.0166813135147095, 0.771784245967865
15, 24, 1, 0.1901522, 136, 0.9089812636375427, 0.7125382423400879
15, 11, 1, 0.1590322000000004, 136, 0.9151625633239746, 0.70703125
15, 2, 1, 0.17342160000000106, 136, 1.0234853029251099, 0.6617646813392639
15, 5, 1, 0.17116610000000065, 136, 0.8639827966690063, 0.8269230723381042
15, 23, 1, 0.1646953, 136, 0.870251476764679, 0.7269737124443054
15, 13, 1, 0.15570390000000067, 136, 0.786096453666687, 0.8217054009437561
15, 27, 1, 0.19372670000000092, 136, 0.9686782360076904, 0.6688524484634399
16, 19, 1, 0.15443129999999883, 136, 0.9439618587493896, 0.6819788217544556
16, 3, 1, 0.15210999999999864, 136, 1.0863324403762817, 0.5770751237869263
16, 23, 1, 0.16546959999999977, 136, 0.8076713681221008, 0.7697368264198303
16, 0, 1, 0.16261189999999992, 136, 0.9069565534591675, 0.7328519821166992
16, 13, 1, 0.14106750000000012, 136, 0.7005458474159241, 0.856589138507843
16, 4, 1, 0.15331280000000014, 136, 0.9502778649330139, 0.7883817553520203
16, 18, 1, 0.1690567999999999, 136, 1.0076279640197754, 0.78125
16, 7, 1, 0.1729547999999994, 136, 0.9174318909645081, 0.8080357313156128
16, 29, 1, 0.16484529999999964, 136, 0.9133347868919373, 0.7712418437004089
16, 22, 1, 0.16354139999999973, 136, 0.9551803469657898, 0.7205387353897095
16, 24, 1, 0.16297599999999868, 136, 0.8587768077850342, 0.7247706651687622
16, 25, 1, 0.16256120000000074, 136, 0.6412651538848877, 0.894568681716919
16, 28, 1, 0.1635074000000003, 136, 0.6740899085998535, 0.9163636565208435
16, 10, 1, 0.15751309999999918, 136, 1.0792791843414307, 0.7460317611694336
17, 19, 1, 0.14326349999999977, 136, 0.8701117038726807, 0.731448769569397
17, 0, 1, 0.14416880000000099, 136, 0.8513856530189514, 0.7075812220573425
17, 18, 1, 0.16850709999999935, 136, 0.9253294467926025, 0.7569444179534912
17, 27, 1, 0.18088700000000024, 136, 0.9265183806419373, 0.7672131061553955
17, 13, 1, 0.15914049999999946, 136, 0.649642288684845, 0.856589138507843
17, 28, 1, 0.16431590000000007, 136, 0.6421117186546326, 0.8836363554000854
17, 4, 1, 0.16744639999999933, 136, 0.8719170093536377, 0.8091286420822144
17, 3, 1, 0.17934999999999945, 136, 0.9884429574012756, 0.7549406886100769
17, 24, 1, 0.15779419999999966, 136, 0.7956764101982117, 0.718654453754425
17, 22, 1, 0.1746876000000004, 136, 0.8806569576263428, 0.7138047218322754
18, 19, 1, 0.1871779999999994, 136, 0.8043990731239319, 0.7773851752281189
18, 3, 1, 0.16507520000000042, 136, 0.9381389617919922, 0.7272727489471436
18, 18, 1, 0.16488069999999944, 136, 0.8570195436477661, 0.7881944179534912
18, 27, 1, 0.19838410000000017, 136, 0.8616664409637451, 0.8032786846160889
18, 2, 1, 0.18460219999999872, 136, 0.9525471925735474, 0.779411792755127
18, 4, 1, 0.16666610000000048, 136, 0.8081235289573669, 0.8091286420822144
18, 22, 1, 0.1987755, 136, 0.8196300268173218, 0.7407407164573669
18, 28, 1, 0.19222830000000002, 136, 0.6243094205856323, 0.8545454740524292
18, 24, 1, 0.18509130000000162, 136, 0.765816330909729, 0.752293586730957
19, 3, 1, 0.1507416999999993, 136, 0.8681696653366089, 0.8221343755722046
19, 28, 1, 0.14170449999999946, 136, 0.5507407784461975, 0.9127272963523865
19, 0, 1, 0.14005909999999844, 136, 0.8110805749893188, 0.7220216393470764
19, 19, 1, 0.16331319999999927, 136, 0.7438464760780334, 0.8127208352088928
19, 12, 1, 0.1581122999999991, 136, 1.1262667179107666, 0.6896551847457886
19, 18, 1, 0.15648790000000012, 136, 0.7638571262359619, 0.8020833134651184
19, 1, 1, 0.15486999999999895, 136, 0.8267858624458313, 0.8381742835044861
19, 2, 1, 0.1518771000000001, 136, 0.8981009125709534, 0.7426470518112183
19, 23, 1, 0.15938290000000066, 136, 0.7497465014457703, 0.7828947305679321
19, 24, 1, 0.1714594999999992, 136, 0.6774240136146545, 0.8379204869270325
19, 10, 1, 0.15454519999999938, 136, 1.0006312131881714, 0.8055555820465088
19, 27, 1, 0.1722090000000005, 136, 0.8145657777786255, 0.796721339225769
19, 11, 1, 0.15421149999999884, 136, 0.8445607423782349, 0.796875
20, 4, 1, 0.16430869999999942, 136, 0.7387015223503113, 0.8547717928886414
20, 11, 1, 0.125847499999999, 136, 0.7904126644134521, 0.80859375
20, 24, 1, 0.1497476000000013, 136, 0.6482810974121094, 0.8593271970748901
20, 29, 1, 0.161265199999999, 136, 0.8697465062141418, 0.7843137383460999
20, 10, 1, 0.14526799999999973, 136, 0.9431895613670349, 0.829365074634552
20, 1, 1, 0.15148070000000047, 136, 0.7791444659233093, 0.8755186796188354
20, 12, 1, 0.1727647999999995, 136, 1.119419813156128, 0.7203065156936646
20, 2, 1, 0.16775069999999914, 136, 0.8254520297050476, 0.8088235259056091
20, 3, 1, 0.17125890000000155, 136, 0.8219980001449585, 0.790513813495636
20, 27, 1, 0.1665650999999997, 136, 0.7802630066871643, 0.8327868580818176
20, 0, 1, 0.15913990000000133, 136, 0.7458378076553345, 0.8194946050643921
20, 18, 1, 0.16344280000000033, 136, 0.6945281028747559, 0.8298611044883728
20, 15, 1, 0.18178669999999997, 136, 0.7302773594856262, 0.818493127822876
20, 9, 1, 0.1357324999999996, 136, 1.1049015522003174, 0.8425531983375549
21, 18, 1, 0.15160730000000022, 136, 0.628438413143158, 0.8368055820465088
21, 1, 1, 0.15207000000000015, 136, 0.7338222861289978, 0.8340249061584473
21, 29, 1, 0.16551710000000064, 136, 0.7898423075675964, 0.8562091588973999
21, 11, 1, 0.14772189999999874, 136, 0.7273213267326355, 0.828125
21, 10, 1, 0.16194989999999976, 136, 0.8676930069923401, 0.8690476417541504
21, 14, 1, 0.16209940000000067, 136, 0.7559094429016113, 0.8587786555290222
21, 13, 1, 0.15973579999999998, 136, 0.5722814202308655, 0.8604651093482971
21, 7, 1, 0.1394088999999994, 136, 0.8611960411071777, 0.8214285969734192
21, 24, 1, 0.1900392999999987, 136, 0.6055557727813721, 0.8440366983413696
21, 8, 1, 0.17473399999999906, 136, 0.7647313475608826, 0.8304347991943359
21, 4, 1, 0.15273430000000054, 136, 0.6875232458114624, 0.8755186796188354
21, 23, 1, 0.1819829999999989, 136, 0.7141805291175842, 0.8355262875556946
21, 9, 1, 0.13432509999999986, 136, 1.0222830772399902, 0.8553191423416138
22, 11, 1, 0.14507829999999977, 136, 0.7107410430908203, 0.81640625
22, 1, 1, 0.15571200000000118, 136, 0.6985287070274353, 0.8381742835044861
22, 2, 1, 0.15876619999999875, 136, 0.7754111886024475, 0.7941176295280457
22, 24, 1, 0.1386465999999995, 136, 0.6227346658706665, 0.8256880640983582
22, 27, 1, 0.17647490000000055, 136, 0.7289318442344666, 0.8163934350013733
22, 0, 1, 0.1618770000000005, 136, 0.6984142661094666, 0.8483754396438599
22, 8, 1, 0.158109099999999, 136, 0.7123434543609619, 0.8173912763595581
22, 13, 1, 0.15509589999999918, 136, 0.5415511131286621, 0.8294573426246643
22, 14, 1, 0.1542147000000007, 136, 0.692621648311615, 0.847328245639801
22, 9, 1, 0.1286334999999994, 136, 0.9626663327217102, 0.8468084931373596
23, 4, 1, 0.14006119999999989, 136, 0.641991376876831, 0.8796680569648743
23, 14, 1, 0.15535780000000088, 136, 0.5968185663223267, 0.9083969593048096
23, 3, 1, 0.15830019999999934, 136, 0.7785013318061829, 0.8577075004577637
23, 11, 1, 0.14872189999999996, 136, 0.6966738104820251, 0.796875
23, 0, 1, 0.1479689000000004, 136, 0.6595123410224915, 0.8086642622947693
23, 22, 1, 0.15870289999999976, 136, 0.7512393593788147, 0.7946127653121948
23, 23, 1, 0.16001780000000032, 136, 0.6553536653518677, 0.8552631735801697
23, 24, 1, 0.17776180000000075, 136, 0.5548492670059204, 0.8837920427322388
23, 8, 1, 0.18409019999999998, 136, 0.660399317741394, 0.8260869383811951
23, 6, 1, 0.1506842000000006, 136, 0.8208943009376526, 0.8739837408065796
23, 9, 1, 0.1357248000000002, 136, 0.8855759501457214, 0.8595744967460632
24, 20, 1, 0.15857220000000005, 136, 0.6279255747795105, 0.849693238735199
24, 11, 1, 0.1482334999999999, 136, 0.6208829283714294, 0.84765625
24, 26, 1, 0.16703200000000074, 136, 1.0910190343856812, 0.8299999833106995
24, 4, 1, 0.15734259999999978, 136, 0.6014115810394287, 0.8838174343109131
24, 7, 1, 0.15720849999999942, 136, 0.827359139919281, 0.7857142686843872
24, 0, 1, 0.17663860000000042, 136, 0.6332157850265503, 0.8592057824134827
24, 5, 1, 0.1682889000000003, 136, 0.7681213617324829, 0.8692307472229004
24, 8, 1, 0.16774009999999961, 136, 0.5800319314002991, 0.852173924446106
24, 22, 1, 0.16709450000000103, 136, 0.6988805532455444, 0.7845118045806885
24, 2, 1, 0.14977979999999746, 136, 0.7300153970718384, 0.8529411554336548
24, 6, 1, 0.15603510000000043, 136, 0.754139244556427, 0.8617886304855347
24, 9, 1, 0.1440166999999999, 136, 0.8064523339271545, 0.8936170339584351
25, 5, 1, 0.17024710000000098, 136, 0.7196716070175171, 0.8307692408561707
25, 7, 1, 0.15828879999999934, 136, 0.7754729986190796, 0.8303571343421936
25, 0, 1, 0.15570590000000095, 136, 0.578279972076416, 0.8375450968742371
25, 22, 1, 0.16514570000000006, 136, 0.6514188051223755, 0.8383838534355164
25, 20, 1, 0.18060099999999935, 136, 0.590069591999054, 0.8619632124900818
25, 29, 1, 0.1726124999999996, 136, 0.7114718556404114, 0.8954248428344727
25, 13, 1, 0.1651771999999987, 136, 0.5260730385780334, 0.8759689927101135
25, 8, 1, 0.17382079999999966, 136, 0.5521014332771301, 0.856521725654602
25, 27, 1, 0.17111419999999988, 136, 0.6856760382652283, 0.8524590134620667
25, 6, 1, 0.14093480000000014, 136, 0.6993383169174194, 0.8983739614486694
25, 9, 1, 0.13764449999999862, 136, 0.7911370992660522, 0.8468084931373596
26, 19, 1, 0.17368710000000043, 136, 0.7000203132629395, 0.833922266960144
26, 8, 1, 0.16305670000000028, 136, 0.5444639921188354, 0.813043475151062
26, 10, 1, 0.15389940000000024, 136, 0.7984378933906555, 0.8928571343421936
26, 27, 1, 0.1740794000000001, 136, 0.6543452739715576, 0.8622950911521912
26, 22, 1, 0.1529524000000002, 136, 0.5909172296524048, 0.8653198480606079
26, 4, 1, 0.1644400000000008, 136, 0.5653830766677856, 0.8838174343109131
26, 0, 1, 0.17445599999999928, 136, 0.5405662059783936, 0.8664259910583496
26, 20, 1, 0.17630169999999978, 136, 0.5353026986122131, 0.8987730145454407
26, 13, 1, 0.15073779999999992, 136, 0.4444058835506439, 0.8914728760719299
26, 6, 1, 0.16942580000000085, 136, 0.6411072015762329, 0.8780487775802612
26, 16, 1, 0.16587089999999982, 136, 0.7103418111801147, 0.8299319744110107
26, 15, 1, 0.17354259999999933, 136, 0.691227376461029, 0.8390411138534546
26, 9, 1, 0.13654229999999856, 136, 0.710657000541687, 0.9191489219665527
27, 8, 1, 0.12542589999999976, 136, 0.4755229353904724, 0.865217387676239
27, 22, 1, 0.1412489999999984, 136, 0.5592980980873108, 0.8282828330993652
27, 4, 1, 0.13337790000000282, 136, 0.5287815928459167, 0.8755186796188354
27, 27, 1, 0.13658590000000004, 136, 0.6174643039703369, 0.88852459192276
27, 16, 1, 0.14481579999999994, 136, 0.6812931895256042, 0.8163265585899353
27, 15, 1, 0.14123200000000047, 136, 0.657954752445221, 0.8595890402793884
27, 9, 1, 0.1299386000000009, 136, 0.6551303267478943, 0.9191489219665527
28, 22, 1, 0.14458630000000028, 136, 0.5158018469810486, 0.8855218887329102
28, 4, 1, 0.13420810000000216, 136, 0.5044614672660828, 0.9170124530792236
28, 8, 1, 0.14667560000000002, 136, 0.5280585289001465, 0.804347813129425
28, 27, 1, 0.1519458999999994, 136, 0.5895243883132935, 0.8426229357719421
28, 15, 1, 0.13713540000000002, 136, 0.6623622179031372, 0.818493127822876
28, 9, 1, 0.11451210000000067, 136, 0.6060380935668945, 0.9319148659706116
29, 4, 1, 0.1565550999999985, 136, 0.48114317655563354, 0.8838174343109131
29, 8, 1, 0.14724640000000022, 136, 0.43693238496780396, 0.843478262424469
29, 18, 1, 0.16483380000000025, 136, 0.5804271697998047, 0.8923611044883728
29, 16, 1, 0.16276459999999915, 136, 0.6433916091918945, 0.8401360511779785
29, 27, 1, 0.1668844000000007, 136, 0.5776882767677307, 0.8557376861572266
29, 15, 1, 0.15764949999999978, 136, 0.6056045889854431, 0.8698630332946777
29, 9, 1, 0.1204263000000001, 136, 0.591583251953125, 0.9191489219665527
30, 8, 1, 0.13594759999999972, 136, 0.47860682010650635, 0.8391304612159729
30, 4, 1, 0.14606560000000002, 136, 0.4608961045742035, 0.8879668116569519
30, 27, 1, 0.15788640000000065, 136, 0.541771650314331, 0.8393442630767822
30, 20, 1, 0.15322259999999943, 136, 0.5249307751655579, 0.8466257452964783
30, 17, 1, 0.1628848999999999, 136, 0.7167628407478333, 0.8419243693351746
30, 15, 1, 0.15060330000000022, 136, 0.5666032433509827, 0.8869863152503967
30, 16, 1, 0.14115750000000205, 136, 0.6142085194587708, 0.8435373902320862
30, 9, 1, 0.11706509999999959, 136, 0.5508531332015991, 0.914893627166748
31, 8, 1, 0.13954149999999998, 136, 0.392557829618454, 0.8608695864677429
31, 17, 1, 0.14477839999999986, 136, 0.6961867213249207, 0.7800687551498413
31, 20, 1, 0.15189250000000243, 136, 0.4826192557811737, 0.8773006200790405
31, 26, 1, 0.1564165000000024, 136, 0.9998432397842407, 0.8500000238418579
31, 4, 1, 0.1434035999999992, 136, 0.42445898056030273, 0.9045643210411072
31, 16, 1, 0.15617389999999887, 136, 0.5680732727050781, 0.8639456033706665
31, 15, 1, 0.1662292999999977, 136, 0.5627496838569641, 0.8390411138534546
31, 9, 1, 0.11179899999999954, 136, 0.49821802973747253, 0.9617021083831787
32, 8, 1, 0.13820069999999873, 136, 0.42358073592185974, 0.8304347991943359
32, 4, 1, 0.13412830000000042, 136, 0.41259387135505676, 0.908713698387146
32, 2, 1, 0.13868629999999982, 136, 0.695540189743042, 0.8492646813392639
32, 17, 1, 0.14715479999999914, 136, 0.6722028255462646, 0.8109965920448303
32, 26, 1, 0.17456290000000152, 136, 0.9251298904418945, 0.8199999928474426
32, 16, 1, 0.13982790000000023, 136, 0.5654489398002625, 0.8605442047119141
32, 15, 1, 0.13680949999999825, 136, 0.5369713306427002, 0.8527397513389587
32, 9, 1, 0.11804469999999867, 136, 0.4855065643787384, 0.936170220375061
33, 4, 1, 0.14470409999999845, 136, 0.38462331891059875, 0.9128630757331848
33, 25, 1, 0.15733260000000016, 136, 0.6108037233352661, 0.9041533470153809
33, 17, 1, 0.1537222000000007, 136, 0.6083018779754639, 0.831615149974823
33, 26, 1, 0.1670821999999994, 136, 0.8381863832473755, 0.8133333325386047
33, 8, 1, 0.15061799999999792, 136, 0.38699018955230713, 0.8304347991943359
33, 6, 1, 0.15533749999999813, 136, 0.5857068300247192, 0.8902438879013062
33, 16, 1, 0.16582280000000083, 136, 0.5770536065101624, 0.8299319744110107
33, 15, 1, 0.15528869999999984, 136, 0.49617239832878113, 0.8835616707801819
33, 9, 1, 0.1247733999999987, 136, 0.45410317182540894, 0.9446808695793152
34, 13, 1, 0.15036350000000098, 136, 0.4385659992694855, 0.8798449635505676
34, 8, 1, 0.1337592999999977, 136, 0.33963704109191895, 0.8826087117195129
34, 4, 1, 0.15720699999999965, 136, 0.376354843378067, 0.908713698387146
34, 17, 1, 0.18244850000000135, 136, 0.5551012754440308, 0.9037800431251526
34, 25, 1, 0.16024150000000148, 136, 0.5573365092277527, 0.9137380123138428
34, 26, 1, 0.16889079999999979, 136, 0.7565925121307373, 0.8566666841506958
34, 15, 1, 0.1573904000000006, 136, 0.5005137324333191, 0.8732876777648926
34, 6, 1, 0.1638005999999983, 136, 0.540217936038971, 0.9024389982223511
34, 9, 1, 0.12532189999999943, 136, 0.42200446128845215, 0.9404255151748657
35, 4, 1, 0.14440540000000013, 136, 0.34606748819351196, 0.9211618304252625
35, 24, 1, 0.14856539999999896, 136, 0.5266942381858826, 0.8746177554130554
35, 8, 1, 0.13672499999999843, 136, 0.34299299120903015, 0.886956512928009
35, 25, 1, 0.15842139999999816, 136, 0.5343784689903259, 0.9009584784507751
35, 13, 1, 0.14885950000000037, 136, 0.38518205285072327, 0.9186046719551086
35, 17, 1, 0.1631809000000004, 136, 0.5651142597198486, 0.8281787037849426
35, 15, 1, 0.1600508000000005, 136, 0.45039185881614685, 0.9041095972061157
35, 9, 1, 0.11211040000000061, 136, 0.39679470658302307, 0.9702127575874329
36, 8, 1, 0.15835460000000268, 136, 0.3459599018096924, 0.856521725654602
36, 24, 1, 0.1689947000000025, 136, 0.5031352639198303, 0.8776758313179016
36, 4, 1, 0.14978220000000064, 136, 0.34184908866882324, 0.8921161890029907
36, 13, 1, 0.15538229999999942, 136, 0.3743587136268616, 0.9031007885932922
36, 15, 1, 0.17793290000000184, 136, 0.4553784430027008, 0.8595890402793884
36, 9, 1, 0.1216146000000009, 136, 0.3697853982448578, 0.9617021083831787
37, 4, 1, 0.15110389999999896, 136, 0.3277994990348816, 0.8962655663490295
37, 13, 1, 0.14289579999999802, 136, 0.4699524939060211, 0.8527131676673889
37, 25, 1, 0.15531740000000127, 136, 0.5022404193878174, 0.9329073429107666
37, 8, 1, 0.14300499999999872, 136, 0.30745720863342285, 0.908695638179779
37, 24, 1, 0.1637076999999998, 136, 0.5092252492904663, 0.9021406769752502
37, 15, 1, 0.1372511999999979, 136, 0.4301280379295349, 0.8732876777648926
37, 9, 1, 0.12136079999999971, 136, 0.350322961807251, 0.936170220375061
38, 24, 1, 0.16415129999999678, 136, 0.4332598149776459, 0.9296635985374451
38, 8, 1, 0.14243170000000305, 136, 0.3006114661693573, 0.8913043737411499
38, 26, 1, 0.19249419999999873, 136, 0.6824071407318115, 0.8600000143051147
38, 13, 1, 0.1729617999999995, 136, 0.3748924434185028, 0.8759689927101135
38, 4, 1, 0.15391110000000197, 136, 0.3108941614627838, 0.908713698387146
38, 1, 1, 0.1553399000000013, 136, 0.6503753662109375, 0.863070547580719
38, 16, 1, 0.16513570000000044, 136, 0.4899885356426239, 0.8911564350128174
38, 18, 1, 0.1678260999999992, 136, 0.5357933044433594, 0.9201388955116272
38, 15, 1, 0.16346790000000055, 136, 0.43218857049942017, 0.835616409778595
38, 9, 1, 0.12887579999999943, 136, 0.3236936330795288, 0.9617021083831787
39, 24, 1, 0.17133030000000105, 136, 0.43941041827201843, 0.8929663896560669
39, 26, 1, 0.15662239999999983, 136, 0.6151806712150574, 0.8966666460037231
39, 8, 1, 0.14843179999999734, 136, 0.3108750581741333, 0.865217387676239
39, 1, 1, 0.16741710000000154, 136, 0.6241703033447266, 0.8464730381965637
39, 16, 1, 0.15571470000000076, 136, 0.490934818983078, 0.8469387888908386
39, 15, 1, 0.169686200000001, 136, 0.39019185304641724, 0.9006849527359009
40, 17, 1, 0.14622779999999835, 136, 0.5190036296844482, 0.8556700944900513
40, 4, 1, 0.14331650000000096, 136, 0.3045925199985504, 0.9128630757331848
40, 24, 1, 0.1505825999999999, 136, 0.4001237452030182, 0.9418960213661194
40, 8, 1, 0.13690190000000158, 136, 0.3330785632133484, 0.8782608509063721
40, 1, 1, 0.13255380000000017, 136, 0.5910797119140625, 0.8755186796188354
40, 15, 1, 0.15186669999999935, 136, 0.3887324631214142, 0.8938356041908264
40, 16, 1, 0.14429469999999966, 136, 0.45152491331100464, 0.8673469424247742
40, 9, 1, 0.12030389999999969, 136, 0.31192851066589355, 0.9659574627876282
41, 4, 1, 0.12929379999999924, 136, 0.3010040819644928, 0.9253112077713013
41, 8, 1, 0.12982289999999708, 136, 0.27052536606788635, 0.926086962223053
41, 17, 1, 0.13978270000000137, 136, 0.5111907124519348, 0.876288652420044
41, 16, 1, 0.13502910000000057, 136, 0.4500576853752136, 0.8571428656578064
41, 9, 1, 0.10759249999999909, 136, 0.2998632490634918, 0.9531915187835693
42, 3, 1, 0.14303769999999716, 136, 0.738887369632721, 0.8656126260757446
42, 24, 1, 0.14311899999999866, 136, 0.3916356861591339, 0.9082568883895874
42, 8, 1, 0.12641530000000145, 136, 0.32166585326194763, 0.856521725654602
42, 4, 1, 0.13655199999999823, 136, 0.27802419662475586, 0.9294605851173401
42, 17, 1, 0.13944260000000241, 136, 0.4385916590690613, 0.9140893220901489
42, 16, 1, 0.14240760000000208, 136, 0.42287373542785645, 0.8707482814788818
42, 15, 1, 0.1479184999999994, 136, 0.37225455045700073, 0.8801369667053223
42, 9, 1, 0.11670770000000275, 136, 0.2729240357875824, 0.9744681119918823
43, 4, 1, 0.13464030000000093, 136, 0.2638205289840698, 0.9294605851173401
43, 24, 1, 0.15752700000000175, 136, 0.3870317041873932, 0.9235473871231079
43, 8, 1, 0.141016699999998, 136, 0.3020886480808258, 0.865217387676239
43, 10, 1, 0.1632251000000018, 136, 0.7545793056488037, 0.89682537317276
43, 17, 1, 0.15306869999999861, 136, 0.420504629611969, 0.9209622144699097
43, 5, 1, 0.15369420000000034, 136, 0.6531793475151062, 0.8461538553237915
43, 16, 1, 0.15472390000000047, 136, 0.43147099018096924, 0.8707482814788818
43, 15, 1, 0.15552470000000085, 136, 0.36151260137557983, 0.8698630332946777
43, 9, 1, 0.12553060000000116, 136, 0.25799840688705444, 0.9659574627876282
44, 8, 1, 0.13244150000000232, 136, 0.34074145555496216, 0.895652174949646
44, 17, 1, 0.14458390000000065, 136, 0.3894364535808563, 0.9347078800201416
44, 5, 1, 0.13297689999999918, 136, 0.5980406999588013, 0.857692301273346
44, 4, 1, 0.12337739999999897, 136, 0.25802457332611084, 0.9170124530792236
44, 15, 1, 0.136750499999998, 136, 0.38112473487854004, 0.8869863152503967
44, 9, 1, 0.10542019999999752, 136, 0.246832937002182, 0.9659574627876282
45, 17, 1, 0.1430271999999988, 136, 0.4054321050643921, 0.900343656539917
45, 4, 1, 0.13992130000000103, 136, 0.2530003786087036, 0.9170124530792236
45, 8, 1, 0.1305423999999995, 136, 0.2670731544494629, 0.886956512928009
45, 24, 1, 0.1394403000000004, 136, 0.39685726165771484, 0.8470947742462158
45, 16, 1, 0.1393500000000003, 136, 0.3849143981933594, 0.884353756904602
45, 15, 1, 0.125975099999998, 136, 0.34311309456825256, 0.8904109597206116
45, 9, 1, 0.11956999999999951, 136, 0.25631213188171387, 0.9446808695793152
46, 17, 1, 0.1474158999999986, 136, 0.3950803279876709, 0.9037800431251526
46, 4, 1, 0.137206299999999, 136, 0.24795296788215637, 0.9336099624633789
46, 8, 1, 0.12931449999999955, 136, 0.25976699590682983, 0.865217387676239
46, 5, 1, 0.13593339999999898, 136, 0.5570662021636963, 0.857692301273346
46, 16, 1, 0.14007039999999904, 136, 0.4227351248264313, 0.8639456033706665
46, 15, 1, 0.15782579999999768, 136, 0.3444010615348816, 0.9006849527359009
46, 9, 1, 0.122282000000002, 136, 0.24380886554718018, 0.957446813583374
47, 5, 1, 0.14789949999999763, 136, 0.5221978425979614, 0.8769230842590332
47, 27, 1, 0.1515708999999994, 136, 0.5038872361183167, 0.8852459192276001
47, 8, 1, 0.13354950000000088, 136, 0.25308653712272644, 0.908695638179779
47, 12, 1, 0.16151139999999842, 136, 0.9858425259590149, 0.7662835121154785
47, 17, 1, 0.15361619999999832, 136, 0.3722223937511444, 0.8969072103500366
47, 24, 1, 0.1554701999999999, 136, 0.34424522519111633, 0.9174311757087708
47, 16, 1, 0.15435270000000045, 136, 0.35994952917099, 0.8911564350128174
47, 15, 1, 0.15223880000000278, 136, 0.31117841601371765, 0.9041095972061157
47, 9, 1, 0.11665169999999847, 136, 0.22554659843444824, 0.9617021083831787
48, 27, 1, 0.13057159999999968, 136, 0.4866952896118164, 0.8721311688423157
48, 8, 1, 0.12285170000000178, 136, 0.2500057816505432, 0.8826087117195129
48, 12, 1, 0.14094080000000275, 136, 0.8898967504501343, 0.7969348430633545
48, 5, 1, 0.11581110000000194, 136, 0.5070080161094666, 0.857692301273346
48, 15, 1, 0.1262162999999994, 136, 0.29065820574760437, 0.9246575236320496
49, 12, 1, 0.1543120000000009, 136, 0.8025023937225342, 0.8352490663528442
49, 8, 1, 0.12747189999999975, 136, 0.23949067294597626, 0.904347836971283
49, 24, 1, 0.1477232999999991, 136, 0.34564948081970215, 0.9113149642944336
49, 5, 1, 0.14427610000000257, 136, 0.4516132175922394, 0.8769230842590332
49, 15, 1, 0.15859030000000018, 136, 0.36223700642585754, 0.8424657583236694
49, 16, 1, 0.13832730000000026, 136, 0.3561958372592926, 0.8707482814788818
49, 9, 1, 0.13024760000000057, 136, 0.2038472592830658, 0.9659574627876282
50, 12, 1, 0.141505200000001, 136, 0.7467295527458191, 0.8850574493408203
50, 5, 1, 0.13700680000000176, 136, 0.4379594027996063, 0.8884615302085876
50, 8, 1, 0.12638709999999875, 136, 0.26825734972953796, 0.8826087117195129
50, 24, 1, 0.16577279999999917, 136, 0.33507710695266724, 0.8776758313179016
50, 29, 1, 0.14492050000000134, 136, 0.6782441735267639, 0.8921568393707275
50, 15, 1, 0.1469453999999999, 136, 0.3645201325416565, 0.8801369667053223
50, 9, 1, 0.1193281000000006, 136, 0.20467202365398407, 0.9659574627876282
51, 8, 1, 0.12840930000000128, 136, 0.23106369376182556, 0.908695638179779
51, 24, 1, 0.1369960999999975, 136, 0.3024631142616272, 0.9235473871231079
51, 12, 1, 0.13154209999999722, 136, 0.7048123478889465, 0.8620689511299133
51, 5, 1, 0.12505589999999955, 136, 0.421795517206192, 0.8961538672447205
51, 15, 1, 0.13958410000000043, 136, 0.26000118255615234, 0.9349315166473389
52, 8, 1, 0.14668310000000062, 136, 0.20613230764865875, 0.939130425453186
52, 1, 1, 0.1561047000000002, 136, 0.5681794881820679, 0.8713693022727966
52, 3, 1, 0.1635167000000024, 136, 0.7015784978866577, 0.8735178112983704
52, 24, 1, 0.1572564000000014, 136, 0.3016674816608429, 0.9235473871231079
52, 2, 1, 0.1629636000000012, 136, 0.6488101482391357, 0.9007353186607361
52, 18, 1, 0.16311560000000114, 136, 0.500381588935852, 0.90625
52, 4, 1, 0.15561429999999987, 136, 0.24454674124717712, 0.9004149436950684
52, 27, 1, 0.1622224999999986, 136, 0.4625389277935028, 0.8950819969177246
52, 12, 1, 0.15042610000000067, 136, 0.6446031332015991, 0.8697317838668823
52, 6, 1, 0.15166679999999744, 136, 0.5267606377601624, 0.8821138143539429
52, 9, 1, 0.11940280000000314, 136, 0.19604022800922394, 0.9702127575874329
53, 12, 1, 0.12752479999999977, 136, 0.6577436923980713, 0.8773946166038513
53, 27, 1, 0.12966360000000066, 136, 0.4347430169582367, 0.88852459192276
53, 2, 1, 0.11936509999999956, 136, 0.6151863932609558, 0.841911792755127
53, 8, 1, 0.12818830000000148, 136, 0.2312767207622528, 0.8826087117195129
53, 6, 1, 0.11740410000000168, 136, 0.4795583188533783, 0.9065040946006775
53, 9, 1, 0.10869539999999844, 136, 0.23313073813915253, 0.9404255151748657
54, 12, 1, 0.1335096, 136, 0.5943946838378906, 0.8544061183929443
54, 2, 1, 0.1315168999999976, 136, 0.5822571516036987, 0.8566176295280457
54, 24, 1, 0.14068669999999983, 136, 0.29590359330177307, 0.9021406769752502
54, 8, 1, 0.12372930000000082, 136, 0.2544865012168884, 0.8913043737411499
54, 1, 1, 0.12270949999999914, 136, 0.5516214966773987, 0.8589211702346802
54, 9, 1, 0.10907750000000149, 136, 0.18818049132823944, 0.9617021083831787
55, 2, 1, 0.13406880000000143, 136, 0.5626962780952454, 0.875
55, 4, 1, 0.13660020000000017, 136, 0.2275063544511795, 0.9294605851173401
55, 8, 1, 0.11889729999999687, 136, 0.2911394238471985, 0.908695638179779
55, 12, 1, 0.1311946000000006, 136, 0.63492351770401, 0.8390804529190063
55, 24, 1, 0.14513430000000227, 136, 0.3301825225353241, 0.8807339668273926
55, 9, 1, 0.11066800000000043, 136, 0.18085049092769623, 0.9617021083831787
56, 12, 1, 0.12399720000000158, 136, 0.5728046894073486, 0.8888888955116272
56, 8, 1, 0.11833400000000083, 136, 0.21973182260990143, 0.904347836971283
56, 24, 1, 0.1322291, 136, 0.29796868562698364, 0.8868501782417297
56, 6, 1, 0.11373790000000028, 136, 0.42751261591911316, 0.9268292784690857
56, 9, 1, 0.11343030000000098, 136, 0.1611054539680481, 0.9702127575874329
57, 2, 1, 0.15012610000000137, 136, 0.5250099897384644, 0.8860294222831726
57, 18, 1, 0.14715409999999807, 136, 0.469357967376709, 0.9270833134651184
57, 8, 1, 0.1432524000000015, 136, 0.21549634635448456, 0.886956512928009
57, 4, 1, 0.14024829999999966, 136, 0.24717576801776886, 0.9253112077713013
57, 27, 1, 0.17944510000000236, 136, 0.43560799956321716, 0.8721311688423157
57, 24, 1, 0.20818630000000127, 136, 0.3190285861492157, 0.9021406769752502
57, 6, 1, 0.15582919999999945, 136, 0.4198514223098755, 0.9065040946006775
57, 9, 1, 0.1115101999999979, 136, 0.16304893791675568, 0.9744681119918823
58, 27, 1, 0.15503460000000047, 136, 0.431494802236557, 0.8655737638473511
58, 2, 1, 0.13974580000000003, 136, 0.5065258741378784, 0.8933823704719543
58, 24, 1, 0.15889669999999967, 136, 0.2845780551433563, 0.9204893112182617
58, 8, 1, 0.14640009999999748, 136, 0.2830391824245453, 0.9130434989929199
58, 18, 1, 0.1468480999999997, 136, 0.4314262866973877, 0.9409722089767456
58, 4, 1, 0.1545115000000017, 136, 0.24569490551948547, 0.908713698387146
58, 9, 1, 0.11181090000000182, 136, 0.16922785341739655, 0.9617021083831787
59, 18, 1, 0.13173749999999984, 136, 0.4007784128189087, 0.9444444179534912
59, 27, 1, 0.15037929999999733, 136, 0.39471688866615295, 0.8819671869277954
59, 4, 1, 0.1384539999999994, 136, 0.21395426988601685, 0.9377593398094177
59, 11, 1, 0.13792060000000106, 136, 0.58091139793396, 0.88671875
59, 24, 1, 0.15251330000000252, 136, 0.2760072350502014, 0.9143730998039246
59, 8, 1, 0.13216569999999805, 136, 0.2103481888771057, 0.9130434989929199
59, 6, 1, 0.12564820000000054, 136, 0.4201454818248749, 0.8943089246749878
59, 9, 1, 0.1131210999999972, 136, 0.15944747626781464, 0.9617021083831787
60, 8, 1, 0.12740770000000268, 136, 0.20656313002109528, 0.9130434989929199
60, 27, 1, 0.13387720000000058, 136, 0.39959609508514404, 0.8950819969177246
60, 18, 1, 0.12074409999999958, 136, 0.384564071893692, 0.9513888955116272
60, 11, 1, 0.1184371000000013, 136, 0.5749133229255676, 0.82421875
60, 24, 1, 0.14495940000000118, 136, 0.24957886338233948, 0.9204893112182617
60, 9, 1, 0.11051259999999985, 136, 0.14589263498783112, 0.9744681119918823
61, 24, 1, 0.1931611999999987, 136, 0.2584245204925537, 0.9235473871231079
61, 5, 1, 0.18440220000000096, 136, 0.3974868059158325, 0.8807692527770996
61, 26, 1, 0.20080190000000187, 136, 0.5707235932350159, 0.8899999856948853
61, 8, 1, 0.17876599999999954, 136, 0.2178405374288559, 0.9434782862663269
61, 21, 1, 0.1835880000000003, 136, 1.0614110231399536, 0.7109375
61, 11, 1, 0.17081429999999997, 136, 0.5228790640830994, 0.91015625
61, 6, 1, 0.16945769999999882, 136, 0.3645060062408447, 0.9268292784690857
61, 9, 1, 0.13573660000000132, 136, 0.13671809434890747, 0.9872340559959412
62, 5, 1, 0.13614100000000207, 136, 0.3754993677139282, 0.9038461446762085
62, 8, 1, 0.138349299999998, 136, 0.19290190935134888, 0.9304347634315491
62, 21, 1, 0.12744839999999868, 136, 0.9594787359237671, 0.81640625
62, 6, 1, 0.12185099999999949, 136, 0.3475407361984253, 0.9146341681480408
62, 9, 1, 0.10831579999999974, 136, 0.15593065321445465, 0.9617021083831787
63, 21, 1, 0.13952109999999962, 136, 0.8873234987258911, 0.84765625
63, 25, 1, 0.14853409999999911, 136, 0.5132583975791931, 0.8817891478538513
63, 29, 1, 0.14953479999999786, 136, 0.6032766699790955, 0.9215686321258545
63, 26, 1, 0.143956799999998, 136, 0.5283895134925842, 0.8966666460037231
63, 8, 1, 0.14523579999999825, 136, 0.20818763971328735, 0.8999999761581421
63, 6, 1, 0.14746170000000092, 136, 0.3525858521461487, 0.9024389982223511
63, 9, 1, 0.11224780000000223, 136, 0.1463271826505661, 0.9659574627876282
64, 8, 1, 0.12581349999999958, 136, 0.20893900096416473, 0.8999999761581421
64, 26, 1, 0.12801160000000067, 136, 0.4837251305580139, 0.8933333158493042
64, 25, 1, 0.11957249999999675, 136, 0.484897643327713, 0.894568681716919
64, 6, 1, 0.10571370000000258, 136, 0.3163868188858032, 0.922764241695404
65, 26, 1, 0.1333832000000008, 136, 0.44809284806251526, 0.9200000166893005
65, 8, 1, 0.1128547000000033, 136, 0.19695036113262177, 0.8999999761581421
65, 25, 1, 0.11981950000000197, 136, 0.46382224559783936, 0.9265175461769104
65, 6, 1, 0.10136839999999836, 136, 0.2879830300807953, 0.9390243887901306
65, 9, 1, 0.1090574999999987, 136, 0.16002073884010315, 0.9404255151748657
66, 26, 1, 0.12495480000000114, 136, 0.40364620089530945, 0.8999999761581421
66, 25, 1, 0.12164539999999846, 136, 0.4332665801048279, 0.9169328808784485
66, 7, 1, 0.1123012999999986, 136, 0.7306786775588989, 0.8571428656578064
66, 8, 1, 0.11689280000000224, 136, 0.1977999210357666, 0.9217391014099121
66, 9, 1, 0.11142929999999751, 136, 0.13189539313316345, 0.9744681119918823
67, 4, 1, 0.12658640000000076, 136, 0.20930205285549164, 0.9502074718475342
67, 7, 1, 0.12382680000000335, 136, 0.678289532661438, 0.8973214030265808
67, 25, 1, 0.14012990000000158, 136, 0.377223938703537, 0.9552715420722961
67, 8, 1, 0.12741339999999823, 136, 0.18997634947299957, 0.9130434989929199
67, 15, 1, 0.12762989999999874, 136, 0.2559519410133362, 0.9452054500579834
67, 9, 1, 0.11106579999999866, 136, 0.12586700916290283, 0.978723406791687
68, 8, 1, 0.13556309999999883, 136, 0.20269301533699036, 0.904347836971283
68, 25, 1, 0.12201969999999918, 136, 0.37867051362991333, 0.9392971396446228
68, 4, 1, 0.1252186999999978, 136, 0.2049889713525772, 0.9419087171554565
68, 15, 1, 0.11770459999999972, 136, 0.2646801471710205, 0.9212328791618347
68, 9, 1, 0.10643399999999659, 136, 0.12678325176239014, 0.978723406791687
69, 25, 1, 0.12312740000000133, 136, 0.39169684052467346, 0.9009584784507751
69, 4, 1, 0.11110829999999794, 136, 0.24013753235340118, 0.8921161890029907
69, 8, 1, 0.1136336, 136, 0.21216531097888947, 0.9130434989929199
70, 4, 1, 0.11398940000000124, 136, 0.2078639566898346, 0.9336099624633789
70, 8, 1, 0.12402830000000264, 136, 0.22934195399284363, 0.8826087117195129
70, 25, 1, 0.12071470000000062, 136, 0.33389630913734436, 0.9361022114753723
70, 6, 1, 0.11908989999999875, 136, 0.31787416338920593, 0.8902438879013062
70, 9, 1, 0.106460000000002, 136, 0.12420216202735901, 0.9744681119918823
71, 4, 1, 0.11990059999999758, 136, 0.2031058967113495, 0.9211618304252625
71, 8, 1, 0.10862809999999712, 136, 0.1820027381181717, 0.9217391014099121
71, 6, 1, 0.12614699999999957, 136, 0.29880908131599426, 0.922764241695404
71, 9, 1, 0.10703490000000215, 136, 0.12050367146730423, 0.9829787015914917
72, 8, 1, 0.10558610000000357, 136, 0.33487698435783386, 0.8999999761581421
72, 4, 1, 0.11203049999999948, 136, 0.187143474817276, 0.9502074718475342
72, 6, 1, 0.12198110000000284, 136, 0.28423187136650085, 0.9308943152427673
72, 9, 1, 0.11327089999999984, 136, 0.13753962516784668, 0.9617021083831787
73, 8, 1, 0.12496870000000371, 136, 0.18609599769115448, 0.939130425453186
73, 4, 1, 0.12562300000000093, 136, 0.20002005994319916, 0.9211618304252625
73, 26, 1, 0.12794160000000332, 136, 0.37535515427589417, 0.903333306312561
73, 6, 1, 0.12442880000000045, 136, 0.24346862733364105, 0.9471544623374939
73, 9, 1, 0.10754810000000248, 136, 0.12096638232469559, 0.9659574627876282
74, 4, 1, 0.11412190000000066, 136, 0.21362222731113434, 0.9170124530792236
74, 8, 1, 0.11932110000000051, 136, 0.20118097960948944, 0.9217391014099121
74, 11, 1, 0.10800130000000152, 136, 0.5206456184387207, 0.8671875
74, 26, 1, 0.1250089999999986, 136, 0.37555983662605286, 0.8899999856948853
74, 6, 1, 0.12871789999999805, 136, 0.2935515344142914, 0.8983739614486694
74, 9, 1, 0.10822920000000025, 136, 0.11144048720598221, 0.9744681119918823
75, 11, 1, 0.1081013999999989, 136, 0.5041058659553528, 0.875
75, 26, 1, 0.11170120000000239, 136, 0.3438890278339386, 0.9100000262260437
75, 8, 1, 0.10262329999999764, 136, 0.22030234336853027, 0.917391300201416
76, 26, 1, 0.13268349999999884, 136, 0.3247339427471161, 0.8866666555404663
76, 8, 1, 0.1420022000000003, 136, 0.1739506870508194, 0.9347826242446899
76, 6, 1, 0.13959339999999898, 136, 0.23798464238643646, 0.9390243887901306
76, 9, 1, 0.10955749999999753, 136, 0.11387422680854797, 0.9659574627876282
77, 11, 1, 0.11347719999999839, 136, 0.5084733366966248, 0.83984375
77, 8, 1, 0.11676719999999818, 136, 0.17748072743415833, 0.926086962223053
77, 4, 1, 0.11300370000000015, 136, 0.18141134083271027, 0.9460580945014954
77, 6, 1, 0.11908320000000217, 136, 0.23786748945713043, 0.9268292784690857
77, 9, 1, 0.11554399999999987, 136, 0.1083683893084526, 0.978723406791687
78, 11, 1, 0.10723459999999818, 136, 0.4501255452632904, 0.89453125
78, 4, 1, 0.11141739999999345, 136, 0.22536823153495789, 0.8921161890029907
78, 8, 1, 0.10618769999999955, 136, 0.19158390164375305, 0.895652174949646
78, 9, 1, 0.09896189999999905, 136, 0.15333406627178192, 0.9617021083831787
79, 8, 1, 0.11784159999999844, 136, 0.15736797451972961, 0.95652174949646
79, 11, 1, 0.09795120000000068, 136, 0.4262981414794922, 0.8984375
79, 6, 1, 0.12165219999999977, 136, 0.21570457518100739, 0.9512194991111755
79, 9, 1, 0.10445610000000016, 136, 0.1051001101732254, 0.9744681119918823
80, 4, 1, 0.11792490000000555, 136, 0.17469769716262817, 0.9419087171554565
80, 13, 1, 0.12826439999999906, 136, 0.3177037537097931, 0.9263566136360168
80, 8, 1, 0.11096330000000165, 136, 0.15301163494586945, 0.960869550704956
80, 6, 1, 0.11311480000000174, 136, 0.27960723638534546, 0.9105691313743591
80, 9, 1, 0.10285750000000249, 136, 0.11188054829835892, 0.978723406791687
81, 13, 1, 0.1154471000000008, 136, 0.34505778551101685, 0.8992248177528381
81, 8, 1, 0.09528859999999639, 136, 0.18940603733062744, 0.9130434989929199
82, 4, 1, 0.1332846000000032, 136, 0.17887559533119202, 0.954356849193573
82, 13, 1, 0.12886760000000308, 136, 0.32498544454574585, 0.895348846912384
83, 13, 1, 0.12017420000000101, 136, 0.2832598388195038, 0.934108555316925
83, 8, 1, 0.10389730000000696, 136, 0.16892030835151672, 0.939130425453186
83, 4, 1, 0.1090512999999973, 136, 0.16937512159347534, 0.9668049812316895
83, 9, 1, 0.1079139999999974, 136, 0.10292200744152069, 0.9744681119918823
84, 4, 1, 0.1222071999999983, 136, 0.18924859166145325, 0.9336099624633789
84, 8, 1, 0.11016649999999828, 136, 0.22385500371456146, 0.904347836971283
84, 13, 1, 0.11303669999999855, 136, 0.2645164728164673, 0.9186046719551086
84, 9, 1, 0.10370949999999723, 136, 0.10745234042406082, 0.9744681119918823
85, 8, 1, 0.10939089999999396, 136, 0.18463551998138428, 0.908695638179779
85, 13, 1, 0.10441079999999658, 136, 0.24962598085403442, 0.9263566136360168
85, 9, 1, 0.11547010000000313, 136, 0.10948317497968674, 0.9659574627876282
86, 8, 1, 0.11425129999999939, 136, 0.16071496903896332, 0.9521738886833191
86, 13, 1, 0.11341269999999781, 136, 0.26842015981674194, 0.9069767594337463
86, 9, 1, 0.10107460000000046, 136, 0.09841630607843399, 0.9744681119918823
87, 13, 1, 0.11829200000000384, 136, 0.2541622221469879, 0.9224806427955627
87, 4, 1, 0.10257119999999986, 136, 0.17647294700145721, 0.954356849193573
87, 9, 1, 0.09295110000000051, 136, 0.10029914975166321, 0.9702127575874329
88, 13, 1, 0.10153520000000071, 136, 0.23210082948207855, 0.9379844665527344
88, 4, 1, 0.09774349999999998, 136, 0.15723450481891632, 0.9626556038856506
88, 9, 1, 0.09430580000000077, 136, 0.09827081114053726, 0.978723406791687
89, 4, 1, 0.11375119999999583, 136, 0.1611110419034958, 0.9460580945014954
89, 13, 1, 0.1000589000000005, 136, 0.28453606367111206, 0.9147287011146545
89, 9, 1, 0.09775440000000302, 136, 0.09137419611215591, 0.9829787015914917
90, 13, 1, 0.12525380000000297, 136, 0.3403487205505371, 0.9069767594337463
90, 4, 1, 0.09758159999999805, 136, 0.16525182127952576, 0.9294605851173401
90, 9, 1, 0.10723819999999762, 136, 0.08969711512327194, 0.9829787015914917
91, 14, 1, 0.1314813000000008, 136, 0.5716938376426697, 0.9236640930175781
91, 19, 1, 0.13273209999999835, 136, 0.6359657049179077, 0.8763250708580017
91, 8, 1, 0.12515840000000367, 136, 0.16672196984291077, 0.9347826242446899
91, 4, 1, 0.12564529999999507, 136, 0.14307865500450134, 0.9751037359237671
91, 13, 1, 0.13349069999999585, 136, 0.2424524426460266, 0.9108527302742004
91, 9, 1, 0.10126810000000219, 136, 0.09306827187538147, 0.9744681119918823
92, 8, 1, 0.11875650000000348, 136, 0.16466791927814484, 0.939130425453186
92, 14, 1, 0.13282929999999737, 136, 0.5525431632995605, 0.8358778357505798
92, 13, 1, 0.10615630000000209, 136, 0.24294748902320862, 0.9263566136360168
93, 8, 1, 0.12160790000000077, 136, 0.15068720281124115, 0.9434782862663269
93, 13, 1, 0.11149539999999547, 136, 0.2821807861328125, 0.9069767594337463
93, 14, 1, 0.09703490000000414, 136, 0.5108710527420044, 0.919847309589386
94, 13, 1, 0.11074740000000105, 136, 0.19475136697292328, 0.9457364082336426
94, 8, 1, 0.10231419999999503, 136, 0.1879809945821762, 0.9130434989929199
94, 9, 1, 0.1048753999999974, 136, 0.08940201252698898, 0.9829787015914917
95, 8, 1, 0.11956029999999629, 136, 0.151411771774292, 0.9304347634315491
95, 13, 1, 0.10343950000000035, 136, 0.2069701850414276, 0.934108555316925
95, 9, 1, 0.09474500000000319, 136, 0.08903452008962631, 0.978723406791687
96, 13, 1, 0.11108339999999828, 136, 0.2415699064731598, 0.9147287011146545
96, 8, 1, 0.09899610000000081, 136, 0.18645823001861572, 0.9130434989929199
96, 9, 1, 0.09329530000000119, 136, 0.097386933863163, 0.9744681119918823
97, 13, 1, 0.12099789999999899, 136, 0.20747460424900055, 0.9224806427955627
97, 8, 1, 0.11854259999999783, 136, 0.18013936281204224, 0.917391300201416
97, 9, 1, 0.10572010000000631, 136, 0.08073335886001587, 0.9829787015914917
98, 14, 1, 0.12360009999999733, 136, 0.4751611053943634, 0.9122137427330017
98, 13, 1, 0.10767309999999952, 136, 0.18304398655891418, 0.934108555316925
98, 9, 1, 0.10041850000000352, 136, 0.08216819912195206, 0.9829787015914917
99, 8, 1, 0.10742859999999865, 136, 0.13359783589839935, 0.95652174949646
99, 14, 1, 0.11241340000000122, 136, 0.5107954144477844, 0.9122137427330017
99, 9, 1, 0.11081380000000252, 136, 0.08583594113588333, 0.978723406791687
100, 13, 1, 0.1306913000000023, 136, 0.18832021951675415, 0.9263566136360168
100, 19, 1, 0.13988610000000534, 136, 0.5733413696289062, 0.9151943325996399
100, 4, 1, 0.13103679999999684, 136, 0.147793248295784, 0.9626556038856506
100, 14, 1, 0.12270720000000068, 136, 0.41866400837898254, 0.9389312863349915
100, 9, 1, 0.11861220000000117, 136, 0.07740460336208344, 0.9829787015914917