1, 11, 1, 5.883885, 48216, 1.6946537494659424, 0.2680489718914032
1, 0, 1, 6.6952052, 48216, 1.6436561346054077, 0.3279504179954529
1, 23, 1, 5.9480189, 48216, 1.6056491136550903, 0.2934761345386505
1, 8, 1, 6.2656702, 48216, 1.6753593683242798, 0.3013039231300354
1, 12, 1, 6.3276142, 48216, 1.605871319770813, 0.3067673444747925
1, 5, 1, 7.051392300000001, 48216, 1.6709998846054077, 0.2939906716346741
1, 2, 1, 6.624345, 48216, 1.670695185661316, 0.3308021128177643
1, 7, 1, 6.4568370999999996, 48216, 1.6932474374771118, 0.28926947712898254
1, 22, 1, 6.776338599999999, 48216, 1.7002569437026978, 0.2799697518348694
1, 10, 1, 7.2855417, 48216, 1.6624583005905151, 0.26302364468574524
1, 13, 1, 7.033756100000001, 48216, 1.6555482149124146, 0.2713049650192261
1, 20, 1, 8.429569700000002, 48216, 1.6908878087997437, 0.26715025305747986
1, 18, 1, 8.8502451, 48216, 1.6496981382369995, 0.2838999927043915
1, 14, 1, 7.1751281, 48216, 1.6669871807098389, 0.31890061497688293
1, 19, 1, 7.065004, 48216, 1.69243586063385, 0.271338552236557
1, 17, 1, 7.1986825, 48216, 1.6911094188690186, 0.2671058475971222
1, 15, 1, 7.4241003999999995, 48216, 1.694342851638794, 0.2974795997142792
1, 6, 1, 7.4194906, 48216, 1.6738214492797852, 0.27527540922164917
2, 7, 1, 6.067172000000001, 48216, 1.5183184146881104, 0.40725797414779663
2, 10, 1, 6.0697203, 48216, 1.4989646673202515, 0.3849640488624573
2, 4, 1, 5.9579685, 48216, 1.4972896575927734, 0.3151150047779083
2, 21, 1, 6.5931937000000005, 48216, 1.5105202198028564, 0.48567667603492737
2, 1, 1, 7.0583104, 48216, 1.4597488641738892, 0.4962402880191803
2, 18, 1, 7.216101999999999, 48216, 1.4432779550552368, 0.3943953216075897
2, 9, 1, 6.7419986000000005, 48216, 1.4974595308303833, 0.45189815759658813
2, 22, 1, 5.3842514, 48216, 1.5006071329116821, 0.46528732776641846
2, 0, 1, 6.527093200000001, 48216, 1.462561011314392, 0.40309736132621765
2, 5, 1, 5.818887799999999, 48216, 1.5024027824401855, 0.47754132747650146
3, 23, 1, 4.961835600000001, 48216, 1.4966695308685303, 0.4143466353416443
3, 16, 1, 5.628484199999999, 48216, 1.255494236946106, 0.565123438835144
3, 17, 1, 5.884378699999999, 48216, 1.2444007396697998, 0.5906937718391418
3, 13, 1, 5.349171000000002, 48216, 1.220313549041748, 0.5380070209503174
3, 11, 1, 5.2696304000000005, 48216, 1.3083142042160034, 0.6775343418121338
3, 7, 1, 6.057939699999999, 48216, 1.2967461347579956, 0.5893044471740723
3, 10, 1, 6.003340300000001, 48216, 1.2420393228530884, 0.6509813666343689
3, 0, 1, 6.289348799999999, 48216, 1.222399353981018, 0.6777868866920471
3, 14, 1, 6.048619600000002, 48216, 1.2737160921096802, 0.5752828121185303
3, 15, 1, 6.584690000000002, 48216, 1.2733718156814575, 0.5717998147010803
3, 20, 1, 6.6304386000000015, 48216, 1.2592703104019165, 0.6177532076835632
3, 22, 1, 5.527975000000001, 48216, 1.3074947595596313, 0.5235771536827087
3, 12, 1, 4.975704200000003, 48216, 1.2236653566360474, 0.6351149678230286
3, 19, 1, 5.244434699999999, 48216, 1.259591817855835, 0.7123656868934631
4, 23, 1, 5.606960699999998, 48216, 0.9659074544906616, 0.7426722645759583
4, 5, 1, 6.303983900000002, 48216, 1.0353354215621948, 0.7288823127746582
4, 10, 1, 6.5610234999999975, 48216, 0.9786432981491089, 0.8003921508789062
4, 14, 1, 6.560450600000003, 48216, 1.0250617265701294, 0.7243344187736511
4, 15, 1, 7.0337955, 48216, 1.0176775455474854, 0.7298263311386108
4, 21, 1, 6.097972800000001, 48216, 1.3276413679122925, 0.6078934669494629
4, 22, 1, 5.261937500000002, 48216, 1.1041898727416992, 0.6830263137817383
5, 1, 1, 6.5205597, 48216, 1.2328542470932007, 0.6197990775108337
5, 2, 1, 6.598240400000002, 48216, 0.7801880240440369, 0.7774869203567505
5, 4, 1, 5.402357599999998, 48216, 0.8108829855918884, 0.7703820466995239
5, 3, 1, 6.888523900000001, 48216, 0.8325944542884827, 0.7606795430183411
5, 6, 1, 6.5995001, 48216, 0.8044250011444092, 0.7791921496391296
5, 21, 1, 5.795990800000002, 48216, 1.09752357006073, 0.7311587929725647
5, 18, 1, 7.579658899999998, 48216, 0.7443684935569763, 0.7751350998878479
5, 8, 1, 5.6163095, 48216, 0.7691086530685425, 0.7976065278053284
6, 4, 1, 5.291582300000002, 48216, 0.6442233324050903, 0.7841055989265442
6, 21, 1, 5.643791200000003, 48216, 0.8049338459968567, 0.7941412925720215
6, 16, 1, 5.551560800000001, 48216, 0.6111416816711426, 0.8200355768203735
6, 13, 1, 5.856157500000002, 48216, 0.5809192657470703, 0.8011020421981812
6, 14, 1, 6.078344399999999, 48216, 0.7558602094650269, 0.7852967381477356
6, 5, 1, 5.936100700000004, 48216, 0.7656884789466858, 0.7721861004829407
6, 1, 1, 6.284031200000001, 48216, 0.660368025302887, 0.7949710488319397
6, 0, 1, 6.4758566, 48216, 0.7862000465393066, 0.7910088300704956
6, 9, 1, 5.964433500000002, 48216, 0.6501684188842773, 0.7831340432167053
7, 19, 1, 5.149927300000002, 48216, 0.9787757992744446, 0.767576277256012
7, 23, 1, 5.085440500000004, 48216, 0.69606614112854, 0.7636016011238098
7, 7, 1, 5.510380699999999, 48216, 0.9751490950584412, 0.771165668964386
7, 11, 1, 4.996985399999996, 48216, 0.5227457284927368, 0.8036777973175049
7, 14, 1, 5.751477600000001, 48216, 0.5417580008506775, 0.828552782535553
7, 9, 1, 5.6398394, 48216, 0.45700618624687195, 0.8518688678741455
7, 17, 1, 6.3453059, 48216, 0.933525562286377, 0.7516021132469177
7, 18, 1, 6.904962499999996, 48216, 0.4913776218891144, 0.8229816555976868
7, 20, 1, 7.045538999999998, 48216, 0.9182609915733337, 0.757856547832489
7, 22, 1, 5.330568700000001, 48216, 0.8585934638977051, 0.7399413585662842
7, 15, 1, 6.279265599999995, 48216, 0.5334585309028625, 0.8350753784179688
7, 12, 1, 4.6771962999999985, 48216, 0.9537397027015686, 0.7485153079032898
7, 5, 1, 5.307252300000002, 48216, 0.5504698753356934, 0.8332388401031494
8, 4, 1, 4.883470800000005, 48216, 0.4717126488685608, 0.837708592414856
8, 3, 1, 5.429621800000003, 48216, 0.585628867149353, 0.8086819052696228
8, 19, 1, 5.807257999999997, 48216, 0.48241400718688965, 0.8238293528556824
8, 5, 1, 5.6321364, 48216, 0.37071657180786133, 0.9038201570510864
8, 17, 1, 5.820353400000002, 48216, 0.5069009065628052, 0.8409624695777893
8, 6, 1, 6.348354700000002, 48216, 0.5414725542068481, 0.8030191659927368
8, 15, 1, 6.5865611999999985, 48216, 0.5203170776367188, 0.848833441734314
8, 20, 1, 6.8068501999999995, 48216, 0.4948367178440094, 0.841871440410614
8, 22, 1, 5.428501700000005, 48216, 0.6110626459121704, 0.8438960909843445
8, 23, 1, 4.865233400000001, 48216, 0.5301086902618408, 0.8186452388763428
8, 2, 1, 5.960773700000004, 48216, 0.5419340133666992, 0.804684042930603
8, 7, 1, 5.894967000000001, 48216, 0.6864153742790222, 0.7869537472724915
9, 23, 1, 5.013457899999999, 48216, 0.4107157588005066, 0.86775803565979
9, 12, 1, 5.005042899999999, 48216, 0.3617907166481018, 0.9096463322639465
9, 21, 1, 5.530943999999998, 48216, 0.5350669026374817, 0.8519923090934753
9, 7, 1, 6.150886200000002, 48216, 0.4740932285785675, 0.8214734196662903
9, 1, 1, 6.249386600000001, 48216, 0.4473433196544647, 0.8667963147163391
9, 2, 1, 6.155887700000001, 48216, 0.3745437562465668, 0.8918308615684509
9, 0, 1, 6.157894800000001, 48216, 0.49844691157341003, 0.8292443156242371
9, 20, 1, 6.843276099999997, 48216, 0.31053754687309265, 0.9167286157608032
9, 8, 1, 5.5042219000000046, 48216, 0.533759355545044, 0.8118272423744202
9, 6, 1, 6.095503600000001, 48216, 0.36239683628082275, 0.9033252000808716
9, 10, 1, 5.8832077, 48216, 0.6803737282752991, 0.8162882328033447
10, 13, 1, 4.776988500000002, 48216, 0.40878796577453613, 0.8664055466651917
10, 11, 1, 5.286479700000001, 48216, 0.36806720495224, 0.8897827863693237
10, 4, 1, 5.3389966000000015, 48216, 0.3460785448551178, 0.9192846417427063
10, 7, 1, 5.776282800000004, 48216, 0.37249913811683655, 0.8910685181617737
10, 14, 1, 5.5476521000000005, 48216, 0.3638578951358795, 0.901333212852478
10, 3, 1, 5.747495999999998, 48216, 0.39201363921165466, 0.9037055373191833
10, 0, 1, 6.0497832, 48216, 0.385904461145401, 0.8621035814285278
10, 17, 1, 6.094930499999997, 48216, 0.3296588063240051, 0.9167296886444092
10, 18, 1, 6.9690808, 48216, 0.3273814022541046, 0.9262322187423706
10, 10, 1, 5.143602599999994, 48216, 0.4872892200946808, 0.8300339579582214
10, 16, 1, 5.243842700000002, 48216, 0.43668970465660095, 0.8542909026145935
10, 19, 1, 5.109214999999999, 48216, 0.3372610807418823, 0.8940438032150269
11, 23, 1, 5.205716500000001, 48216, 0.31197360157966614, 0.9242966175079346
11, 21, 1, 5.688516500000006, 48216, 0.35607683658599854, 0.9097764492034912
11, 16, 1, 5.600087799999997, 48216, 0.2927972078323364, 0.9210911393165588
11, 4, 1, 5.231294300000002, 48216, 0.2559720277786255, 0.9448907375335693
11, 1, 1, 6.300826399999991, 48216, 0.3136761784553528, 0.909626841545105
11, 0, 1, 6.4220160000000135, 48216, 0.3082919418811798, 0.9131978750228882
11, 15, 1, 6.750938200000007, 48216, 0.3381308913230896, 0.9066363573074341
11, 20, 1, 7.096571400000002, 48216, 0.2026406079530716, 0.9390153288841248
11, 22, 1, 5.291557300000001, 48216, 0.39415135979652405, 0.898359477519989
11, 2, 1, 6.448293899999996, 48216, 0.2610835134983063, 0.933875560760498
12, 4, 1, 5.4252453, 48216, 0.18483039736747742, 0.9530196785926819
12, 21, 1, 5.864550900000012, 48216, 0.24723069369792938, 0.9193922877311707
12, 13, 1, 6.10792, 48216, 0.2970418632030487, 0.9281683564186096
12, 5, 1, 6.264691799999994, 48216, 0.24937601387500763, 0.9331690669059753
12, 10, 1, 6.554823999999996, 48216, 0.3462950885295868, 0.889928936958313
12, 17, 1, 7.078629100000001, 48216, 0.21568439900875092, 0.937925398349762
12, 15, 1, 7.100639299999997, 48216, 0.2257179468870163, 0.9289549589157104
12, 9, 1, 6.191419000000003, 48216, 0.3203355073928833, 0.9061794281005859
12, 8, 1, 5.6863727, 48216, 0.3776675760746002, 0.8651439547538757
13, 4, 1, 5.8473331, 48216, 0.13476605713367462, 0.9649978280067444
13, 5, 1, 6.258077, 48216, 0.1670849323272705, 0.9558457732200623
13, 21, 1, 6.375262200000009, 48216, 0.2108934074640274, 0.9383115172386169
13, 10, 1, 6.815095499999998, 48216, 0.24365437030792236, 0.9291843175888062
13, 7, 1, 6.842104599999999, 48216, 0.25060948729515076, 0.9234474301338196
13, 1, 1, 6.923914699999997, 48216, 0.22976665198802948, 0.9421707987785339
13, 9, 1, 6.461895599999998, 48216, 0.22289079427719116, 0.9270215034484863
13, 22, 1, 5.799505000000011, 48216, 0.25740963220596313, 0.9326138496398926
13, 8, 1, 6.0908704, 48216, 0.2753126323223114, 0.9245208501815796
14, 4, 1, 5.1228241000000025, 48216, 0.100166454911232, 0.9739157557487488
14, 13, 1, 5.442926799999995, 48216, 0.22498005628585815, 0.9412025213241577
14, 16, 1, 5.7587142, 48216, 0.20230327546596527, 0.9442281126976013
14, 5, 1, 6.034120900000005, 48216, 0.11853009462356567, 0.9666826725006104
14, 0, 1, 6.091489100000004, 48216, 0.17878596484661102, 0.9545828104019165
14, 10, 1, 6.094852799999998, 48216, 0.17116110026836395, 0.9477789998054504
14, 7, 1, 6.3881674999999944, 48216, 0.16825853288173676, 0.9532121419906616
14, 17, 1, 6.72891580000001, 48216, 0.14287398755550385, 0.9583449363708496
14, 11, 1, 5.162389799999993, 48216, 0.2706804871559143, 0.9250363707542419
14, 23, 1, 5.210677999999987, 48216, 0.23350422084331512, 0.9433879256248474
14, 19, 1, 5.211587899999998, 48216, 0.24878926575183868, 0.9264765977859497
15, 11, 1, 5.001222499999997, 48216, 0.20263926684856415, 0.9395787119865417
15, 23, 1, 5.065640099999996, 48216, 0.1750151515007019, 0.9490981101989746
15, 14, 1, 5.6624431999999985, 48216, 0.24884149432182312, 0.9267779588699341
15, 6, 1, 6.038909799999999, 48216, 0.25039419531822205, 0.9377601146697998
15, 17, 1, 6.409511999999992, 48216, 0.09822376817464828, 0.9817696809768677
15, 2, 1, 6.226438299999998, 48216, 0.1896813064813614, 0.959394097328186
15, 15, 1, 6.627321199999997, 48216, 0.15043151378631592, 0.956184446811676
15, 18, 1, 7.092722100000003, 48216, 0.22103720903396606, 0.9458468556404114
15, 19, 1, 5.363344900000001, 48216, 0.1875704973936081, 0.9464439749717712
15, 13, 1, 5.586451199999999, 48216, 0.1998223066329956, 0.9519573450088501
15, 3, 1, 5.473210399999999, 48216, 0.2744832932949066, 0.9358333945274353
16, 23, 1, 5.0156424999999984, 48216, 0.13163891434669495, 0.9584599733352661
16, 12, 1, 5.017051799999997, 48216, 0.2602256238460541, 0.938338577747345
16, 11, 1, 5.228813200000005, 48216, 0.15154780447483063, 0.9641600847244263
16, 3, 1, 5.684732100000005, 48216, 0.20258569717407227, 0.9510835409164429
16, 10, 1, 5.985611399999996, 48216, 0.12302972376346588, 0.9578563570976257
16, 1, 1, 6.281028200000009, 48216, 0.16886557638645172, 0.9598163366317749
16, 6, 1, 6.0768508000000026, 48216, 0.17272941768169403, 0.9505916237831116
16, 18, 1, 7.055498700000001, 48216, 0.14571119844913483, 0.9606838226318359
16, 9, 1, 5.865520099999998, 48216, 0.15795224905014038, 0.948344349861145
16, 19, 1, 5.437182899999996, 48216, 0.14151979982852936, 0.9649154543876648
16, 7, 1, 6.0982376000000045, 48216, 0.11591241508722305, 0.9806714653968811
17, 12, 1, 4.514269799999994, 48216, 0.1902332752943039, 0.9452306032180786
17, 13, 1, 4.977486899999988, 48216, 0.11302154511213303, 0.9753701090812683
17, 16, 1, 4.948681199999996, 48216, 0.14244145154953003, 0.9606356024742126
17, 11, 1, 5.306021700000002, 48216, 0.11603095382452011, 0.9771543741226196
17, 3, 1, 5.709672999999995, 48216, 0.1539483368396759, 0.9624543190002441
17, 14, 1, 5.675257099999996, 48216, 0.1364280879497528, 0.9660176038742065
17, 0, 1, 6.1275203000000005, 48216, 0.11467811465263367, 0.9714337587356567
17, 18, 1, 6.834475299999994, 48216, 0.09458084404468536, 0.9820010662078857
17, 6, 1, 6.247233800000004, 48216, 0.12394428998231888, 0.9643206596374512
17, 8, 1, 5.528506199999995, 48216, 0.2014278918504715, 0.9423514604568481
17, 21, 1, 5.4890398999999945, 48216, 0.1247308999300003, 0.9695908427238464
18, 12, 1, 5.010784799999996, 48216, 0.13770008087158203, 0.9618985056877136
18, 23, 1, 5.157068100000004, 48216, 0.10004939138889313, 0.9712772965431213
18, 5, 1, 5.849122000000008, 48216, 0.08865576237440109, 0.978130042552948
18, 13, 1, 5.7442139999999995, 48216, 0.07900497317314148, 0.9878953099250793
18, 3, 1, 5.744368600000001, 48216, 0.12206468731164932, 0.9736466407775879
18, 14, 1, 6.018691699999991, 48216, 0.0900048241019249, 0.9823358654975891
18, 1, 1, 6.253992700000012, 48216, 0.12009770423173904, 0.9765194058418274
18, 10, 1, 6.2049029000000075, 48216, 0.09167145937681198, 0.9760293364524841
18, 0, 1, 6.391550900000013, 48216, 0.10171857476234436, 0.9780938625335693
18, 8, 1, 5.5040321999999975, 48216, 0.1484360694885254, 0.9590224623680115
19, 23, 1, 5.224727200000004, 48216, 0.07688125222921371, 0.9812518358230591
19, 13, 1, 5.755458000000004, 48216, 0.0568319708108902, 0.9942906498908997
19, 3, 1, 5.924026600000005, 48216, 0.10067155212163925, 0.9795103669166565
19, 0, 1, 6.4756340999999935, 48216, 0.06126217171549797, 0.985355794429779
19, 6, 1, 6.460918199999995, 48216, 0.09438696503639221, 0.9773765802383423
19, 20, 1, 7.109184200000001, 48216, 0.134262815117836, 0.9659080505371094
19, 9, 1, 6.070934699999995, 48216, 0.1132664680480957, 0.9759804606437683
19, 22, 1, 5.4457306000000045, 48216, 0.18577273190021515, 0.9701219201087952
19, 8, 1, 5.709443900000011, 48216, 0.11312437802553177, 0.9732431769371033
19, 15, 1, 6.817079100000001, 48216, 0.10115649551153183, 0.9866241216659546
20, 11, 1, 5.488793700000002, 48216, 0.08906123787164688, 0.9863489270210266
20, 3, 1, 5.839938199999992, 48216, 0.08447258919477463, 0.9818291068077087
20, 14, 1, 5.909183900000002, 48216, 0.0629846379160881, 0.9915674924850464
20, 10, 1, 6.05672460000001, 48216, 0.06992331147193909, 0.9866759181022644
20, 2, 1, 6.233453800000007, 48216, 0.14173603057861328, 0.9697254300117493
20, 15, 1, 6.625635199999991, 48216, 0.07072077691555023, 0.9951846599578857
20, 20, 1, 6.8391856000000075, 48216, 0.0930468961596489, 0.9841690063476562
20, 22, 1, 5.406237400000009, 48216, 0.14172393083572388, 0.9779351353645325
20, 8, 1, 5.807586900000004, 48216, 0.08923691511154175, 0.9826507568359375
20, 21, 1, 5.331447400000002, 48216, 0.0917116180062294, 0.9840033650398254
20, 16, 1, 5.446884300000008, 48216, 0.10283082723617554, 0.9795413017272949
21, 12, 1, 5.3595538999999945, 48216, 0.10337460786104202, 0.9742405414581299
21, 4, 1, 5.4484826000000055, 48216, 0.07685377448797226, 0.9853918552398682
21, 23, 1, 5.464404700000003, 48216, 0.060148198157548904, 0.9884570240974426
21, 16, 1, 5.665153600000011, 48216, 0.07699620723724365, 0.9880489110946655
21, 3, 1, 5.967240799999999, 48216, 0.07123468071222305, 0.9834343791007996
21, 17, 1, 6.607878499999998, 48216, 0.06983330100774765, 0.9947060346603394
21, 2, 1, 6.647593799999996, 48216, 0.10630901902914047, 0.9786579012870789
21, 1, 1, 6.7152677000000125, 48216, 0.0810418352484703, 0.9881895184516907
21, 22, 1, 5.441624499999989, 48216, 0.11001533269882202, 0.9793785810470581
22, 12, 1, 4.9243073000000095, 48216, 0.08065030723810196, 0.9823545217514038
22, 23, 1, 4.934691200000003, 48216, 0.04738399386405945, 0.9936035871505737
22, 4, 1, 5.334212399999998, 48216, 0.060398951172828674, 0.9914407134056091
22, 19, 1, 5.607869699999995, 48216, 0.10854251682758331, 0.9803499579429626
22, 3, 1, 5.779085100000003, 48216, 0.06001220643520355, 0.9848613142967224
22, 5, 1, 5.8405474000000055, 48216, 0.06804290413856506, 0.9851292967796326
22, 2, 1, 6.271588100000002, 48216, 0.07892276346683502, 0.9861516356468201
22, 7, 1, 6.33845580000002, 48216, 0.08226772397756577, 0.9949774742126465
22, 6, 1, 6.1610239000000036, 48216, 0.07429369539022446, 0.9839453101158142
22, 22, 1, 5.374961800000008, 48216, 0.08584747463464737, 0.981921911239624
22, 8, 1, 5.665315099999987, 48216, 0.07194799929857254, 0.9874638915061951
23, 4, 1, 6.109756000000004, 48216, 0.048639923334121704, 0.9939033389091492
23, 3, 1, 6.470404299999998, 48216, 0.052205801010131836, 0.9854187369346619
23, 6, 1, 6.744624099999996, 48216, 0.05942031741142273, 0.9877396821975708
23, 22, 1, 5.552528899999999, 48216, 0.06735433638095856, 0.9860920310020447
24, 12, 1, 6.445043900000002, 48216, 0.06416720896959305, 0.9874135255813599
24, 4, 1, 6.577837700000018, 48216, 0.03918962553143501, 0.9953856468200684
24, 11, 1, 6.751674999999992, 48216, 0.06881629675626755, 0.9907585382461548
24, 19, 1, 6.964483200000004, 48216, 0.08436519652605057, 0.9881918430328369
24, 3, 1, 7.2097981, 48216, 0.04578009620308876, 0.9871577620506287
24, 1, 1, 7.7206357000000025, 48216, 0.058216385543346405, 0.9924805760383606
24, 9, 1, 7.171669100000003, 48216, 0.08141123503446579, 0.9918262362480164
24, 22, 1, 6.087958499999985, 48216, 0.052947577089071274, 0.9900788068771362
25, 12, 1, 5.405541599999992, 48216, 0.05229387432336807, 0.9898330569267273
25, 19, 1, 6.014802000000003, 48216, 0.0658099576830864, 0.9935406446456909
25, 3, 1, 6.187993000000006, 48216, 0.040695030242204666, 0.9883394241333008
25, 10, 1, 6.493753400000003, 48216, 0.05424845218658447, 0.9919043779373169
25, 2, 1, 6.810896500000013, 48216, 0.0580141618847847, 0.9933255910873413
25, 17, 1, 6.868260800000002, 48216, 0.05080069229006767, 0.9978306889533997
25, 23, 1, 5.529224199999987, 48216, 0.037526294589042664, 0.9958582520484924
25, 8, 1, 5.536269499999989, 48216, 0.05837696045637131, 0.9912487864494324
26, 12, 1, 5.109067500000009, 48216, 0.042546872049570084, 0.9934746026992798
26, 4, 1, 5.234833000000009, 48216, 0.03178904950618744, 0.996700644493103
26, 11, 1, 5.396477400000009, 48216, 0.05447908118367195, 0.9936670064926147
26, 5, 1, 5.756800700000014, 48216, 0.05348578467965126, 0.9889014959335327
26, 10, 1, 6.0950196000000005, 48216, 0.042365096509456635, 0.994265615940094
26, 6, 1, 6.0920301000000165, 48216, 0.04795706272125244, 0.991146445274353
26, 0, 1, 6.316551599999997, 48216, 0.049228135496377945, 0.9889466166496277
26, 18, 1, 7.04712649999999, 48216, 0.06236640363931656, 0.9955002665519714
26, 9, 1, 5.907308499999999, 48216, 0.05949806049466133, 0.9964879751205444
26, 8, 1, 5.518290699999994, 48216, 0.04747220501303673, 0.992845892906189
26, 3, 1, 5.75344819999998, 48216, 0.03631448745727539, 0.9892981648445129
27, 16, 1, 5.20286209999999, 48216, 0.059230390936136246, 0.9922126531600952
27, 11, 1, 5.535868500000021, 48216, 0.042848896235227585, 0.9950274229049683
27, 21, 1, 5.746221600000013, 48216, 0.06845331937074661, 0.9909642338752747
27, 14, 1, 5.697662799999989, 48216, 0.044523272663354874, 0.9962989687919617
27, 3, 1, 5.787894999999992, 48216, 0.03206176683306694, 0.990591287612915
27, 5, 1, 5.787123500000007, 48216, 0.043649639934301376, 0.9914526343345642
27, 6, 1, 6.196129600000006, 48216, 0.03833422437310219, 0.9933904409408569
27, 0, 1, 6.432170200000002, 48216, 0.03980926796793938, 0.991534411907196
27, 20, 1, 6.889758999999998, 48216, 0.06651579588651657, 0.991767168045044
28, 14, 1, 6.056461600000006, 48216, 0.10683038830757141, 0.9875089526176453
28, 20, 1, 6.941621599999991, 48216, 0.0475289411842823, 0.9962462782859802
29, 3, 1, 5.948543999999998, 48216, 0.028571633622050285, 0.9918621182441711
29, 5, 1, 6.2316715000000045, 48216, 0.036035992205142975, 0.993044376373291
29, 14, 1, 6.37029339999998, 48216, 0.046544622629880905, 0.9958363175392151
29, 16, 1, 5.8107351000000165, 48216, 0.045896779745817184, 0.9944858551025391
29, 0, 1, 6.665263399999986, 48216, 0.03266425430774689, 0.9938614368438721
29, 6, 1, 6.617789500000015, 48216, 0.03095448948442936, 0.995328426361084
29, 15, 1, 6.9991533000000175, 48216, 0.049952223896980286, 0.9976114630699158
29, 8, 1, 5.48928140000001, 48216, 0.03871944546699524, 0.994727373123169
30, 5, 1, 5.949624900000003, 48216, 0.029800964519381523, 0.9948323369026184
30, 3, 1, 6.08856879999999, 48216, 0.02530478686094284, 0.9929769039154053
30, 1, 1, 6.581919099999993, 48216, 0.04236796498298645, 0.9956086874008179
30, 6, 1, 6.611257299999977, 48216, 0.025195026770234108, 0.9966340065002441
30, 0, 1, 6.604196800000011, 48216, 0.02780311368405819, 0.9949246644973755
30, 17, 1, 6.673796300000021, 48216, 0.03733859956264496, 0.9992039203643799
30, 16, 1, 5.902911099999983, 48216, 0.03653649985790253, 0.9959712624549866
30, 22, 1, 5.48528859999999, 48216, 0.041442517191171646, 0.9936302900314331
30, 8, 1, 5.761926299999999, 48216, 0.03218039870262146, 0.995514988899231
31, 12, 1, 5.388020900000015, 48216, 0.03524210304021835, 0.9956986308097839
31, 21, 1, 5.798412099999979, 48216, 0.05191345885396004, 0.9955602288246155
31, 13, 1, 6.089728899999983, 48216, 0.04127451404929161, 0.9973002076148987
31, 3, 1, 6.154609399999998, 48216, 0.02183070406317711, 0.9942031502723694
31, 0, 1, 6.6756374999999935, 48216, 0.02368035726249218, 0.9958474636077881
31, 6, 1, 6.46447520000001, 48216, 0.020910687744617462, 0.997429609298706
31, 22, 1, 5.369420600000012, 48216, 0.0327116996049881, 0.9959673881530762
31, 16, 1, 5.836417799999992, 48216, 0.029546162113547325, 0.9972541928291321
31, 5, 1, 5.993685900000003, 48216, 0.024938080459833145, 0.9962278008460999
32, 12, 1, 5.4989750000000015, 48216, 0.029377851635217667, 0.9970916509628296
32, 3, 1, 6.170551500000016, 48216, 0.019380124285817146, 0.9951172471046448
32, 5, 1, 6.203607699999992, 48216, 0.021041972562670708, 0.9970999956130981
32, 0, 1, 6.786228599999987, 48216, 0.02023393288254738, 0.9966899752616882
32, 1, 1, 6.746292300000022, 48216, 0.03200070559978485, 0.9969120621681213
32, 20, 1, 7.362917900000014, 48216, 0.03441900387406349, 0.9982954263687134
32, 19, 1, 6.045411300000012, 48216, 0.05011323094367981, 0.996441662311554
33, 23, 1, 5.439839599999999, 48216, 0.029575180262327194, 0.9980149269104004
33, 21, 1, 6.138471999999979, 48216, 0.040123242884874344, 0.9974119663238525
33, 3, 1, 6.218049100000002, 48216, 0.017030756920576096, 0.9960536956787109
33, 5, 1, 6.310677900000002, 48216, 0.01761036552488804, 0.9977541565895081
33, 0, 1, 6.999383200000011, 48216, 0.017395468428730965, 0.9973118901252747
33, 4, 1, 5.543613300000004, 48216, 0.02624349482357502, 0.9973461627960205
33, 6, 1, 6.749330799999996, 48216, 0.017526894807815552, 0.9983271956443787
33, 20, 1, 7.607736899999992, 48216, 0.025710677728056908, 0.9989663362503052
34, 23, 1, 6.323937999999998, 48216, 0.024080218747258186, 0.9985295534133911
34, 21, 1, 7.085214100000002, 48216, 0.03105255216360092, 0.9986613988876343
34, 5, 1, 7.12919740000001, 48216, 0.015112373977899551, 0.9984518885612488
34, 3, 1, 7.18533069999998, 48216, 0.0145339947193861, 0.9969232082366943
34, 0, 1, 7.737901399999998, 48216, 0.015301338396966457, 0.997672975063324
34, 8, 1, 6.112676399999998, 48216, 0.02676626667380333, 0.9966526627540588
35, 11, 1, 5.809530099999989, 48216, 0.03422496095299721, 0.996669352054596
35, 5, 1, 6.251228800000007, 48216, 0.012996552512049675, 0.9989097714424133
35, 3, 1, 6.208882700000004, 48216, 0.012936440296471119, 0.9975252151489258
35, 14, 1, 6.455048300000016, 48216, 0.03458845242857933, 0.9970139265060425
35, 15, 1, 6.991689600000001, 48216, 0.03528611361980438, 0.9988725781440735
35, 13, 1, 6.210218199999986, 48216, 0.030599668622016907, 0.9989156723022461
35, 12, 1, 5.6047279, 48216, 0.024656711146235466, 0.9979470372200012
35, 8, 1, 5.546320899999984, 48216, 0.022175567224621773, 0.9973746538162231
36, 12, 1, 5.729668199999992, 48216, 0.021004190668463707, 0.9984358549118042
36, 4, 1, 5.782939499999998, 48216, 0.0217974241822958, 0.9983264207839966
36, 3, 1, 6.327978099999996, 48216, 0.011105725541710854, 0.9980602860450745
36, 14, 1, 6.564436000000001, 48216, 0.0267376359552145, 0.9978550672531128
36, 2, 1, 6.91472060000001, 48216, 0.041837237775325775, 0.9968026876449585
36, 15, 1, 7.276893399999977, 48216, 0.025505945086479187, 0.9993311762809753
36, 8, 1, 5.599193299999996, 48216, 0.018947873264551163, 0.9980965852737427
37, 12, 1, 5.35918860000001, 48216, 0.01814194954931736, 0.9987779855728149
37, 21, 1, 5.870986799999997, 48216, 0.11342737823724747, 0.9945339560508728
37, 14, 1, 6.153193700000003, 48216, 0.020978737622499466, 0.9984648823738098
37, 10, 1, 6.257021199999997, 48216, 0.025120694190263748, 0.9977442026138306
37, 11, 1, 5.481187299999988, 48216, 0.025695431977510452, 0.9977717399597168
37, 2, 1, 6.507166999999981, 48216, 0.0324818417429924, 0.9978018403053284
37, 0, 1, 6.608758300000005, 48216, 0.013424081727862358, 0.9979738593101501
37, 9, 1, 6.0556938, 48216, 0.04394194483757019, 0.9980767369270325
37, 22, 1, 5.341392000000013, 48216, 0.025422457605600357, 0.9977774620056152
37, 8, 1, 5.708099099999998, 48216, 0.01604902185499668, 0.9984903931617737
38, 11, 1, 5.749317300000001, 48216, 0.020201213657855988, 0.9983346462249756
38, 19, 1, 6.0967458999999735, 48216, 0.03834636136889458, 0.9978015422821045
38, 14, 1, 6.3044154000000105, 48216, 0.08707714825868607, 0.9915464520454407
38, 10, 1, 6.331923500000016, 48216, 0.01824313960969448, 0.9989669919013977
38, 2, 1, 6.523604399999982, 48216, 0.025215791538357735, 0.998361349105835
38, 0, 1, 6.654870999999986, 48216, 0.011707679368555546, 0.9985155463218689
38, 9, 1, 6.002645599999994, 48216, 0.033436551690101624, 0.9986411929130554
38, 8, 1, 5.545078799999999, 48216, 0.013807034119963646, 0.9987310767173767
39, 4, 1, 5.067409499999997, 48216, 0.01855362206697464, 0.9986850023269653
39, 5, 1, 5.645977500000015, 48216, 0.011428325437009335, 0.9990842342376709
39, 7, 1, 5.873431199999999, 48216, 0.058378711342811584, 0.9985591173171997
39, 21, 1, 5.700643899999989, 48216, 0.022577384486794472, 0.9993083477020264
39, 2, 1, 6.195313099999993, 48216, 0.02018296904861927, 0.9986211657524109
39, 0, 1, 6.265850599999993, 48216, 0.010375128127634525, 0.9985155463218689
39, 9, 1, 5.795212800000002, 48216, 0.025756243616342545, 0.9989965558052063
39, 22, 1, 5.300891500000006, 48216, 0.020188912749290466, 0.9987856149673462
39, 19, 1, 5.5097524999999905, 48216, 0.029827024787664413, 0.9986401200294495
39, 12, 1, 5.301777700000002, 48216, 0.015600810758769512, 0.9989246726036072
39, 3, 1, 5.5053877, 48216, 0.0095779774710536, 0.9985730648040771
40, 4, 1, 5.153275799999989, 48216, 0.016125088557600975, 0.9989480376243591
40, 7, 1, 5.792697599999997, 48216, 0.04245363920927048, 0.999423623085022
41, 12, 1, 5.5477367000000015, 48216, 0.013428887352347374, 0.99924236536026
41, 11, 1, 5.767279400000007, 48216, 0.016624078154563904, 0.9987568855285645
41, 13, 1, 6.093162200000023, 48216, 0.023554278537631035, 0.9994467496871948
41, 3, 1, 6.34839409999995, 48216, 0.008275557309389114, 0.9992419481277466
41, 2, 1, 6.729357999999991, 48216, 0.016422918066382408, 0.9989408850669861
41, 0, 1, 7.07414250000005, 48216, 0.009399340488016605, 0.9988164305686951
41, 16, 1, 5.995096200000006, 48216, 0.024114957079291344, 0.9978393316268921
41, 9, 1, 6.122224100000011, 48216, 0.020485956221818924, 0.9991847276687622
41, 22, 1, 5.316860999999989, 48216, 0.016346842050552368, 0.9995417594909668
42, 11, 1, 5.832618699999983, 48216, 0.014084524475038052, 0.9991086721420288
42, 19, 1, 6.031100999999978, 48216, 0.023515470325946808, 0.9992294311523438
42, 16, 1, 6.0451710000000105, 48216, 0.019827725365757942, 0.9987396001815796
42, 7, 1, 6.663784200000009, 48216, 0.031626950949430466, 0.999711811542511
42, 2, 1, 6.750878199999988, 48216, 0.01369475107640028, 0.9990608096122742
42, 0, 1, 6.901465199999961, 48216, 0.008391693234443665, 0.9990370869636536
42, 9, 1, 6.076187199999993, 48216, 0.016510870307683945, 0.9993310570716858
42, 8, 1, 5.638239200000015, 48216, 0.012004682794213295, 0.9990155100822449
43, 16, 1, 5.250248499999998, 48216, 0.01661672815680504, 0.998919665813446
43, 0, 1, 5.976927999999987, 48216, 0.007684044539928436, 0.9990571737289429
43, 8, 1, 5.130661400000008, 48216, 0.010493946261703968, 0.9992342591285706
44, 16, 1, 5.861482599999988, 48216, 0.014031364582479, 0.9992347955703735
44, 2, 1, 6.6090418, 48216, 0.011767474934458733, 0.999140739440918
44, 0, 1, 6.743303400000002, 48216, 0.006735375616699457, 0.9992377161979675
44, 8, 1, 5.395291700000001, 48216, 0.009357983246445656, 0.9991467595100403
45, 23, 1, 5.286433299999999, 48216, 0.019590621814131737, 0.9993628263473511
45, 21, 1, 5.883081300000015, 48216, 0.01771802268922329, 0.9995537996292114
45, 5, 1, 6.001979199999994, 48216, 0.009943772107362747, 0.9991278052330017
45, 3, 1, 6.024070800000004, 48216, 0.0072670285589993, 0.9994203448295593
45, 2, 1, 6.558568500000007, 48216, 0.010028626769781113, 0.9992806315422058
45, 6, 1, 6.475350800000001, 48216, 0.014581619761884212, 0.998714804649353
45, 1, 1, 6.595758499999988, 48216, 0.0244390070438385, 0.9979948401451111
45, 9, 1, 6.010842800000006, 48216, 0.01363721676170826, 0.9993310570716858
45, 8, 1, 5.6655844, 48216, 0.008283445611596107, 0.9993874430656433
46, 23, 1, 5.758594099999982, 48216, 0.016432059928774834, 0.9993137717247009
46, 3, 1, 6.415855199999953, 48216, 0.0063440194353461266, 0.9995095133781433
46, 2, 1, 6.9463705999999945, 48216, 0.008956695906817913, 0.9993005990982056
46, 1, 1, 6.967894799999982, 48216, 0.0192726943641901, 0.9986565113067627
46, 6, 1, 6.533747599999998, 48216, 0.012635968625545502, 0.9988372325897217
47, 23, 1, 5.723541299999994, 48216, 0.013881250284612179, 0.99958336353302
47, 21, 1, 6.495927500000022, 48216, 0.01456650160253048, 0.999687671661377
47, 5, 1, 6.59298560000002, 48216, 0.00893000140786171, 0.9993676543235779
47, 1, 1, 6.86418230000001, 48216, 0.015420567244291306, 0.9991177320480347
47, 2, 1, 6.973103999999978, 48216, 0.0077492897398769855, 0.9994404911994934
47, 6, 1, 6.591397700000016, 48216, 0.010727145709097385, 0.9992452263832092
48, 11, 1, 5.324188899999996, 48216, 0.012067445553839207, 0.9992493987083435
48, 23, 1, 5.3659198, 48216, 0.01192922331392765, 0.9996324181556702
48, 16, 1, 5.362614000000008, 48216, 0.012102732434868813, 0.9993247985839844
48, 5, 1, 5.705892499999948, 48216, 0.007927285507321358, 0.999454915523529
48, 4, 1, 5.351305800000006, 48216, 0.01382504217326641, 0.9992349147796631
48, 12, 1, 5.2444573999999875, 48216, 0.01165946014225483, 0.9994134306907654
48, 2, 1, 6.329139299999952, 48216, 0.006844804156571627, 0.9995204210281372
48, 6, 1, 6.299200299999995, 48216, 0.00960251409560442, 0.9992656111717224
48, 0, 1, 6.616913299999965, 48216, 0.006378837861120701, 0.9993379712104797
49, 23, 1, 6.0116701999999975, 48216, 0.010317991487681866, 0.9997304081916809
49, 4, 1, 6.344547300000016, 48216, 0.012037917040288448, 0.9994261860847473
49, 11, 1, 6.358731599999999, 48216, 0.010364914312958717, 0.9993432760238647
49, 12, 1, 6.089555300000001, 48216, 0.010273904539644718, 0.9995356202125549
49, 5, 1, 7.0872702000000345, 48216, 0.007064225152134895, 0.9996293187141418
49, 10, 1, 7.352057600000023, 48216, 0.014428393915295601, 0.999430775642395
49, 2, 1, 7.7733352000000195, 48216, 0.0061894552782177925, 0.9995603561401367
49, 0, 1, 7.885643300000027, 48216, 0.005672584753483534, 0.9993981719017029
50, 4, 1, 6.777108300000009, 48216, 0.010436272248625755, 0.9996174573898315
50, 5, 1, 7.4053272999999535, 48216, 0.006440183613449335, 0.9996293187141418
50, 0, 1, 7.902829300000008, 48216, 0.005323008634150028, 0.9993781447410583
50, 2, 1, 7.914037699999994, 48216, 0.00555457966402173, 0.9996203184127808
50, 12, 1, 6.513553799999983, 48216, 0.009159455075860023, 0.9996089935302734
51, 23, 1, 6.084437100000002, 48216, 0.008995067328214645, 0.9997304081916809
51, 4, 1, 6.302713900000015, 48216, 0.009197414852678776, 0.9996891617774963
51, 19, 1, 6.513864900000016, 48216, 0.018926072865724564, 0.9995014071464539
51, 21, 1, 6.638257799999991, 48216, 0.01215245109051466, 0.9996430277824402
51, 5, 1, 6.874981900000023, 48216, 0.005922646727412939, 0.999607503414154
51, 2, 1, 7.2845996000000355, 48216, 0.005059014540165663, 0.999660313129425
52, 23, 1, 6.157370200000031, 48216, 0.007956870831549168, 0.9998039603233337
52, 4, 1, 6.356696999999997, 48216, 0.008191677741706371, 0.9997848272323608
52, 21, 1, 6.6514655000000005, 48216, 0.010314968414604664, 0.9996653199195862
52, 5, 1, 6.892501799999991, 48216, 0.005443211644887924, 0.9996947646141052
52, 2, 1, 7.304740900000013, 48216, 0.0046103172935545444, 0.999660313129425
52, 8, 1, 5.8485986000000025, 48216, 0.007508622948080301, 0.9994749426841736
53, 4, 1, 6.293862700000034, 48216, 0.007465266156941652, 0.9996413588523865
53, 21, 1, 6.657228900000007, 48216, 0.008947092108428478, 0.999709963798523
53, 5, 1, 6.837148899999988, 48216, 0.0050023640505969524, 0.999738335609436
53, 2, 1, 7.18021379999999, 48216, 0.00421898951753974, 0.9997002482414246
53, 6, 1, 7.0513169000000175, 48216, 0.00844264030456543, 0.9993268251419067
53, 9, 1, 6.485805200000016, 48216, 0.01137581467628479, 0.9994773864746094
53, 8, 1, 5.920540099999982, 48216, 0.006738728377968073, 0.9995624423027039
54, 5, 1, 6.71070739999999, 48216, 0.004622539505362511, 0.9997601509094238
54, 20, 1, 8.103430800000012, 48216, 0.01952466182410717, 0.9993290305137634
54, 2, 1, 7.304380000000037, 48216, 0.0038399945478886366, 0.9997202157974243
54, 4, 1, 6.2175253999999995, 48216, 0.006666600238531828, 0.999737024307251
54, 6, 1, 7.12654660000004, 48216, 0.0074387225322425365, 0.9993268251419067
54, 9, 1, 6.466414800000024, 48216, 0.00966532900929451, 0.9996027946472168
54, 8, 1, 6.068399099999965, 48216, 0.0060881394892930984, 0.9996936917304993
55, 4, 1, 6.448165000000017, 48216, 0.006124391220510006, 0.9997609257698059
55, 2, 1, 7.516683499999999, 48216, 0.003496435470879078, 0.9998001456260681
55, 20, 1, 8.193533800000012, 48216, 0.015393545851111412, 0.9994741082191467
55, 5, 1, 7.053934799999979, 48216, 0.004377302248030901, 0.9997601509094238
55, 6, 1, 7.171499600000004, 48216, 0.006821863353252411, 0.9993472099304199
56, 4, 1, 6.071245900000008, 48216, 0.0055892327800393105, 0.9997609257698059
56, 11, 1, 6.33163909999999, 48216, 0.00911189429461956, 0.9994136095046997
56, 21, 1, 6.424998000000016, 48216, 0.007885952480137348, 0.9997546076774597
56, 2, 1, 7.01927059999997, 48216, 0.003329762490466237, 0.9997602105140686
56, 6, 1, 6.572861400000022, 48216, 0.006078454200178385, 0.9994900226593018
56, 8, 1, 5.3559452999999735, 48216, 0.005599888041615486, 0.9996718168258667
57, 4, 1, 5.122833799999967, 48216, 0.00514564011245966, 0.9998804330825806
57, 11, 1, 5.21627460000002, 48216, 0.00807191152125597, 0.9996716380119324
57, 2, 1, 5.900145900000041, 48216, 0.0030498395208269358, 0.9998201727867126
58, 4, 1, 5.4374328000000105, 48216, 0.004768454935401678, 0.9998087286949158
58, 21, 1, 5.847399899999971, 48216, 0.007007636595517397, 0.9997546076774597
58, 5, 1, 5.912272399999949, 48216, 0.004073757212609053, 0.9997601509094238
58, 10, 1, 6.2656045999999606, 48216, 0.01185815129429102, 0.9996837377548218
58, 2, 1, 6.524017000000015, 48216, 0.002944564213976264, 0.9997801780700684
58, 6, 1, 6.223136899999986, 48216, 0.0054313368164002895, 0.9996123909950256
58, 8, 1, 5.299640000000011, 48216, 0.005063769873231649, 0.9998250007629395
59, 4, 1, 5.5109079000000065, 48216, 0.004439940210431814, 0.9998087286949158
59, 21, 1, 5.836339099999975, 48216, 0.006204466801136732, 0.9997768998146057
59, 10, 1, 6.249384600000042, 48216, 0.00983841810375452, 0.9997259378433228
59, 2, 1, 6.5172223000000145, 48216, 0.0027611921541392803, 0.9997801780700684
59, 6, 1, 6.083022999999969, 48216, 0.005066094920039177, 0.9995511770248413
60, 4, 1, 6.412184699999955, 48216, 0.004118509590625763, 0.9998565316200256
60, 21, 1, 6.697103699999957, 48216, 0.005575679242610931, 0.999732255935669
60, 5, 1, 6.8104768000000035, 48216, 0.003733753925189376, 0.9998255372047424
60, 2, 1, 7.283109500000023, 48216, 0.0025923289358615875, 0.9998001456260681
60, 6, 1, 6.86430949999999, 48216, 0.004674128722399473, 0.9995920062065125
60, 9, 1, 6.3416540000000055, 48216, 0.008300363086163998, 0.9997700452804565
60, 8, 1, 5.907220199999983, 48216, 0.004724533297121525, 0.9998031258583069
61, 4, 1, 5.572665299999983, 48216, 0.0038463687524199486, 0.9998804330825806
61, 21, 1, 5.835727800000029, 48216, 0.005116501357406378, 0.9997768998146057
61, 5, 1, 5.959536799999967, 48216, 0.00352017511613667, 0.9998037815093994
61, 2, 1, 6.3872572999999875, 48216, 0.002424523700028658, 0.9998201727867126
62, 23, 1, 4.782127199999991, 48216, 0.007033549249172211, 0.9998774528503418
62, 4, 1, 4.942894899999999, 48216, 0.003607842605561018, 0.9998326301574707
62, 11, 1, 5.045472700000005, 48216, 0.0071576060727238655, 0.9997185468673706
62, 5, 1, 5.428169000000025, 48216, 0.0032876499462872744, 0.9998473525047302
62, 2, 1, 5.844471399999975, 48216, 0.0023005930706858635, 0.9998001456260681
62, 1, 1, 5.829346000000044, 48216, 0.012831995263695717, 0.9992581009864807
62, 20, 1, 6.410409899999991, 48216, 0.012203995138406754, 0.9996554255485535
62, 8, 1, 5.087301700000012, 48216, 0.004273743834346533, 0.9998687505722046
63, 23, 1, 5.626993000000027, 48216, 0.006328078918159008, 0.9998774528503418
63, 4, 1, 5.783460999999988, 48216, 0.003417030908167362, 0.9998326301574707
63, 11, 1, 6.1218939999999975, 48216, 0.006476183887571096, 0.9996481537818909
63, 16, 1, 6.317614599999956, 48216, 0.01042655948549509, 0.9995723962783813
63, 19, 1, 6.470267700000022, 48216, 0.015471448190510273, 0.9996600151062012
63, 5, 1, 6.646735100000001, 48216, 0.003125867573544383, 0.9998473525047302
63, 2, 1, 7.064898000000028, 48216, 0.002124408958479762, 0.9998601078987122
64, 23, 1, 5.4389798999999925, 48216, 0.005709339864552021, 0.9999019503593445
64, 21, 1, 5.929191300000014, 48216, 0.004644870292395353, 0.9998215436935425
64, 16, 1, 5.763958900000034, 48216, 0.009079140610992908, 0.999752402305603
64, 5, 1, 6.059171399999968, 48216, 0.0029666379559785128, 0.999869167804718
64, 19, 1, 5.9035212, 48216, 0.012791491113603115, 0.9998186826705933
64, 2, 1, 6.3615447000000245, 48216, 0.0020821327343583107, 0.9998401403427124
64, 4, 1, 5.451540500000021, 48216, 0.003224216867238283, 0.9999043941497803
65, 23, 1, 4.866453899999954, 48216, 0.005219724960625172, 0.9998529553413391
65, 4, 1, 5.047694400000012, 48216, 0.003012820379808545, 0.9999043941497803
65, 16, 1, 5.177904699999999, 48216, 0.008045223541557789, 0.9998424649238586
65, 19, 1, 5.355458300000009, 48216, 0.01082721259444952, 0.9997960329055786
65, 5, 1, 5.412193600000023, 48216, 0.00272109336219728, 0.9998473525047302
65, 2, 1, 5.930570000000046, 48216, 0.0019361950689926744, 0.9999001026153564
65, 8, 1, 4.947747300000003, 48216, 0.004021776374429464, 0.9998687505722046
66, 4, 1, 5.061049700000012, 48216, 0.002892524003982544, 0.9998804330825806
66, 23, 1, 4.940958099999989, 48216, 0.0047399019822478294, 0.9998774528503418
66, 19, 1, 5.408614800000009, 48216, 0.00928086880594492, 0.9998640418052673
66, 5, 1, 5.50878229999995, 48216, 0.002604970708489418, 0.999869167804718
66, 2, 1, 5.9977281000000175, 48216, 0.0018800842808559537, 0.9998601078987122
66, 8, 1, 4.878456299999982, 48216, 0.0037017064169049263, 0.9998687505722046
67, 4, 1, 5.1954781000000025, 48216, 0.0027463645674288273, 0.9999521970748901
67, 19, 1, 5.50902080000003, 48216, 0.008094150573015213, 0.999886691570282
67, 2, 1, 6.166222199999993, 48216, 0.001799723249860108, 0.9999001026153564
67, 8, 1, 5.039755899999989, 48216, 0.003490469651296735, 0.9998687505722046
68, 19, 1, 5.530525100000034, 48216, 0.00711049884557724, 0.9999319911003113
68, 5, 1, 5.677210500000001, 48216, 0.002445134101435542, 0.9998909831047058
68, 10, 1, 5.915154299999983, 48216, 0.008364690467715263, 0.9998313188552856
68, 2, 1, 6.091590900000028, 48216, 0.0017256111605092883, 0.9998800754547119
68, 4, 1, 5.157333200000039, 48216, 0.002592695876955986, 0.9999282956123352
69, 4, 1, 5.115885400000025, 48216, 0.0024673426523804665, 0.9998804330825806
69, 5, 1, 5.552969599999983, 48216, 0.002371538896113634, 0.9998473525047302
69, 10, 1, 5.81561099999999, 48216, 0.007202276960015297, 0.9998313188552856
69, 2, 1, 5.996228099999996, 48216, 0.0016417306615039706, 0.9999001026153564
69, 19, 1, 5.4457673, 48216, 0.0063053034245967865, 0.9999093413352966
70, 4, 1, 5.300912799999992, 48216, 0.002369754482060671, 0.9999521970748901
70, 19, 1, 5.603217900000004, 48216, 0.005672522354871035, 0.9999319911003113
70, 5, 1, 5.7808761, 48216, 0.0022376496344804764, 0.999869167804718
70, 10, 1, 5.962885099999994, 48216, 0.10521049797534943, 0.9952564835548401
71, 4, 1, 5.12773820000001, 48216, 0.002239052439108491, 0.9999521970748901
71, 5, 1, 5.568374099999971, 48216, 0.0021717934869229794, 0.999869167804718
71, 14, 1, 5.697610399999974, 48216, 0.032085925340652466, 0.9992850422859192
71, 10, 1, 5.790272499999958, 48216, 0.017296921461820602, 0.999768078327179
71, 6, 1, 5.675683499999991, 48216, 0.0043478431180119514, 0.9996532201766968
72, 4, 1, 5.36084169999998, 48216, 0.0021604544017463923, 0.9999521970748901
72, 14, 1, 5.94392670000002, 48216, 0.019675221294164658, 0.999221920967102
72, 10, 1, 6.113179399999979, 48216, 0.006146593485027552, 0.9998945593833923
73, 4, 1, 4.935717000000011, 48216, 0.002047909889370203, 0.9999282956123352
73, 5, 1, 5.297706900000037, 48216, 0.0020759908948093653, 0.9998473525047302
73, 14, 1, 5.445404300000007, 48216, 0.015076663345098495, 0.9992640018463135
74, 4, 1, 4.968459399999972, 48216, 0.001966355135664344, 0.9999521970748901
74, 5, 1, 5.408845199999973, 48216, 0.0019364024046808481, 0.9998909831047058
74, 14, 1, 5.4871286000000055, 48216, 0.012186587788164616, 0.9995163679122925
75, 4, 1, 5.024838099999954, 48216, 0.0019031594274565578, 0.9999282956123352
75, 5, 1, 5.428687599999989, 48216, 0.0018955232808366418, 0.999869167804718
75, 14, 1, 5.582264000000009, 48216, 0.010266602970659733, 0.9995583891868591
75, 15, 1, 6.1377668000000085, 48216, 0.019366126507520676, 0.9996751546859741
76, 4, 1, 5.210653500000035, 48216, 0.0018469440983608365, 0.9999282956123352
76, 5, 1, 5.62369990000002, 48216, 0.001766105880960822, 0.9999346137046814
76, 14, 1, 5.8854102999999895, 48216, 0.008745139464735985, 0.9996635317802429
76, 15, 1, 6.502413499999989, 48216, 0.015050622634589672, 0.9997515678405762
76, 20, 1, 6.816656300000034, 48216, 0.010059695690870285, 0.9997098445892334
77, 12, 1, 4.911619200000018, 48216, 0.008183111436665058, 0.9995600581169128
77, 11, 1, 4.916374399999995, 48216, 0.005824091378599405, 0.9997654557228088
77, 5, 1, 5.382814600000017, 48216, 0.0016731726936995983, 0.9999563694000244
77, 15, 1, 6.033865100000014, 48216, 0.01221485435962677, 0.999732494354248
77, 20, 1, 6.289592099999993, 48216, 0.008288441225886345, 0.9998730421066284
77, 23, 1, 4.806753100000037, 48216, 0.004393812268972397, 0.9999019503593445
77, 4, 1, 4.8966396000000145, 48216, 0.0017797095933929086, 0.9999282956123352
77, 22, 1, 4.772231099999999, 48216, 0.013325528241693974, 0.9998167157173157
78, 11, 1, 4.732246299999986, 48216, 0.005281959194689989, 0.9997654557228088
78, 5, 1, 5.1038858000000005, 48216, 0.0016901757335290313, 0.9998909831047058
79, 12, 1, 4.679470400000014, 48216, 0.007371417246758938, 0.9996334314346313
79, 23, 1, 4.7203166000000465, 48216, 0.00403436878696084, 0.9999019503593445
79, 5, 1, 5.427002399999992, 48216, 0.0016096408944576979, 0.9998909831047058
79, 14, 1, 5.602338300000042, 48216, 0.007535725366324186, 0.999747633934021
79, 20, 1, 6.364733199999989, 48216, 0.0070964256301522255, 0.9998186826705933
79, 11, 1, 4.994238300000006, 48216, 0.0048341937363147736, 0.9998357892036438
79, 4, 1, 4.937345200000038, 48216, 0.001705370843410492, 0.9999282956123352
80, 12, 1, 4.877404100000035, 48216, 0.006723766680806875, 0.999731183052063
80, 23, 1, 4.922226999999964, 48216, 0.0037369283381849527, 0.9999265074729919
80, 11, 1, 5.173054999999977, 48216, 0.0043624150566756725, 0.9998592734336853
80, 21, 1, 5.381067900000005, 48216, 0.004243098199367523, 0.9998215436935425
80, 5, 1, 5.444777400000021, 48216, 0.0016243532299995422, 0.999869167804718
80, 20, 1, 6.303596499999969, 48216, 0.00610143830999732, 0.9998549222946167
80, 4, 1, 5.0390370000000075, 48216, 0.0016322589945048094, 0.9999521970748901
81, 4, 1, 4.915440799999999, 48216, 0.001589756109751761, 0.9999521970748901
81, 11, 1, 4.921154899999976, 48216, 0.004039132967591286, 0.999882698059082
81, 21, 1, 5.283132200000011, 48216, 0.00391058623790741, 0.9998438358306885
81, 5, 1, 5.484204700000021, 48216, 0.0015394107904285192, 0.9999346137046814
81, 14, 1, 5.502255600000012, 48216, 0.006555551663041115, 0.9997266530990601
81, 20, 1, 6.289727200000016, 48216, 0.005239286459982395, 0.9999455809593201
81, 23, 1, 4.774944699999992, 48216, 0.0034660734236240387, 0.9999019503593445
82, 23, 1, 4.693256599999984, 48216, 0.003248002612963319, 0.9999019503593445
82, 11, 1, 5.113827700000002, 48216, 0.003705760231241584, 0.999882698059082
82, 5, 1, 5.382980900000007, 48216, 0.0014281835174188018, 0.9999346137046814
82, 14, 1, 5.477778699999988, 48216, 0.005840611644089222, 0.9998107552528381
82, 20, 1, 6.316175499999986, 48216, 0.004654909949749708, 0.9999455809593201
82, 21, 1, 5.355216700000028, 48216, 0.00363018992356956, 0.9998438358306885
82, 4, 1, 4.936154699999975, 48216, 0.0015329065499827266, 0.9999521970748901
83, 4, 1, 4.413859200000047, 48216, 0.001554944203235209, 0.9999282956123352
84, 23, 1, 4.890965899999969, 48216, 0.003012823173776269, 0.9999755024909973
84, 4, 1, 5.093360700000005, 48216, 0.0014042340917512774, 0.9999521970748901
84, 11, 1, 5.191755399999977, 48216, 0.0034844200126826763, 0.9998592734336853
84, 21, 1, 5.360142300000007, 48216, 0.003344470402225852, 0.9998884201049805
84, 5, 1, 5.551095900000064, 48216, 0.001364546944387257, 0.9999346137046814
84, 3, 1, 5.4641897999999856, 48216, 0.005726271774619818, 0.9995763897895813
85, 4, 1, 5.313052700000014, 48216, 0.0013758504064753652, 0.9999521970748901
85, 11, 1, 5.362784900000008, 48216, 0.0032558212988078594, 0.9999061822891235
85, 23, 1, 5.184222799999986, 48216, 0.002850791672244668, 0.9999265074729919
85, 21, 1, 5.639841200000035, 48216, 0.0031243907287716866, 0.9998661279678345
85, 5, 1, 5.8179026999999905, 48216, 0.0013351872330531478, 0.9999563694000244
85, 9, 1, 5.301155400000027, 48216, 0.007230991963297129, 0.9998118281364441
86, 23, 1, 4.963640499999997, 48216, 0.0026982915587723255, 0.9999510049819946
86, 4, 1, 5.073075899999992, 48216, 0.0013072757283225656, 0.9999760985374451
86, 11, 1, 5.154539, 48216, 0.0030237939208745956, 0.999882698059082
86, 21, 1, 5.384513599999991, 48216, 0.0029138512909412384, 0.9998661279678345
86, 5, 1, 5.484893499999998, 48216, 0.0012962126638740301, 0.9999563694000244
86, 9, 1, 5.2769150999999965, 48216, 0.006331996060907841, 0.999895453453064
87, 4, 1, 5.039447300000006, 48216, 0.0012859196867793798, 0.9999521970748901
87, 11, 1, 5.1874634999999785, 48216, 0.0028016765136271715, 0.9999061822891235
87, 21, 1, 5.330389299999979, 48216, 0.0027475415263324976, 0.9998661279678345
87, 5, 1, 5.449635599999965, 48216, 0.0012436920078471303, 0.9999346137046814
87, 23, 1, 4.92764219999998, 48216, 0.0025333997327834368, 0.9999510049819946
87, 9, 1, 5.336629899999991, 48216, 0.005595298483967781, 0.9999163746833801
88, 11, 1, 5.210218800000007, 48216, 0.0026840679347515106, 0.9999061822891235
88, 21, 1, 5.4298306000000025, 48216, 0.0026336428709328175, 0.9998438358306885
88, 5, 1, 5.61284610000007, 48216, 0.0012449473142623901, 0.9999346137046814
88, 23, 1, 5.029723700000034, 48216, 0.00239766133017838, 0.9999755024909973
88, 6, 1, 5.6659362999999985, 48216, 0.004044029396027327, 0.9996327757835388
89, 11, 1, 5.083772099999976, 48216, 0.0025397951249033213, 0.9999061822891235
89, 23, 1, 4.8521465000000035, 48216, 0.0022723039146512747, 0.9999510049819946
89, 21, 1, 5.363949099999957, 48216, 0.002417497569695115, 0.9998438358306885
89, 5, 1, 5.46743570000001, 48216, 0.0011739208130165935, 0.9999563694000244
89, 6, 1, 5.640461399999992, 48216, 0.0036504368763417006, 0.9997959733009338
90, 11, 1, 5.073285100000021, 48216, 0.002402032259851694, 0.9999061822891235
90, 21, 1, 5.291591799999992, 48216, 0.002308295341208577, 0.9998661279678345
90, 5, 1, 5.482478399999991, 48216, 0.0011439610971137881, 0.9999563694000244
90, 6, 1, 5.501920299999995, 48216, 0.0034819291904568672, 0.9997348189353943
91, 11, 1, 4.999411099999975, 48216, 0.0022704016882926226, 0.9999061822891235
91, 21, 1, 5.228015400000004, 48216, 0.0021719320211559534, 0.9998661279678345
91, 5, 1, 5.337671999999998, 48216, 0.0011061375262215734, 0.9999563694000244
91, 6, 1, 5.374081200000035, 48216, 0.003262697719037533, 0.9997552037239075
92, 11, 1, 5.244350699999984, 48216, 0.002152610570192337, 0.999882698059082
92, 21, 1, 5.445279599999992, 48216, 0.0020663707982748747, 0.9998884201049805
92, 5, 1, 5.560426499999949, 48216, 0.0010875938460230827, 0.9999346137046814
92, 6, 1, 5.621336999999983, 48216, 0.0030613550916314125, 0.9997348189353943
93, 11, 1, 5.259072000000003, 48216, 0.002058844780549407, 0.9999061822891235
93, 21, 1, 5.479515900000024, 48216, 0.0019510944839566946, 0.9998884201049805
93, 5, 1, 5.600908000000004, 48216, 0.0010411777766421437, 0.9999563694000244
93, 6, 1, 5.623673000000053, 48216, 0.0028494021389633417, 0.9997959733009338
94, 11, 1, 5.061600100000021, 48216, 0.0019432712579146028, 0.999882698059082
94, 21, 1, 5.319174500000031, 48216, 0.001864042948000133, 0.9998884201049805
94, 5, 1, 5.451777399999969, 48216, 0.0010195347713306546, 0.9999346137046814
94, 6, 1, 5.4828189999999495, 48216, 0.002721833297982812, 0.9997959733009338
95, 5, 1, 5.606695899999977, 48216, 0.0009789933683350682, 0.9999563694000244
95, 6, 1, 5.844748700000025, 48216, 0.002589522860944271, 0.9997959733009338
95, 21, 1, 5.427608500000019, 48216, 0.0017724677454680204, 0.9998884201049805
95, 11, 1, 5.147114799999997, 48216, 0.001893879845738411, 0.9999061822891235
96, 11, 1, 5.286371099999997, 48216, 0.001779540441930294, 0.9999061822891235
96, 5, 1, 5.796892100000036, 48216, 0.000957331620156765, 0.9999346137046814
96, 0, 1, 6.3356363999999985, 48216, 0.004809051752090454, 0.999558687210083
96, 6, 1, 5.82534000000004, 48216, 0.0024812903720885515, 0.999836802482605
97, 11, 1, 5.006007999999952, 48216, 0.0017005575355142355, 0.9999296069145203
97, 5, 1, 5.3747024000000465, 48216, 0.0009359883842989802, 0.9999127984046936
97, 0, 1, 5.900570000000016, 48216, 0.004559677094221115, 0.9995386004447937
97, 6, 1, 5.441528100000028, 48216, 0.00229006283916533, 0.9998775720596313
98, 11, 1, 4.903836599999977, 48216, 0.0016394952544942498, 0.9999061822891235
98, 5, 1, 5.275286499999993, 48216, 0.0009146810043603182, 0.9999346137046814
98, 0, 1, 5.656873799999971, 48216, 0.00424252450466156, 0.999558687210083
99, 11, 1, 5.280165599999975, 48216, 0.0015732009196653962, 0.9999296069145203
99, 5, 1, 5.636521099999982, 48216, 0.0008936526719480753, 0.9999563694000244
99, 6, 1, 5.721081400000003, 48216, 0.002166863065212965, 0.9998980164527893
100, 11, 1, 4.781726499999991, 48216, 0.0015002584550529718, 0.9999296069145203
100, 5, 1, 5.095684100000085, 48216, 0.0008513342472724617, 0.9999563694000244
100, 6, 1, 5.213980700000036, 48216, 0.002102264203131199, 0.9998775720596313
