1, 24, 1, 0.8857523999999994, 330840, 1.7375645637512207, 0.23853211104869843
1, 27, 1, 0.8351829999999998, 330840, 1.668508768081665, 0.2295081913471222
1, 8, 1, 1.1582263, 330840, 1.7187896966934204, 0.260869562625885
1, 11, 1, 1.1384392000000005, 330840, 1.7103221416473389, 0.2265625
1, 22, 1, 0.9738256999999999, 330840, 1.6542344093322754, 0.2929292917251587
1, 12, 1, 1.1703845, 330840, 1.7297841310501099, 0.2222222238779068
1, 2, 1, 1.0030146000000002, 330840, 1.7062690258026123, 0.3235294222831726
1, 1, 1, 1.1938168999999998, 330840, 1.7409716844558716, 0.22406639158725739
1, 14, 1, 1.0365775, 330840, 1.6439595222473145, 0.35114502906799316
1, 16, 1, 0.9796224999999996, 330840, 1.6714742183685303, 0.27210885286331177
1, 23, 1, 1.1696340000000003, 330840, 1.6363492012023926, 0.3125
1, 10, 1, 1.2043897999999995, 330840, 1.7215591669082642, 0.2539682686328888
1, 19, 1, 1.1497900000000003, 330840, 1.636540174484253, 0.32508835196495056
1, 0, 1, 1.1223999999999998, 330840, 1.756190538406372, 0.20216606557369232
1, 6, 1, 1.1408855999999998, 330840, 1.7213850021362305, 0.2601625919342041
1, 26, 1, 0.9546554999999994, 330840, 1.6391273736953735, 0.31333333253860474
1, 21, 1, 0.9123026999999997, 330840, 1.6265082359313965, 0.28125
1, 28, 1, 1.1098326000000003, 330840, 1.6263612508773804, 0.33454546332359314
1, 17, 1, 1.1742199000000002, 330840, 1.714624047279358, 0.23024055361747742
1, 13, 1, 1.2911069, 330840, 1.7181469202041626, 0.21317829191684723
1, 3, 1, 1.1953432, 330840, 1.716031551361084, 0.25296443700790405
1, 18, 1, 0.9885979000000003, 330840, 1.555921196937561, 0.3263888955116272
1, 25, 1, 1.2806246000000003, 330840, 1.6152098178863525, 0.3194888234138489
1, 7, 1, 1.0151337000000007, 330840, 1.6688830852508545, 0.2678571343421936
1, 20, 1, 1.2832727999999998, 330840, 1.5933030843734741, 0.29141104221343994
1, 29, 1, 1.2494993999999995, 330840, 1.6767815351486206, 0.3006536066532135
1, 5, 1, 1.2691210999999996, 330840, 1.7110810279846191, 0.26538461446762085
1, 4, 1, 1.1995477999999995, 330840, 1.725708246231079, 0.26141080260276794
1, 15, 1, 1.0349684000000003, 330840, 1.6897205114364624, 0.2054794579744339
1, 9, 1, 0.9122088000000006, 330840, 1.7008939981460571, 0.2468085139989853
2, 3, 1, 0.13305399999999956, 330840, 1.5765020847320557, 0.3596837818622589
2, 10, 1, 0.13544299999999865, 330840, 1.5961908102035522, 0.3174603283405304
2, 12, 1, 0.15520289999999992, 330840, 1.5760159492492676, 0.29885056614875793
2, 8, 1, 0.15536110000000036, 330840, 1.5883221626281738, 0.343478262424469
2, 0, 1, 0.16474939999999982, 330840, 1.631864309310913, 0.28158843517303467
2, 27, 1, 0.1768434000000001, 330840, 1.5397040843963623, 0.3606557250022888
2, 14, 1, 0.15351110000000023, 330840, 1.4816471338272095, 0.4656488597393036
2, 24, 1, 0.15341360000000037, 330840, 1.5845729112625122, 0.31192660331726074
2, 2, 1, 0.1461395000000003, 330840, 1.5914117097854614, 0.34558823704719543
2, 23, 1, 0.15862209999999966, 330840, 1.515789270401001, 0.38486841320991516
2, 26, 1, 0.17247520000000005, 330840, 1.5051096677780151, 0.4233333468437195
2, 7, 1, 0.14532409999999985, 330840, 1.5291675329208374, 0.3839285671710968
2, 5, 1, 0.16128199999999993, 330840, 1.5790876150131226, 0.32692307233810425
2, 13, 1, 0.17009769999999946, 330840, 1.606830358505249, 0.2906976640224457
2, 29, 1, 0.1598411999999998, 330840, 1.4944195747375488, 0.4215686321258545
2, 28, 1, 0.14406669999999977, 330840, 1.455897331237793, 0.4036363661289215
2, 16, 1, 0.1717082999999997, 330840, 1.5365709066390991, 0.38435372710227966
2, 6, 1, 0.16805570000000003, 330840, 1.5773106813430786, 0.37804877758026123
2, 9, 1, 0.11918510000000015, 330840, 1.582736611366272, 0.3361702263355255
3, 28, 1, 0.14918540000000036, 330840, 1.380955696105957, 0.44363635778427124
3, 3, 1, 0.13410419999999945, 330840, 1.4856683015823364, 0.39920949935913086
3, 1, 1, 0.1454291000000003, 330840, 1.5237627029418945, 0.3402489721775055
3, 0, 1, 0.14451120000000017, 330840, 1.5351743698120117, 0.371841162443161
3, 20, 1, 0.16484699999999997, 330840, 1.3696759939193726, 0.47546011209487915
3, 12, 1, 0.1515240999999996, 330840, 1.4987579584121704, 0.38314175605773926
3, 6, 1, 0.13141369999999952, 330840, 1.495713710784912, 0.43089431524276733
3, 23, 1, 0.1717189999999995, 330840, 1.4271092414855957, 0.3947368562221527
3, 2, 1, 0.16733960000000003, 330840, 1.4771642684936523, 0.4007352888584137
3, 13, 1, 0.18057169999999978, 330840, 1.5153487920761108, 0.3643410801887512
3, 25, 1, 0.15577189999999952, 330840, 1.4451756477355957, 0.4089456796646118
3, 11, 1, 0.15085380000000015, 330840, 1.5808258056640625, 0.35546875
3, 8, 1, 0.16220310000000016, 330840, 1.5073250532150269, 0.3913043439388275
3, 5, 1, 0.15707550000000037, 330840, 1.5153907537460327, 0.36153846979141235
3, 10, 1, 0.1728909999999999, 330840, 1.497764229774475, 0.4047619104385376
3, 9, 1, 0.1335791999999998, 330840, 1.4983385801315308, 0.3617021143436432
4, 10, 1, 0.1606033999999994, 330840, 1.3986966609954834, 0.4960317313671112
4, 27, 1, 0.17864989999999992, 330840, 1.3690919876098633, 0.4819672107696533
4, 23, 1, 0.1934363999999995, 330840, 1.2946010828018188, 0.4934210479259491
4, 2, 1, 0.1373028999999999, 330840, 1.384486198425293, 0.4595588147640228
4, 14, 1, 0.17183040000000105, 330840, 1.3520258665084839, 0.5229007601737976
4, 13, 1, 0.2134248999999997, 330840, 1.4514763355255127, 0.42248061299324036
4, 3, 1, 0.17674840000000103, 330840, 1.403814673423767, 0.4426877498626709
4, 8, 1, 0.19359089999999934, 330840, 1.4282221794128418, 0.43913042545318604
4, 25, 1, 0.18568799999999896, 330840, 1.329092025756836, 0.4632587730884552
4, 1, 1, 0.16189740000000086, 330840, 1.4340133666992188, 0.39419087767601013
4, 0, 1, 0.18273160000000033, 330840, 1.4196298122406006, 0.4909747242927551
4, 12, 1, 0.1855120999999995, 330840, 1.4082393646240234, 0.4597701132297516
4, 6, 1, 0.18260319999999997, 330840, 1.4258872270584106, 0.4674796760082245
4, 9, 1, 0.14992150000000048, 330840, 1.4314581155776978, 0.38297873735427856
5, 3, 1, 0.14649080000000048, 330840, 1.3459410667419434, 0.4940711557865143
5, 25, 1, 0.16895689999999952, 330840, 1.2417842149734497, 0.530351459980011
5, 5, 1, 0.1653910999999999, 330840, 1.421467900276184, 0.4384615421295166
5, 13, 1, 0.14891279999999973, 330840, 1.385098934173584, 0.5503876209259033
5, 8, 1, 0.1563820000000007, 330840, 1.3664418458938599, 0.4956521689891815
5, 27, 1, 0.1833001000000003, 330840, 1.262047529220581, 0.5409836173057556
5, 12, 1, 0.15505940000000074, 330840, 1.3525729179382324, 0.517241358757019
5, 26, 1, 0.17612010000000033, 330840, 1.3526508808135986, 0.4399999976158142
5, 23, 1, 0.17003129999999977, 330840, 1.2058725357055664, 0.5460526347160339
5, 16, 1, 0.1631841999999999, 330840, 1.2994370460510254, 0.4761904776096344
5, 24, 1, 0.1839903999999999, 330840, 1.4732332229614258, 0.4403669834136963
5, 14, 1, 0.1588004999999999, 330840, 1.2743672132492065, 0.5877862572669983
5, 17, 1, 0.22027779999999986, 330840, 1.5844359397888184, 0.3367697596549988
5, 15, 1, 0.1872336999999984, 330840, 1.3485755920410156, 0.46917808055877686
6, 2, 1, 0.1613100000000003, 330840, 1.2989634275436401, 0.5036764740943909
6, 8, 1, 0.1881491000000004, 330840, 1.3431316614151, 0.5478261113166809
6, 24, 1, 0.17270580000000013, 330840, 1.3825615644454956, 0.5321100950241089
6, 18, 1, 0.1738949999999999, 330840, 1.187637209892273, 0.5972222089767456
6, 13, 1, 0.1724622, 330840, 1.2435252666473389, 0.6744186282157898
6, 5, 1, 0.1834346, 330840, 1.329879641532898, 0.48076921701431274
6, 11, 1, 0.15845080000000067, 330840, 1.304255723953247, 0.484375
6, 20, 1, 0.20102750000000036, 330840, 1.1692380905151367, 0.5552147030830383
6, 29, 1, 0.19616270000000124, 330840, 1.3452883958816528, 0.6274510025978088
6, 19, 1, 0.19643310000000014, 330840, 1.2705152034759521, 0.5335689187049866
6, 0, 1, 0.1624542, 330840, 1.3398634195327759, 0.6173285245895386
6, 23, 1, 0.17882979999999904, 330840, 1.1351597309112549, 0.6085526347160339
6, 3, 1, 0.17216430000000038, 330840, 1.2734966278076172, 0.5889328122138977
6, 25, 1, 0.1995301000000005, 330840, 1.207029104232788, 0.5654951930046082
6, 17, 1, 0.21684980000000031, 330840, 1.4727375507354736, 0.40549829602241516
6, 6, 1, 0.16160789999999992, 330840, 1.3417075872421265, 0.5365853905677795
6, 14, 1, 0.1546599000000004, 330840, 1.1882175207138062, 0.6488549709320068
7, 17, 1, 0.18127160000000053, 330840, 1.3111560344696045, 0.45704466104507446
7, 3, 1, 0.14493749999999928, 330840, 1.213362216949463, 0.6245059370994568
7, 19, 1, 0.19778680000000115, 330840, 1.2196722030639648, 0.554770290851593
7, 25, 1, 0.16829859999999996, 330840, 1.175628662109375, 0.5686901211738586
7, 23, 1, 0.1635320999999994, 330840, 1.0604829788208008, 0.6907894611358643
7, 5, 1, 0.17182290000000044, 330840, 1.2649412155151367, 0.5192307829856873
7, 12, 1, 0.1815553999999988, 330840, 1.2801315784454346, 0.6015325784683228
7, 6, 1, 0.1562146000000002, 330840, 1.256201148033142, 0.5975610017776489
7, 24, 1, 0.21379520000000074, 330840, 1.30774986743927, 0.538226306438446
7, 8, 1, 0.17266479999999973, 330840, 1.2575533390045166, 0.626086950302124
7, 16, 1, 0.19749899999999876, 330840, 1.214927315711975, 0.5612244606018066
7, 13, 1, 0.19181339999999913, 330840, 1.1404387950897217, 0.643410861492157
7, 2, 1, 0.1885665999999997, 330840, 1.2565717697143555, 0.5367646813392639
7, 4, 1, 0.21125080000000018, 330840, 1.3020299673080444, 0.5228216052055359
7, 20, 1, 0.21986869999999925, 330840, 1.134474754333496, 0.5490797758102417
8, 5, 1, 0.14652829999999994, 330840, 1.2359294891357422, 0.5230769515037537
8, 10, 1, 0.18454269999999973, 330840, 1.326088547706604, 0.5992063283920288
8, 14, 1, 0.17385490000000026, 330840, 1.1266136169433594, 0.6870229244232178
8, 0, 1, 0.2063606, 330840, 1.2580716609954834, 0.7111913561820984
8, 12, 1, 0.16151129999999903, 330840, 1.2126411199569702, 0.6628352403640747
8, 20, 1, 0.18246730000000078, 330840, 1.020559310913086, 0.6012269854545593
8, 8, 1, 0.1593195000000005, 330840, 1.1838350296020508, 0.678260862827301
8, 29, 1, 0.14771400000000057, 330840, 1.2139509916305542, 0.6960784196853638
8, 16, 1, 0.1851003999999996, 330840, 1.1293402910232544, 0.646258533000946
8, 27, 1, 0.21381859999999975, 330840, 1.1755276918411255, 0.5737704634666443
8, 13, 1, 0.20540230000000115, 330840, 1.2297415733337402, 0.643410861492157
8, 4, 1, 0.1919536000000015, 330840, 1.2392621040344238, 0.5560166239738464
8, 6, 1, 0.1745978000000008, 330840, 1.1702244281768799, 0.6666666865348816
8, 2, 1, 0.20760799999999957, 330840, 1.1886980533599854, 0.6102941036224365
8, 25, 1, 0.19488969999999917, 330840, 1.0971097946166992, 0.6198083162307739
8, 15, 1, 0.20081099999999985, 330840, 1.2362322807312012, 0.5958904027938843
8, 3, 1, 0.1585687999999994, 330840, 1.1715435981750488, 0.6521739363670349
8, 17, 1, 0.17110920000000007, 330840, 1.2225956916809082, 0.5429553389549255
8, 9, 1, 0.16674210000000045, 330840, 1.3615771532058716, 0.49787235260009766
9, 5, 1, 0.16246270000000074, 330840, 1.1609760522842407, 0.607692301273346
9, 4, 1, 0.1687922000000004, 330840, 1.1691334247589111, 0.6307054162025452
9, 16, 1, 0.15431039999999996, 330840, 1.116661787033081, 0.6394557952880859
9, 10, 1, 0.15204059999999942, 330840, 1.244060754776001, 0.64682537317276
9, 18, 1, 0.17214870000000104, 330840, 1.0914433002471924, 0.6631944179534912
9, 3, 1, 0.1453856000000009, 330840, 1.1183818578720093, 0.6719367504119873
9, 8, 1, 0.19873559999999912, 330840, 1.205065131187439, 0.6391304135322571
9, 19, 1, 0.18392169999999908, 330840, 1.1469298601150513, 0.5936395525932312
9, 6, 1, 0.16191099999999992, 330840, 1.0995192527770996, 0.6788617968559265
9, 12, 1, 0.18529840000000064, 330840, 1.1849749088287354, 0.6781609058380127
9, 17, 1, 0.19353970000000054, 330840, 1.2162418365478516, 0.5567010045051575
9, 14, 1, 0.18741959999999835, 330840, 1.047106385231018, 0.7366412281990051
9, 27, 1, 0.19161310000000142, 330840, 1.1015548706054688, 0.6065573692321777
9, 25, 1, 0.19075270000000089, 330840, 1.0215423107147217, 0.7220447063446045
9, 9, 1, 0.15211569999999952, 330840, 1.2750756740570068, 0.5702127814292908
10, 18, 1, 0.16070009999999968, 330840, 1.0453591346740723, 0.6770833134651184
10, 5, 1, 0.1680539999999997, 330840, 1.097697377204895, 0.6269230842590332
10, 3, 1, 0.12438950000000126, 330840, 1.065590739250183, 0.695652186870575
10, 8, 1, 0.15753939999999922, 330840, 1.1671665906906128, 0.6304348111152649
10, 20, 1, 0.1645058000000006, 330840, 0.9470163583755493, 0.6533742547035217
10, 17, 1, 0.1892194000000007, 330840, 1.1413944959640503, 0.6563574075698853
10, 27, 1, 0.18378210000000017, 330840, 1.091623067855835, 0.6557376980781555
10, 4, 1, 0.15610089999999843, 330840, 1.111339807510376, 0.7136929631233215
10, 12, 1, 0.16860240000000104, 330840, 1.1501704454421997, 0.7088122367858887
10, 29, 1, 0.19064049999999888, 330840, 1.1085642576217651, 0.7026143670082092
10, 16, 1, 0.21560749999999906, 330840, 1.1034739017486572, 0.6292517185211182
10, 6, 1, 0.16045329999999858, 330840, 1.017512559890747, 0.6869918704032898
10, 9, 1, 0.13605540000000005, 330840, 1.2002924680709839, 0.6638298034667969
11, 20, 1, 0.1788412000000008, 330840, 0.9748103618621826, 0.6625766754150391
11, 17, 1, 0.15577649999999998, 330840, 1.0777618885040283, 0.6460481286048889
11, 18, 1, 0.17260970000000064, 330840, 0.9802708029747009, 0.75
11, 19, 1, 0.18295190000000083, 330840, 1.0726795196533203, 0.6749116778373718
11, 12, 1, 0.14383089999999932, 330840, 1.102266550064087, 0.6666666865348816
11, 8, 1, 0.1609127000000008, 330840, 1.1274900436401367, 0.6608695387840271
11, 5, 1, 0.16613450000000007, 330840, 1.1338322162628174, 0.5730769038200378
11, 16, 1, 0.15985650000000007, 330840, 1.0532302856445312, 0.6428571343421936
11, 6, 1, 0.14953029999999856, 330840, 0.9405293464660645, 0.7479674816131592
12, 8, 1, 0.14394980000000146, 330840, 1.0472173690795898, 0.6695652008056641
12, 10, 1, 0.15307199999999987, 330840, 1.1708111763000488, 0.6547619104385376
12, 2, 1, 0.15624509999999958, 330840, 1.1235630512237549, 0.6948529481887817
12, 4, 1, 0.15488640000000053, 330840, 1.0537290573120117, 0.7510373592376709
12, 17, 1, 0.1456312000000004, 330840, 1.0751363039016724, 0.5945017337799072
12, 5, 1, 0.16000429999999888, 330840, 1.0708065032958984, 0.6038461327552795
12, 11, 1, 0.16014060000000008, 330840, 1.0324288606643677, 0.6796875
12, 3, 1, 0.18836239999999904, 330840, 1.021327257156372, 0.7193675637245178
12, 20, 1, 0.18763859999999966, 330840, 0.878867506980896, 0.6595091819763184
12, 24, 1, 0.1789329999999989, 330840, 1.229710578918457, 0.6697247624397278
12, 6, 1, 0.1757743999999999, 330840, 0.8805555105209351, 0.7398374080657959
12, 16, 1, 0.1902153000000002, 330840, 0.9765982031822205, 0.6632652878761292
12, 1, 1, 0.18005380000000137, 330840, 1.0602091550827026, 0.6473029255867004
12, 9, 1, 0.14288779999999957, 330840, 1.0750254392623901, 0.6978723406791687
13, 5, 1, 0.14592039999999962, 330840, 0.9867609143257141, 0.6692307591438293
13, 1, 1, 0.14459670000000102, 330840, 1.0605530738830566, 0.6473029255867004
13, 17, 1, 0.1715056999999991, 330840, 1.0830129384994507, 0.6048110127449036
13, 3, 1, 0.15720469999999942, 330840, 0.9636397957801819, 0.739130437374115
13, 24, 1, 0.16641890000000004, 330840, 1.154532551765442, 0.6758409738540649
13, 29, 1, 0.1584304999999997, 330840, 1.0185012817382812, 0.7483659982681274
13, 8, 1, 0.14825320000000097, 330840, 0.9670862555503845, 0.647826075553894
13, 20, 1, 0.1723984000000005, 330840, 0.8927077054977417, 0.6717791557312012
13, 16, 1, 0.1749155000000009, 330840, 0.9792546629905701, 0.6564626097679138
13, 6, 1, 0.16985269999999986, 330840, 0.8120175004005432, 0.7845528721809387
13, 9, 1, 0.14129979999999875, 330840, 1.0830765962600708, 0.6638298034667969
14, 13, 1, 0.15990410000000033, 330840, 1.1345874071121216, 0.786821722984314
14, 5, 1, 0.16087639999999936, 330840, 0.9221323132514954, 0.7076923251152039
14, 14, 1, 0.15297550000000015, 330840, 0.9919400811195374, 0.7748091816902161
14, 1, 1, 0.14841460000000062, 330840, 1.0094764232635498, 0.6887966990470886
14, 17, 1, 0.14485819999999983, 330840, 0.9914215207099915, 0.769759476184845
14, 16, 1, 0.17432990000000004, 330840, 0.9441186785697937, 0.680272102355957
14, 24, 1, 0.18281390000000108, 330840, 1.0894602537155151, 0.7461773753166199
14, 8, 1, 0.19559200000000132, 330840, 0.8914802074432373, 0.717391312122345
14, 20, 1, 0.1951034000000007, 330840, 0.8753096461296082, 0.7024539709091187
14, 29, 1, 0.17818049999999985, 330840, 0.9297172427177429, 0.7320261597633362
14, 6, 1, 0.17440129999999954, 330840, 0.9630017876625061, 0.7601625919342041
15, 8, 1, 0.14895739999999869, 330840, 0.9594747424125671, 0.678260862827301
15, 29, 1, 0.17183879999999974, 330840, 0.8408693671226501, 0.7483659982681274
15, 24, 1, 0.174931299999999, 330840, 1.0326416492462158, 0.8165137767791748
15, 11, 1, 0.1461017000000009, 330840, 0.9543394446372986, 0.71875
15, 12, 1, 0.16182749999999935, 330840, 0.9995633959770203, 0.7471264600753784
15, 13, 1, 0.1684403999999997, 330840, 1.0172115564346313, 0.8139534592628479
15, 20, 1, 0.1892630000000004, 330840, 0.8465235233306885, 0.696319043636322
15, 17, 1, 0.19323540000000072, 330840, 0.9487379193305969, 0.7079038023948669
15, 16, 1, 0.18015520000000151, 330840, 0.916967511177063, 0.6836734414100647
15, 15, 1, 0.18513470000000076, 330840, 1.1438080072402954, 0.6575342416763306
15, 6, 1, 0.16362339999999875, 330840, 0.9343607425689697, 0.7317073345184326
16, 1, 1, 0.16098480000000137, 330840, 0.9452543258666992, 0.6763485670089722
16, 11, 1, 0.1451741000000002, 330840, 0.8865920901298523, 0.67578125
16, 19, 1, 0.14509160000000065, 330840, 1.011165976524353, 0.7102473378181458
16, 22, 1, 0.20416909999999966, 330840, 0.9274380207061768, 0.683501660823822
16, 13, 1, 0.16041699999999892, 330840, 0.9102654457092285, 0.817829430103302
16, 8, 1, 0.15428849999999983, 330840, 0.8840793371200562, 0.7130434513092041
16, 20, 1, 0.16284320000000108, 330840, 0.7689007520675659, 0.745398759841919
16, 24, 1, 0.19518639999999898, 330840, 0.9516385197639465, 0.856269121170044
16, 6, 1, 0.1567066999999991, 330840, 0.8554804921150208, 0.7520325183868408
16, 16, 1, 0.16600150000000014, 330840, 0.870000422000885, 0.7006802558898926
16, 21, 1, 0.1656304999999989, 330840, 0.9329836368560791, 0.71875
16, 15, 1, 0.18083399999999905, 330840, 0.9222811460494995, 0.732876718044281
17, 24, 1, 0.18073479999999975, 330840, 0.8875709772109985, 0.8348624110221863
17, 3, 1, 0.18426990000000032, 330840, 0.9203127026557922, 0.7628458738327026
17, 18, 1, 0.1657384999999998, 330840, 0.9144257307052612, 0.7916666865348816
17, 12, 1, 0.20145400000000002, 330840, 0.9285396337509155, 0.7432950139045715
17, 8, 1, 0.2001641000000003, 330840, 0.8917999863624573, 0.708695650100708
17, 11, 1, 0.17890849999999858, 330840, 0.9189953804016113, 0.6875
17, 13, 1, 0.17200620000000022, 330840, 0.828947901725769, 0.8527131676673889
17, 19, 1, 0.17653699999999972, 330840, 0.8978872299194336, 0.685512363910675
17, 20, 1, 0.18278680000000058, 330840, 0.7922722697257996, 0.7361963391304016
17, 6, 1, 0.1697816000000003, 330840, 0.873449444770813, 0.8048780560493469
17, 16, 1, 0.1747481999999998, 330840, 0.870671808719635, 0.6530612111091614
17, 15, 1, 0.17639890000000058, 330840, 0.8828182220458984, 0.6952054500579834
17, 9, 1, 0.1486339999999995, 330840, 0.9490119814872742, 0.8127659559249878
18, 7, 1, 0.13397100000000073, 330840, 0.8431267738342285, 0.8616071343421936
18, 24, 1, 0.18790459999999953, 330840, 0.8325557708740234, 0.8073394298553467
18, 18, 1, 0.16879190000000044, 330840, 0.8739209771156311, 0.7916666865348816
18, 8, 1, 0.15428969999999964, 330840, 0.8995335698127747, 0.6913043260574341
18, 12, 1, 0.20646240000000127, 330840, 0.8981719017028809, 0.7969348430633545
18, 3, 1, 0.1457121000000008, 330840, 0.8663458824157715, 0.7667984366416931
18, 11, 1, 0.1815730000000002, 330840, 0.8424584269523621, 0.70703125
18, 13, 1, 0.1769336999999993, 330840, 0.8939438462257385, 0.7248061895370483
18, 6, 1, 0.17801309999999937, 330840, 0.8862779140472412, 0.7560975551605225
18, 15, 1, 0.17489850000000118, 330840, 0.8932225704193115, 0.732876718044281
18, 9, 1, 0.14653730000000031, 330840, 0.9416452646255493, 0.7702127695083618
19, 24, 1, 0.14805759999999957, 330840, 0.7734853029251099, 0.8287461996078491
19, 8, 1, 0.1513308000000002, 330840, 0.8880482316017151, 0.678260862827301
19, 13, 1, 0.1398123999999985, 330840, 0.8009344339370728, 0.7286821603775024
19, 11, 1, 0.1331629999999997, 330840, 0.8774656653404236, 0.68359375
19, 22, 1, 0.15565789999999957, 330840, 0.8243800401687622, 0.7710437774658203
19, 14, 1, 0.15514529999999915, 330840, 0.8078188896179199, 0.7900763154029846
19, 6, 1, 0.1228006999999991, 330840, 0.8142828941345215, 0.7357723712921143
19, 15, 1, 0.1556854999999988, 330840, 0.8732249140739441, 0.715753436088562
19, 9, 1, 0.12846829999999976, 330840, 0.8295670747756958, 0.8723404407501221
20, 28, 1, 0.17021519999999946, 330840, 0.7154198288917542, 0.8618181943893433
20, 12, 1, 0.15378390000000053, 330840, 0.835271418094635, 0.8122605085372925
20, 19, 1, 0.16798239999999964, 330840, 0.824049174785614, 0.7208480834960938
20, 8, 1, 0.1579467000000001, 330840, 0.8201925754547119, 0.686956524848938
20, 14, 1, 0.17207989999999995, 330840, 0.762101948261261, 0.767175555229187
20, 2, 1, 0.20499590000000012, 330840, 0.8462201952934265, 0.8382353186607361
20, 13, 1, 0.1705527, 330840, 0.7740285992622375, 0.8100775480270386
20, 5, 1, 0.16432040000000114, 330840, 0.8393042683601379, 0.7423076629638672
20, 15, 1, 0.1779010999999997, 330840, 0.8077352643013, 0.7465753555297852
20, 6, 1, 0.16861930000000136, 330840, 0.7491143345832825, 0.8008130192756653
21, 4, 1, 0.15104260000000025, 330840, 0.9951812028884888, 0.8257261514663696
21, 1, 1, 0.14571660000000008, 330840, 0.8740525245666504, 0.7219917178153992
21, 25, 1, 0.14100280000000076, 330840, 0.9700549244880676, 0.7635782957077026
21, 12, 1, 0.16173660000000112, 330840, 0.7818905711174011, 0.7931034564971924
21, 13, 1, 0.14671949999999967, 330840, 0.7643837928771973, 0.7093023061752319
21, 14, 1, 0.1714897000000004, 330840, 0.6564915776252747, 0.8358778357505798
21, 19, 1, 0.13385590000000036, 330840, 0.7652497291564941, 0.7385159134864807
21, 26, 1, 0.15813379999999988, 330840, 0.6748340129852295, 0.8633333444595337
21, 5, 1, 0.16017989999999926, 330840, 0.7808043360710144, 0.7807692289352417
21, 27, 1, 0.17462879999999892, 330840, 0.7665441632270813, 0.7540983557701111
21, 6, 1, 0.14367009999999958, 330840, 0.7004925012588501, 0.8495935201644897
21, 15, 1, 0.16351130000000147, 330840, 0.7757786512374878, 0.7397260069847107
22, 11, 1, 0.14354419999999912, 330840, 0.8215906620025635, 0.76171875
22, 8, 1, 0.17963830000000058, 330840, 0.7591307759284973, 0.8173912763595581
22, 20, 1, 0.17866259999999912, 330840, 0.7403497695922852, 0.7269938588142395
22, 3, 1, 0.17319059999999986, 330840, 0.8319602012634277, 0.7944663763046265
22, 5, 1, 0.15960929999999962, 330840, 0.8030521273612976, 0.7346153855323792
22, 18, 1, 0.16523660000000007, 330840, 0.8246394991874695, 0.8402777910232544
22, 29, 1, 0.17378059999999884, 330840, 0.7668026685714722, 0.7450980544090271
22, 4, 1, 0.16017870000000123, 330840, 0.9506524205207825, 0.8091286420822144
22, 10, 1, 0.16027450000000165, 330840, 1.1052240133285522, 0.7896825671195984
22, 6, 1, 0.15876590000000057, 330840, 0.7656567096710205, 0.792682945728302
22, 16, 1, 0.16404499999999977, 330840, 0.8189654350280762, 0.7448979616165161
22, 15, 1, 0.1539482000000003, 330840, 0.8418123126029968, 0.6883561611175537
22, 9, 1, 0.1356767000000012, 330840, 0.7596657872200012, 0.8680850863456726
23, 4, 1, 0.16960949999999997, 330840, 0.9006654024124146, 0.8423236608505249
23, 11, 1, 0.16239930000000058, 330840, 0.8407175540924072, 0.7109375
23, 16, 1, 0.14989180000000069, 330840, 0.7640703916549683, 0.8027210831642151
23, 8, 1, 0.13125870000000006, 330840, 0.7052026987075806, 0.8304347991943359
23, 10, 1, 0.19518009999999997, 330840, 1.048933506011963, 0.8095238208770752
23, 3, 1, 0.13668559999999985, 330840, 0.785883903503418, 0.8498023748397827
23, 13, 1, 0.1806701000000004, 330840, 0.7270410060882568, 0.8023256063461304
23, 1, 1, 0.18520260000000022, 330840, 0.8525540828704834, 0.7344398498535156
23, 20, 1, 0.17620649999999927, 330840, 0.6734709143638611, 0.7730061411857605
23, 27, 1, 0.1736298999999999, 330840, 0.8183919787406921, 0.7540983557701111
23, 15, 1, 0.18355430000000084, 330840, 0.8795942664146423, 0.6541095972061157
23, 6, 1, 0.1579795999999991, 330840, 0.7133142352104187, 0.7560975551605225
23, 9, 1, 0.12260350000000031, 330840, 0.8551989793777466, 0.8170212507247925
24, 8, 1, 0.14105919999999905, 330840, 0.6565741896629333, 0.791304349899292
24, 19, 1, 0.15003489999999964, 330840, 0.8097270727157593, 0.7243816256523132
24, 12, 1, 0.15385850000000012, 330840, 0.8051362633705139, 0.7662835121154785
24, 4, 1, 0.13871069999999897, 330840, 0.8498853445053101, 0.8796680569648743
24, 11, 1, 0.14932130000000043, 330840, 0.7824827432632446, 0.72265625
24, 3, 1, 0.1369644000000001, 330840, 0.7364835143089294, 0.8695651888847351
24, 6, 1, 0.14937239999999896, 330840, 0.7801315784454346, 0.7479674816131592
24, 16, 1, 0.13544819999999902, 330840, 0.7236618995666504, 0.8265306353569031
24, 15, 1, 0.14639600000000108, 330840, 0.8113598227500916, 0.7054794430732727
24, 9, 1, 0.12347860000000033, 330840, 0.8241745233535767, 0.8340425491333008
25, 3, 1, 0.140358599999999, 330840, 0.7092339396476746, 0.8023715615272522
25, 27, 1, 0.16228469999999895, 330840, 0.7614824771881104, 0.796721339225769
25, 8, 1, 0.13842730000000003, 330840, 0.6296364665031433, 0.7739130258560181
25, 11, 1, 0.1393671000000012, 330840, 0.7603479623794556, 0.74609375
25, 12, 1, 0.15999060000000043, 330840, 0.7607666850090027, 0.8007662892341614
25, 20, 1, 0.1791444999999996, 330840, 0.6796694397926331, 0.7668711543083191
25, 6, 1, 0.13800469999999976, 330840, 0.7180677056312561, 0.8130081295967102
25, 14, 1, 0.15478600000000142, 330840, 0.6860767602920532, 0.7786259651184082
25, 25, 1, 0.18470739999999886, 330840, 0.7190237045288086, 0.779552698135376
25, 16, 1, 0.15484749999999892, 330840, 0.6854202151298523, 0.795918345451355
25, 15, 1, 0.16345920000000014, 330840, 0.7469766736030579, 0.7294520735740662
25, 9, 1, 0.12732300000000052, 330840, 0.736098051071167, 0.8382978439331055
26, 5, 1, 0.136493999999999, 330840, 0.7331107258796692, 0.7384615540504456
26, 27, 1, 0.15187340000000127, 330840, 0.7251225709915161, 0.7704917788505554
26, 8, 1, 0.13563549999999935, 330840, 0.5985894799232483, 0.7434782385826111
26, 25, 1, 0.1435688000000006, 330840, 0.6955768465995789, 0.8019169569015503
26, 19, 1, 0.15091769999999904, 330840, 0.758002519607544, 0.7279151678085327
26, 12, 1, 0.15674830000000028, 330840, 0.7284255623817444, 0.7931034564971924
26, 11, 1, 0.14705050000000064, 330840, 0.7446297407150269, 0.7734375
26, 16, 1, 0.1540965000000014, 330840, 0.7015081644058228, 0.8027210831642151
26, 20, 1, 0.15134250000000016, 330840, 0.6504299640655518, 0.7607361674308777
26, 15, 1, 0.1520311999999997, 330840, 0.7184992432594299, 0.7294520735740662
26, 6, 1, 0.1549656999999982, 330840, 0.7039623260498047, 0.7886179089546204
26, 9, 1, 0.12460300000000046, 330840, 0.7441779971122742, 0.8382978439331055
27, 24, 1, 0.16856139999999975, 330840, 0.7255784273147583, 0.856269121170044
27, 5, 1, 0.17443489999999962, 330840, 0.7047705054283142, 0.7384615540504456
27, 11, 1, 0.13479430000000114, 330840, 0.7041100859642029, 0.765625
27, 19, 1, 0.15031849999999913, 330840, 0.712073564529419, 0.7385159134864807
27, 8, 1, 0.15553309999999954, 330840, 0.5741585493087769, 0.856521725654602
27, 16, 1, 0.14325210000000155, 330840, 0.6519502997398376, 0.8231292366981506
27, 6, 1, 0.15176719999999833, 330840, 0.6700729727745056, 0.7560975551605225
27, 15, 1, 0.15709530000000171, 330840, 0.6718859076499939, 0.784246563911438
27, 9, 1, 0.12172689999999875, 330840, 0.7165050506591797, 0.8212766051292419
28, 10, 1, 0.13458330000000096, 330840, 0.9883283376693726, 0.8809523582458496
28, 11, 1, 0.1272795000000002, 330840, 0.6653780937194824, 0.7734375
28, 24, 1, 0.15051970000000026, 330840, 0.6962635517120361, 0.8440366983413696
28, 5, 1, 0.13730359999999742, 330840, 0.6748262643814087, 0.7884615659713745
28, 8, 1, 0.1555306999999999, 330840, 0.5390432476997375, 0.843478262424469
28, 16, 1, 0.147356300000002, 330840, 0.6044073700904846, 0.8571428656578064
28, 25, 1, 0.15147450000000084, 330840, 0.6353034377098083, 0.805111825466156
28, 12, 1, 0.15968289999999996, 330840, 0.6990911960601807, 0.7931034564971924
28, 20, 1, 0.16686269999999936, 330840, 0.6399545669555664, 0.745398759841919
28, 6, 1, 0.1382121000000005, 330840, 0.6189667582511902, 0.8292682766914368
28, 15, 1, 0.15010739999999956, 330840, 0.6763461232185364, 0.7191780805587769
28, 9, 1, 0.10784489999999991, 330840, 0.6532943844795227, 0.8595744967460632
29, 5, 1, 0.15195059999999927, 330840, 0.6231937408447266, 0.7615384459495544
29, 24, 1, 0.15810160000000018, 330840, 0.7518343925476074, 0.7920489311218262
29, 12, 1, 0.14906609999999887, 330840, 0.6855185031890869, 0.7931034564971924
29, 11, 1, 0.12526910000000058, 330840, 0.6332539319992065, 0.8046875
29, 8, 1, 0.1408313000000021, 330840, 0.522252082824707, 0.8608695864677429
29, 20, 1, 0.17650799999999833, 330840, 0.5761244893074036, 0.7852760553359985
29, 6, 1, 0.1386392999999977, 330840, 0.5723071098327637, 0.8373983502388
29, 15, 1, 0.15613889999999842, 330840, 0.6799842119216919, 0.75
29, 9, 1, 0.1131858999999995, 330840, 0.7083927989006042, 0.8255318999290466
30, 5, 1, 0.14920610000000067, 330840, 0.5892572999000549, 0.7653846144676208
30, 25, 1, 0.15994119999999867, 330840, 0.5813020467758179, 0.8722044825553894
30, 8, 1, 0.16230109999999698, 330840, 0.5001459717750549, 0.856521725654602
30, 10, 1, 0.1513239000000013, 330840, 0.9245800375938416, 0.8849206566810608
30, 12, 1, 0.1578761999999969, 330840, 0.6512148380279541, 0.8467432856559753
30, 24, 1, 0.16473850000000034, 330840, 0.719144344329834, 0.7828746438026428
30, 20, 1, 0.1616435999999979, 330840, 0.582673966884613, 0.754601240158081
30, 19, 1, 0.18109189999999842, 330840, 0.6882174015045166, 0.7349823117256165
30, 27, 1, 0.17608290000000082, 330840, 0.6438902616500854, 0.7868852615356445
30, 15, 1, 0.17615220000000065, 330840, 0.6518459320068359, 0.7534246444702148
30, 9, 1, 0.11176239999999993, 330840, 0.7744069695472717, 0.7489361763000488
31, 12, 1, 0.1615979999999979, 330840, 0.6528749465942383, 0.7624521255493164
31, 22, 1, 0.16408309999999915, 330840, 0.7565333247184753, 0.7373737096786499
31, 7, 1, 0.12930510000000162, 330840, 0.7937601804733276, 0.7723214030265808
31, 5, 1, 0.18120729999999696, 330840, 0.5643301606178284, 0.8230769038200378
31, 26, 1, 0.17346530000000016, 330840, 0.541392982006073, 0.8666666746139526
31, 27, 1, 0.15568120000000008, 330840, 0.6524646282196045, 0.7704917788505554
31, 19, 1, 0.15089030000000037, 330840, 0.6427685618400574, 0.7703180313110352
31, 15, 1, 0.17054800000000014, 330840, 0.599472165107727, 0.8219178318977356
31, 9, 1, 0.11746979999999851, 330840, 0.645759642124176, 0.8340425491333008
32, 5, 1, 0.13806659999999837, 330840, 0.550000011920929, 0.8153846263885498
32, 8, 1, 0.12595639999999975, 330840, 0.48660483956336975, 0.8695651888847351
32, 27, 1, 0.1347843000000033, 330840, 0.6585540175437927, 0.7704917788505554
32, 12, 1, 0.13920249999999967, 330840, 0.6285421848297119, 0.8237547874450684
32, 0, 1, 0.15882530000000017, 330840, 0.6371908187866211, 0.8555956482887268
32, 15, 1, 0.11960140000000052, 330840, 0.6272383332252502, 0.75
32, 9, 1, 0.10434459999999923, 330840, 0.6463854312896729, 0.8085106611251831
33, 18, 1, 0.13934329999999662, 330840, 0.7825624346733093, 0.8611111044883728
33, 4, 1, 0.15120680000000064, 330840, 0.7917878031730652, 0.8464730381965637
33, 8, 1, 0.14382329999999754, 330840, 0.4631723463535309, 0.8608695864677429
33, 19, 1, 0.1579599000000016, 330840, 0.5888737440109253, 0.8374558091163635
33, 27, 1, 0.14994949999999818, 330840, 0.6203605532646179, 0.7606557607650757
33, 12, 1, 0.13082179999999966, 330840, 0.5933974981307983, 0.8429118990898132
33, 10, 1, 0.16211669999999856, 330840, 0.8687753677368164, 0.8492063283920288
33, 17, 1, 0.1876887000000007, 330840, 0.86064213514328, 0.769759476184845
33, 15, 1, 0.17240529999999765, 330840, 0.6073699593544006, 0.7808219194412231
33, 6, 1, 0.15180159999999887, 330840, 0.5612062811851501, 0.8495935201644897
33, 9, 1, 0.1262319000000005, 330840, 0.5875746607780457, 0.914893627166748
34, 19, 1, 0.15193149999999989, 330840, 0.6990646123886108, 0.7985865473747253
34, 4, 1, 0.1562732000000011, 330840, 0.7612307667732239, 0.8340249061584473
34, 18, 1, 0.14620709999999804, 330840, 0.7329230308532715, 0.8715277910232544
34, 17, 1, 0.14835219999999794, 330840, 0.8085969090461731, 0.7113401889801025
34, 8, 1, 0.12796110000000027, 330840, 0.4628767669200897, 0.865217387676239
34, 15, 1, 0.1359212999999997, 330840, 0.5795710682868958, 0.801369845867157
34, 6, 1, 0.11789900000000131, 330840, 0.5305894017219543, 0.8333333134651184
34, 9, 1, 0.10977759999999925, 330840, 0.5412758588790894, 0.8978723287582397
35, 23, 1, 0.1876552000000018, 330840, 0.6493703126907349, 0.7664473652839661
35, 17, 1, 0.15144129999999834, 330840, 0.7784622311592102, 0.7010309100151062
35, 27, 1, 0.1612310999999984, 330840, 0.580447793006897, 0.7901639342308044
35, 8, 1, 0.1445141999999997, 330840, 0.45148766040802, 0.8478260636329651
35, 12, 1, 0.16603119999999905, 330840, 0.6673617362976074, 0.8160919547080994
35, 19, 1, 0.1728841999999986, 330840, 0.693632185459137, 0.7667844295501709
35, 6, 1, 0.13616619999999813, 330840, 0.5162031650543213, 0.857723593711853
35, 15, 1, 0.15469990000000067, 330840, 0.5636516809463501, 0.7226027250289917
36, 11, 1, 0.12462779999999896, 330840, 0.6146121025085449, 0.78125
36, 4, 1, 0.13745959999999968, 330840, 0.7205336689949036, 0.8672199249267578
36, 24, 1, 0.1476550000000003, 330840, 0.6321777105331421, 0.8379204869270325
36, 8, 1, 0.13001759999999862, 330840, 0.4479275643825531, 0.834782600402832
36, 17, 1, 0.14367839999999887, 330840, 0.6829776167869568, 0.8213058710098267
36, 18, 1, 0.1354331999999978, 330840, 0.6897758841514587, 0.8888888955116272
36, 6, 1, 0.12775489999999934, 330840, 0.49372878670692444, 0.869918704032898
36, 15, 1, 0.12950329999999965, 330840, 0.5290334224700928, 0.784246563911438
36, 9, 1, 0.10811220000000077, 330840, 0.5213399529457092, 0.8595744967460632
37, 26, 1, 0.14935270000000145, 330840, 0.5061014294624329, 0.8433333039283752
37, 18, 1, 0.1540516000000025, 330840, 0.6395617127418518, 0.8958333134651184
37, 8, 1, 0.14672800000000308, 330840, 0.3998849093914032, 0.8999999761581421
37, 11, 1, 0.13714940000000198, 330840, 0.623873770236969, 0.8046875
37, 4, 1, 0.14387680000000103, 330840, 0.6774412989616394, 0.8796680569648743
37, 24, 1, 0.1525223000000011, 330840, 0.7028014659881592, 0.819571852684021
37, 17, 1, 0.17913179999999684, 330840, 0.6887052655220032, 0.7972508668899536
37, 12, 1, 0.16277179999999802, 330840, 0.6049658060073853, 0.8352490663528442
37, 15, 1, 0.17340530000000243, 330840, 0.6249934434890747, 0.7431507110595703
38, 19, 1, 0.16289709999999857, 330840, 0.650227963924408, 0.7455830574035645
38, 4, 1, 0.1411225000000016, 330840, 0.6522057056427002, 0.8506224155426025
38, 8, 1, 0.15166779999999846, 330840, 0.4166339337825775, 0.834782600402832
38, 22, 1, 0.179534799999999, 330840, 0.6921913027763367, 0.8181818127632141
38, 17, 1, 0.1738041999999993, 330840, 0.673999547958374, 0.8281787037849426
38, 14, 1, 0.15935729999999992, 330840, 0.619716465473175, 0.8625954389572144
38, 24, 1, 0.16251399999999805, 330840, 0.6752201914787292, 0.8103975653648376
38, 15, 1, 0.1514097999999997, 330840, 0.6414110064506531, 0.7431507110595703
39, 19, 1, 0.1456754999999994, 330840, 0.6075945496559143, 0.8197879791259766
39, 8, 1, 0.13955949999999717, 330840, 0.41262638568878174, 0.8608695864677429
39, 17, 1, 0.14722830000000187, 330840, 0.6598526835441589, 0.7903780341148376
39, 4, 1, 0.1353951000000002, 330840, 0.6113560199737549, 0.8962655663490295
39, 22, 1, 0.167246200000001, 330840, 0.6307857632637024, 0.7878788113594055
39, 24, 1, 0.1421342999999986, 330840, 0.65828537940979, 0.7828746438026428
39, 6, 1, 0.1310658999999994, 330840, 0.46658146381378174, 0.8739837408065796
39, 15, 1, 0.13906569999999974, 330840, 0.5805817246437073, 0.818493127822876
39, 9, 1, 0.12073960000000028, 330840, 0.47646594047546387, 0.9276595711708069
40, 8, 1, 0.1382885999999992, 330840, 0.36822280287742615, 0.8999999761581421
40, 24, 1, 0.14633800000000008, 330840, 0.590295672416687, 0.8348624110221863
40, 17, 1, 0.1331054999999992, 330840, 0.6223138570785522, 0.8144329786300659
40, 4, 1, 0.12001560000000211, 330840, 0.5832984447479248, 0.8962655663490295
40, 14, 1, 0.15407869999999946, 330840, 0.5751729607582092, 0.8664122223854065
40, 15, 1, 0.14092790000000122, 330840, 0.6178495287895203, 0.7808219194412231
40, 9, 1, 0.11409609999999937, 330840, 0.45588502287864685, 0.8851063847541809
41, 24, 1, 0.1481640999999989, 330840, 0.5493593215942383, 0.8715596199035645
41, 4, 1, 0.12973180000000184, 330840, 0.573415219783783, 0.8713693022727966
41, 19, 1, 0.15162869999999984, 330840, 0.5791257619857788, 0.8586572408676147
41, 8, 1, 0.13064769999999726, 330840, 0.539973795413971, 0.843478262424469
41, 17, 1, 0.14078990000000147, 330840, 0.6582640409469604, 0.7560137510299683
41, 14, 1, 0.12593760000000032, 330840, 0.5010589957237244, 0.8511450290679932
41, 15, 1, 0.13234480000000204, 330840, 0.5741865038871765, 0.7945205569267273
41, 9, 1, 0.10045279999999934, 330840, 0.4424628019332886, 0.8978723287582397
42, 19, 1, 0.13990270000000038, 330840, 0.6054224967956543, 0.7773851752281189
42, 24, 1, 0.1460448999999997, 330840, 0.621479868888855, 0.8348624110221863
42, 17, 1, 0.12097060000000326, 330840, 0.6224970817565918, 0.8281787037849426
42, 15, 1, 0.12471509999999952, 330840, 0.5849071741104126, 0.7568492889404297
42, 9, 1, 0.10572070000000089, 330840, 0.4542188346385956, 0.8680850863456726
43, 4, 1, 0.12657209999999708, 330840, 0.5323643684387207, 0.8962655663490295
43, 11, 1, 0.11782429999999877, 330840, 0.5858289003372192, 0.8203125
43, 19, 1, 0.1387350000000005, 330840, 0.5713093876838684, 0.7985865473747253
43, 17, 1, 0.1528911000000015, 330840, 0.580899715423584, 0.8625429272651672
43, 8, 1, 0.1393019000000031, 330840, 0.5186260342597961, 0.834782600402832
43, 24, 1, 0.14313160000000025, 330840, 0.6213005781173706, 0.7981651425361633
43, 14, 1, 0.13074519999999978, 330840, 0.497767835855484, 0.8167939186096191
43, 9, 1, 0.11238650000000305, 330840, 0.38945090770721436, 0.936170220375061
44, 17, 1, 0.14570119999999775, 330840, 0.6395388245582581, 0.7938144207000732
44, 8, 1, 0.11769299999999916, 330840, 0.5331447124481201, 0.856521725654602
44, 19, 1, 0.14064769999999882, 330840, 0.586575448513031, 0.7985865473747253
44, 11, 1, 0.1231535000000008, 330840, 0.5685369968414307, 0.7890625
44, 24, 1, 0.15513890000000075, 330840, 0.6098255515098572, 0.8103975653648376
44, 4, 1, 0.1419789999999992, 330840, 0.5260782837867737, 0.8796680569648743
45, 4, 1, 0.13851689999999905, 330840, 0.5450520515441895, 0.8423236608505249
45, 19, 1, 0.14112360000000024, 330840, 0.578600287437439, 0.7879858613014221
45, 8, 1, 0.13293720000000064, 330840, 0.5574101209640503, 0.7956521511077881
45, 17, 1, 0.15549490000000077, 330840, 0.6109647154808044, 0.8109965920448303
45, 24, 1, 0.15458930000000137, 330840, 0.5309440493583679, 0.8776758313179016
45, 15, 1, 0.15320469999999986, 330840, 0.552553117275238, 0.8253424763679504
45, 9, 1, 0.10829060000000013, 330840, 0.38529717922210693, 0.914893627166748
46, 19, 1, 0.14057490000000072, 330840, 0.5480591058731079, 0.7809187173843384
46, 17, 1, 0.12896240000000248, 330840, 0.6038228869438171, 0.8109965920448303
46, 24, 1, 0.13160360000000182, 330840, 0.5848045945167542, 0.822629988193512
46, 8, 1, 0.10814420000000169, 330840, 0.4837687313556671, 0.843478262424469
46, 15, 1, 0.13733809999999735, 330840, 0.5316963791847229, 0.7773972749710083
47, 8, 1, 0.1365835000000004, 330840, 0.4939535856246948, 0.800000011920929
47, 4, 1, 0.1335493999999997, 330840, 0.5141555070877075, 0.8589211702346802
47, 17, 1, 0.14904130000000038, 330840, 0.6055120229721069, 0.7766323089599609
47, 24, 1, 0.14520840000000135, 330840, 0.5488028526306152, 0.8440366983413696
47, 14, 1, 0.13917010000000118, 330840, 0.46175920963287354, 0.8435114622116089
47, 9, 1, 0.10597449999999853, 330840, 0.354587584733963, 0.9531915187835693
48, 4, 1, 0.13490020000000058, 330840, 0.4855686128139496, 0.8672199249267578
48, 17, 1, 0.14446089999999856, 330840, 0.5758765935897827, 0.7938144207000732
48, 8, 1, 0.13860109999999892, 330840, 0.4968251883983612, 0.8260869383811951
48, 24, 1, 0.1390999999999991, 330840, 0.5438891649246216, 0.8685015439987183
48, 9, 1, 0.102018300000001, 330840, 0.39474207162857056, 0.8808510899543762
49, 4, 1, 0.14783239999999864, 330840, 0.4845559298992157, 0.8298755288124084
49, 24, 1, 0.1609866000000011, 330840, 0.5255874991416931, 0.8501529097557068
49, 17, 1, 0.14672739999999962, 330840, 0.5700262188911438, 0.7972508668899536
49, 20, 1, 0.1888777000000026, 330840, 0.5635179281234741, 0.7914110422134399
49, 8, 1, 0.14566699999999955, 330840, 0.49402862787246704, 0.791304349899292
49, 15, 1, 0.1700400000000002, 330840, 0.521657407283783, 0.818493127822876
49, 9, 1, 0.12908510000000106, 330840, 0.32889169454574585, 0.9446808695793152
50, 8, 1, 0.12712639999999809, 330840, 0.48546692728996277, 0.813043475151062
50, 4, 1, 0.13072650000000152, 330840, 0.4760454595088959, 0.8381742835044861
50, 24, 1, 0.1595039000000007, 330840, 0.5582053065299988, 0.8042813539505005
50, 17, 1, 0.14211690000000132, 330840, 0.5546236038208008, 0.8797250986099243
50, 15, 1, 0.13508090000000195, 330840, 0.5002003312110901, 0.801369845867157
51, 24, 1, 0.1363355999999989, 330840, 0.4977656900882721, 0.8715596199035645
51, 4, 1, 0.12792099999999706, 330840, 0.45221152901649475, 0.8962655663490295
51, 17, 1, 0.14905659999999799, 330840, 0.560009777545929, 0.8247422575950623
51, 8, 1, 0.11858679999999922, 330840, 0.47093454003334045, 0.8304347991943359
51, 15, 1, 0.13190310000000238, 330840, 0.4945303499698639, 0.7773972749710083
52, 4, 1, 0.12515199999999993, 330840, 0.4179720878601074, 0.8879668116569519
52, 24, 1, 0.1442594000000028, 330840, 0.5155233144760132, 0.8440366983413696
52, 28, 1, 0.16026319999999927, 330840, 0.6682208776473999, 0.8436363339424133
52, 17, 1, 0.14861540000000062, 330840, 0.5150353312492371, 0.8625429272651672
52, 12, 1, 0.15445470000000228, 330840, 0.5653880834579468, 0.8505747318267822
52, 8, 1, 0.1444119999999991, 330840, 0.4432733952999115, 0.8695651888847351
52, 15, 1, 0.1508780999999999, 330840, 0.5002614259719849, 0.8082191944122314
52, 9, 1, 0.10282380000000302, 330840, 0.302879273891449, 0.9489361643791199
53, 24, 1, 0.13427190000000166, 330840, 0.4593188464641571, 0.8593271970748901
53, 8, 1, 0.10678000000000054, 330840, 0.4453417658805847, 0.8260869383811951
53, 17, 1, 0.1253309999999992, 330840, 0.5962382555007935, 0.769759476184845
53, 12, 1, 0.13585080000000005, 330840, 0.4746347665786743, 0.8697317838668823
54, 8, 1, 0.1347048000000015, 330840, 0.4205089509487152, 0.8478260636329651
54, 0, 1, 0.1515385000000009, 330840, 0.5816393494606018, 0.8916967511177063
54, 17, 1, 0.14409970000000172, 330840, 0.5029460787773132, 0.8213058710098267
54, 3, 1, 0.12603329999999957, 330840, 0.6744028925895691, 0.8735178112983704
54, 12, 1, 0.1371235999999989, 330840, 0.43921414017677307, 0.8965517282485962
54, 24, 1, 0.1410349999999987, 330840, 0.5138572454452515, 0.8379204869270325
54, 9, 1, 0.10519339999999744, 330840, 0.3163495361804962, 0.9276595711708069
55, 17, 1, 0.13641489999999834, 330840, 0.52027827501297, 0.800687313079834
55, 8, 1, 0.11314669999999794, 330840, 0.4155275821685791, 0.8695651888847351
55, 24, 1, 0.13713759999999908, 330840, 0.4317125380039215, 0.8868501782417297
55, 15, 1, 0.14106410000000125, 330840, 0.5182157754898071, 0.7945205569267273
55, 9, 1, 0.10572230000000005, 330840, 0.2937041223049164, 0.936170220375061
56, 24, 1, 0.14043660000000102, 330840, 0.4655276834964752, 0.8134556412696838
56, 12, 1, 0.14230579999999904, 330840, 0.4298872947692871, 0.8888888955116272
56, 8, 1, 0.12243519999999819, 330840, 0.4244137108325958, 0.8173912763595581
56, 17, 1, 0.13859199999999916, 330840, 0.5081771612167358, 0.8144329786300659
56, 15, 1, 0.1332450999999999, 330840, 0.5114668011665344, 0.7876712083816528
56, 9, 1, 0.10625840000000153, 330840, 0.27521437406539917, 0.9531915187835693
57, 12, 1, 0.11910139999999814, 330840, 0.3885708451271057, 0.8850574493408203
57, 24, 1, 0.13698480000000046, 330840, 0.4290531277656555, 0.8623853325843811
57, 17, 1, 0.12554119999999713, 330840, 0.5238280892372131, 0.8591065406799316
57, 15, 1, 0.13691650000000166, 330840, 0.47979146242141724, 0.8321917653083801
57, 9, 1, 0.10419489999999954, 330840, 0.2527846097946167, 0.978723406791687
58, 7, 1, 0.1314856000000013, 330840, 0.7395225167274475, 0.8303571343421936
58, 24, 1, 0.1492798999999998, 330840, 0.4326777160167694, 0.8837920427322388
58, 12, 1, 0.1447402000000011, 330840, 0.3886110782623291, 0.8888888955116272
58, 11, 1, 0.13175689999999918, 330840, 0.554664671421051, 0.8203125
58, 17, 1, 0.12987590000000182, 330840, 0.4620070457458496, 0.838487982749939
58, 8, 1, 0.12432529999999886, 330840, 0.38780882954597473, 0.8478260636329651
58, 9, 1, 0.11141429999999986, 330840, 0.2521854043006897, 0.9531915187835693
59, 11, 1, 0.12452009999999802, 330840, 0.5235311388969421, 0.828125
59, 19, 1, 0.14557069999999683, 330840, 0.4863821566104889, 0.8480565547943115
59, 2, 1, 0.15158149999999893, 330840, 0.7828052043914795, 0.875
59, 8, 1, 0.13833600000000246, 330840, 0.36415228247642517, 0.8913043737411499
59, 24, 1, 0.14935659999999729, 330840, 0.42074891924858093, 0.8776758313179016
59, 17, 1, 0.14430209999999732, 330840, 0.519615113735199, 0.8659793734550476
59, 6, 1, 0.13177579999999978, 330840, 0.44044890999794006, 0.8943089246749878
59, 9, 1, 0.11260079999999917, 330840, 0.23071566224098206, 0.9659574627876282
60, 8, 1, 0.113677899999999, 330840, 0.34111258387565613, 0.895652174949646
60, 17, 1, 0.14027670000000114, 330840, 0.5813981294631958, 0.7938144207000732
60, 6, 1, 0.13436229999999938, 330840, 0.42877674102783203, 0.8780487775802612
60, 9, 1, 0.11956980000000073, 330840, 0.2303026020526886, 0.957446813583374
61, 24, 1, 0.15242110000000153, 330840, 0.36866357922554016, 0.9082568883895874
61, 11, 1, 0.12854059999999734, 330840, 0.5084562301635742, 0.84765625
61, 12, 1, 0.16151920000000075, 330840, 0.42201855778694153, 0.8620689511299133
61, 17, 1, 0.18189040000000034, 330840, 0.4939616024494171, 0.8659793734550476
61, 8, 1, 0.14455249999999964, 330840, 0.3250567615032196, 0.908695638179779
61, 19, 1, 0.1407071999999978, 330840, 0.4714719355106354, 0.8657243847846985
61, 6, 1, 0.15195630000000193, 330840, 0.40924668312072754, 0.8983739614486694
61, 9, 1, 0.10611199999999954, 330840, 0.22349846363067627, 0.9659574627876282
62, 28, 1, 0.15764000000000067, 330840, 0.6082533001899719, 0.8436363339424133
62, 8, 1, 0.1286012999999997, 330840, 0.36400026082992554, 0.8913043737411499
62, 17, 1, 0.14129820000000137, 330840, 0.5400053858757019, 0.8109965920448303
62, 24, 1, 0.1382278000000028, 330840, 0.37358173727989197, 0.8715596199035645
62, 6, 1, 0.1101378000000004, 330840, 0.39432597160339355, 0.9146341681480408
63, 8, 1, 0.136399100000002, 330840, 0.3250485062599182, 0.873913049697876
63, 28, 1, 0.18037759999999992, 330840, 0.5608711838722229, 0.8836363554000854
63, 17, 1, 0.17475720000000194, 330840, 0.5206800699234009, 0.8625429272651672
63, 24, 1, 0.191240999999998, 330840, 0.5189642906188965, 0.8593271970748901
63, 2, 1, 0.17818150000000088, 330840, 0.7430657744407654, 0.8161764740943909
64, 17, 1, 0.13135600000000025, 330840, 0.5275782346725464, 0.8522336483001709
64, 24, 1, 0.12260189999999938, 330840, 0.48342275619506836, 0.8807339668273926
64, 8, 1, 0.11346100000000092, 330840, 0.33615192770957947, 0.843478262424469
64, 28, 1, 0.13331440000000327, 330840, 0.5294841527938843, 0.8763636350631714
64, 2, 1, 0.12214620000000309, 330840, 0.6828981041908264, 0.841911792755127
65, 8, 1, 0.12012830000000108, 330840, 0.3593461811542511, 0.843478262424469
65, 12, 1, 0.12714520000000107, 330840, 0.4225214123725891, 0.8352490663528442
65, 24, 1, 0.1490784000000005, 330840, 0.42567989230155945, 0.8776758313179016
65, 2, 1, 0.13595189999999846, 330840, 0.6436651945114136, 0.8933823704719543
65, 17, 1, 0.1401461000000026, 330840, 0.5549567937850952, 0.8144329786300659
65, 6, 1, 0.11571209999999965, 330840, 0.36470115184783936, 0.934959352016449
65, 9, 1, 0.10822699999999941, 330840, 0.22005972266197205, 0.957446813583374
66, 8, 1, 0.11983509999999953, 330840, 0.3277130424976349, 0.852173924446106
66, 24, 1, 0.13312349999999995, 330840, 0.39973434805870056, 0.8776758313179016
66, 17, 1, 0.1391984000000015, 330840, 0.5291002988815308, 0.8419243693351746
66, 12, 1, 0.12218680000000148, 330840, 0.3663489818572998, 0.9003831148147583
66, 6, 1, 0.11592990000000114, 330840, 0.3659543991088867, 0.8780487775802612
66, 9, 1, 0.10402759999999844, 330840, 0.22804522514343262, 0.936170220375061
67, 8, 1, 0.10383160000000302, 330840, 0.3309910297393799, 0.8260869383811951
67, 17, 1, 0.12763299999999944, 330840, 0.6202917695045471, 0.7216494679450989
67, 24, 1, 0.13022410000000306, 330840, 0.4010493755340576, 0.8960244655609131
67, 12, 1, 0.13934369999999774, 330840, 0.39533597230911255, 0.8850574493408203
68, 8, 1, 0.1222828999999983, 330840, 0.3159186840057373, 0.8478260636329651
68, 17, 1, 0.14004940000000232, 330840, 0.4878414273262024, 0.8247422575950623
68, 24, 1, 0.14913979999999682, 330840, 0.36691510677337646, 0.8929663896560669
68, 2, 1, 0.12565139999999886, 330840, 0.6286523342132568, 0.8382353186607361
69, 24, 1, 0.14408129999999986, 330840, 0.35222652554512024, 0.9143730998039246
69, 17, 1, 0.12926210000000182, 330840, 0.5061138272285461, 0.8281787037849426
69, 12, 1, 0.13108630000000332, 330840, 0.3718021810054779, 0.9042145609855652
69, 8, 1, 0.14963459999999884, 330840, 0.3102397620677948, 0.8695651888847351
69, 1, 1, 0.14689879999999889, 330840, 0.792029619216919, 0.7634854912757874
70, 24, 1, 0.1461548999999991, 330840, 0.3439347445964813, 0.8715596199035645
70, 8, 1, 0.13858869999999968, 330840, 0.29898571968078613, 0.8695651888847351
70, 20, 1, 0.15378919999999852, 330840, 0.5299295783042908, 0.7914110422134399
70, 17, 1, 0.15347129999999964, 330840, 0.43175095319747925, 0.9106529355049133
70, 1, 1, 0.1608286999999997, 330840, 0.48878106474876404, 0.8008298873901367
70, 13, 1, 0.1453735000000016, 330840, 0.627547025680542, 0.8333333134651184
70, 15, 1, 0.16353050000000025, 330840, 0.44314852356910706, 0.8219178318977356
70, 16, 1, 0.15997640000000146, 330840, 0.5841542482376099, 0.8469387888908386
71, 17, 1, 0.1501443999999985, 330840, 0.5342620611190796, 0.8419243693351746
71, 13, 1, 0.1285544999999999, 330840, 0.5880727171897888, 0.817829430103302
71, 20, 1, 0.14092720000000014, 330840, 0.47404906153678894, 0.7638036608695984
71, 24, 1, 0.13341400000000192, 330840, 0.31266146898269653, 0.9082568883895874
71, 15, 1, 0.12562889999999882, 330840, 0.4790739417076111, 0.8219178318977356
71, 16, 1, 0.13571860000000058, 330840, 0.4942561089992523, 0.7687074542045593
72, 13, 1, 0.13666170000000122, 330840, 0.6098436713218689, 0.817829430103302
72, 24, 1, 0.13982059999999663, 330840, 0.29899340867996216, 0.9174311757087708
72, 20, 1, 0.16500740000000036, 330840, 0.4580196142196655, 0.7515337467193604
72, 17, 1, 0.13850490000000093, 330840, 0.5427635908126831, 0.8350515365600586
72, 15, 1, 0.14561860000000237, 330840, 0.48225414752960205, 0.7945205569267273
72, 16, 1, 0.1475521999999998, 330840, 0.5136581063270569, 0.819727897644043
73, 24, 1, 0.11751900000000148, 330840, 0.32444649934768677, 0.8929663896560669
73, 13, 1, 0.1159782000000007, 330840, 0.5084410905838013, 0.8527131676673889
73, 17, 1, 0.12428690000000131, 330840, 0.49950066208839417, 0.8797250986099243
73, 15, 1, 0.1228650999999985, 330840, 0.4713405966758728, 0.818493127822876
74, 24, 1, 0.13044400000000067, 330840, 0.2846949100494385, 0.9174311757087708
74, 17, 1, 0.12462070000000125, 330840, 0.5043177008628845, 0.8591065406799316
74, 16, 1, 0.1346525000000014, 330840, 0.4998290538787842, 0.7755101919174194
74, 15, 1, 0.12439149999999799, 330840, 0.5159936547279358, 0.8150684833526611
75, 13, 1, 0.1316835999999988, 330840, 0.4870646595954895, 0.8643410801887512
75, 17, 1, 0.12957200000000313, 330840, 0.4531852900981903, 0.8865979313850403
75, 8, 1, 0.126754499999997, 330840, 0.28801289200782776, 0.8695651888847351
75, 24, 1, 0.13486899999999835, 330840, 0.4000835716724396, 0.8715596199035645
75, 15, 1, 0.11936899999999895, 330840, 0.44012853503227234, 0.8287671208381653
76, 13, 1, 0.12283389999999983, 330840, 0.4737703800201416, 0.8449612259864807
76, 17, 1, 0.14596639999999894, 330840, 0.44249963760375977, 0.876288652420044
76, 15, 1, 0.1091565999999986, 330840, 0.45734238624572754, 0.7876712083816528
77, 17, 1, 0.1272331000000051, 330840, 0.5113068222999573, 0.838487982749939
77, 8, 1, 0.11087290000000394, 330840, 0.31104370951652527, 0.886956512928009
77, 15, 1, 0.10485820000000245, 330840, 0.450897216796875, 0.7876712083816528
78, 17, 1, 0.14257910000000606, 330840, 0.4562053382396698, 0.8419243693351746
78, 1, 1, 0.13277949999999805, 330840, 0.46762749552726746, 0.817427396774292
78, 24, 1, 0.12869090000000227, 330840, 0.35835468769073486, 0.9113149642944336
78, 8, 1, 0.13952119999999724, 330840, 0.2867791950702667, 0.8695651888847351
78, 13, 1, 0.12882439999999917, 330840, 0.45932912826538086, 0.8449612259864807
78, 15, 1, 0.12906509999999827, 330840, 0.4216998219490051, 0.8424657583236694
79, 8, 1, 0.12415320000000207, 330840, 0.3416587710380554, 0.8782608509063721
79, 17, 1, 0.1521909000000008, 330840, 0.4560689628124237, 0.8831614851951599
79, 13, 1, 0.15112399999999937, 330840, 0.42467445135116577, 0.8682170510292053
79, 24, 1, 0.156910400000001, 330840, 0.4303978979587555, 0.8807339668273926
79, 15, 1, 0.14561150000000112, 330840, 0.4853273034095764, 0.7979452013969421
80, 17, 1, 0.1291408999999959, 330840, 0.47886207699775696, 0.8144329786300659
80, 8, 1, 0.11590739999999755, 330840, 0.27294763922691345, 0.8782608509063721
80, 1, 1, 0.15020539999999727, 330840, 0.44228968024253845, 0.8215767741203308
80, 15, 1, 0.10790060000000068, 330840, 0.45799267292022705, 0.7602739930152893
81, 7, 1, 0.11546680000000009, 330840, 0.6947986483573914, 0.8080357313156128
81, 8, 1, 0.1379272999999941, 330840, 0.3332962691783905, 0.926086962223053
81, 13, 1, 0.1290458000000001, 330840, 0.3929959535598755, 0.8488371968269348
81, 24, 1, 0.14401170000000008, 330840, 0.3820728063583374, 0.8868501782417297
81, 17, 1, 0.1492477999999977, 330840, 0.4948304295539856, 0.800687313079834
81, 15, 1, 0.1341843999999952, 330840, 0.42820030450820923, 0.8047945499420166
82, 17, 1, 0.13144440000000657, 330840, 0.5569537281990051, 0.7835051417350769
82, 24, 1, 0.13604039999999884, 330840, 0.3722001910209656, 0.8990825414657593
82, 15, 1, 0.12429750000000439, 330840, 0.4300113320350647, 0.7945205569267273
83, 24, 1, 0.14846080000000228, 330840, 0.3480226397514343, 0.9082568883895874
83, 7, 1, 0.11008260000000192, 330840, 0.6613486409187317, 0.8392857313156128
83, 8, 1, 0.1281452999999999, 330840, 0.32117244601249695, 0.8999999761581421
83, 17, 1, 0.14171900000000193, 330840, 0.4516128599643707, 0.831615149974823
83, 15, 1, 0.12138070000000312, 330840, 0.4521852731704712, 0.8287671208381653
84, 8, 1, 0.12465029999999899, 330840, 0.32522767782211304, 0.8913043737411499
84, 17, 1, 0.10831040000000058, 330840, 0.41436904668807983, 0.8969072103500366
84, 24, 1, 0.1297446000000022, 330840, 0.327652245759964, 0.9204893112182617
84, 15, 1, 0.1372020999999961, 330840, 0.42355090379714966, 0.8082191944122314
85, 8, 1, 0.13097179999999753, 330840, 0.312032550573349, 0.8913043737411499
85, 25, 1, 0.15007349999999775, 330840, 0.5411452054977417, 0.9009584784507751
85, 23, 1, 0.14997170000000182, 330840, 0.5852726101875305, 0.8322368264198303
85, 0, 1, 0.15877570000000318, 330840, 0.5228842496871948, 0.9061371684074402
85, 19, 1, 0.1374329000000003, 330840, 0.4801853597164154, 0.8233215808868408
85, 24, 1, 0.15105090000000132, 330840, 0.356670618057251, 0.9113149642944336
85, 15, 1, 0.14161059999999992, 330840, 0.40677353739738464, 0.835616409778595
85, 9, 1, 0.11402379999999823, 330840, 0.1987440139055252, 0.9744681119918823
86, 19, 1, 0.150078900000004, 330840, 0.424798846244812, 0.8763250708580017
86, 24, 1, 0.14635439999999988, 330840, 0.35284385085105896, 0.9051987528800964
86, 8, 1, 0.13476010000000116, 330840, 0.3207922875881195, 0.8478260636329651
86, 15, 1, 0.12237760000000009, 330840, 0.5256180763244629, 0.7739726305007935
87, 8, 1, 0.1253875000000022, 330840, 0.302644819021225, 0.8695651888847351
87, 19, 1, 0.1262728000000024, 330840, 0.4259416460990906, 0.851590096950531
87, 23, 1, 0.16572900000000246, 330840, 0.44317692518234253, 0.8223684430122375
87, 15, 1, 0.1294524999999993, 330840, 0.4301067888736725, 0.8287671208381653
88, 24, 1, 0.12814620000000332, 330840, 0.37848836183547974, 0.8593271970748901
88, 8, 1, 0.12229680000000087, 330840, 0.29856738448143005, 0.865217387676239
88, 15, 1, 0.11902710000000383, 330840, 0.4638882577419281, 0.7979452013969421
89, 19, 1, 0.12650430000000057, 330840, 0.40376684069633484, 0.8833922147750854
89, 8, 1, 0.12319480000000027, 330840, 0.2727572023868561, 0.917391300201416
89, 24, 1, 0.15322900000000317, 330840, 0.4284762144088745, 0.8379204869270325
89, 20, 1, 0.15199940000000112, 330840, 0.4535469114780426, 0.803680956363678
89, 15, 1, 0.13065890000000024, 330840, 0.44944533705711365, 0.7910959124565125
89, 9, 1, 0.12113659999999982, 330840, 0.1910679042339325, 0.9659574627876282
90, 8, 1, 0.11380619999999908, 330840, 0.3031131327152252, 0.8999999761581421
90, 24, 1, 0.12948649999999873, 330840, 0.36439427733421326, 0.8960244655609131
90, 15, 1, 0.12660759999999982, 330840, 0.4965877830982208, 0.801369845867157
90, 9, 1, 0.10492739999999756, 330840, 0.18686534464359283, 0.9659574627876282
91, 20, 1, 0.1498695000000012, 330840, 0.4325060248374939, 0.8312883377075195
91, 8, 1, 0.13091840000000587, 330840, 0.2878950834274292, 0.865217387676239
91, 24, 1, 0.13318650000000076, 330840, 0.3304649293422699, 0.8746177554130554
91, 19, 1, 0.1411860000000047, 330840, 0.4516138732433319, 0.8480565547943115
91, 15, 1, 0.15440710000000024, 330840, 0.3917253911495209, 0.8424657583236694
91, 9, 1, 0.1206132999999987, 330840, 0.3320077955722809, 0.9106382727622986
92, 24, 1, 0.1365482, 330840, 0.310403972864151, 0.8990825414657593
92, 8, 1, 0.1307627999999994, 330840, 0.336039274930954, 0.8782608509063721
92, 20, 1, 0.14118789999999848, 330840, 0.3833996057510376, 0.8220859169960022
92, 19, 1, 0.11880169999999879, 330840, 0.4132959842681885, 0.8763250708580017
92, 15, 1, 0.13189260000000047, 330840, 0.4267185926437378, 0.8116438388824463
92, 9, 1, 0.10310939999999746, 330840, 0.2704712152481079, 0.9234042763710022
93, 19, 1, 0.12348949999999803, 330840, 0.4133385717868805, 0.8445229530334473
93, 24, 1, 0.13664200000000193, 330840, 0.3380875289440155, 0.8807339668273926
93, 8, 1, 0.11305159999999859, 330840, 0.31776154041290283, 0.8608695864677429
93, 9, 1, 0.10122760000000142, 330840, 0.24374207854270935, 0.9531915187835693
94, 8, 1, 0.11930080000000487, 330840, 0.2992984354496002, 0.8913043737411499
94, 19, 1, 0.15486239999999896, 330840, 0.3799753189086914, 0.8657243847846985
94, 24, 1, 0.14360570000000195, 330840, 0.27419590950012207, 0.9051987528800964
94, 9, 1, 0.10011940000000052, 330840, 0.22984765470027924, 0.9446808695793152
95, 19, 1, 0.13395189999999957, 330840, 0.3747274577617645, 0.8657243847846985
95, 20, 1, 0.14693530000000266, 330840, 0.3958682715892792, 0.8404908180236816
95, 24, 1, 0.14857210000000265, 330840, 0.27034157514572144, 0.8960244655609131
95, 8, 1, 0.13403910000000252, 330840, 0.2869299650192261, 0.908695638179779
95, 15, 1, 0.13807770000000374, 330840, 0.40228137373924255, 0.8116438388824463
95, 9, 1, 0.10529520000000048, 330840, 0.21409954130649567, 0.9617021083831787
96, 19, 1, 0.11549289999999957, 330840, 0.3832111358642578, 0.8551236987113953
96, 8, 1, 0.10466610000000287, 330840, 0.2827596366405487, 0.917391300201416
96, 20, 1, 0.11952699999999794, 330840, 0.37148675322532654, 0.8312883377075195
96, 15, 1, 0.12014300000000588, 330840, 0.38306331634521484, 0.818493127822876
96, 9, 1, 0.10123869999999968, 330840, 0.20771585404872894, 0.957446813583374
97, 0, 1, 0.15166389999999907, 330840, 0.5024818181991577, 0.8700361251831055
97, 8, 1, 0.13148400000000038, 330840, 0.31207388639450073, 0.873913049697876
97, 19, 1, 0.1282422999999966, 330840, 0.34839335083961487, 0.8833922147750854
97, 24, 1, 0.1399967999999987, 330840, 0.2520090639591217, 0.9204893112182617
97, 15, 1, 0.1432483999999974, 330840, 0.4147825241088867, 0.8082191944122314
97, 9, 1, 0.11198560000000057, 330840, 0.2050778716802597, 0.9489361643791199
98, 19, 1, 0.14063850000000144, 330840, 0.4222995638847351, 0.8374558091163635
98, 8, 1, 0.12659779999999898, 330840, 0.32714205980300903, 0.865217387676239
98, 24, 1, 0.17093030000000198, 330840, 0.25044891238212585, 0.9204893112182617
98, 15, 1, 0.11673909999999665, 330840, 0.38402602076530457, 0.818493127822876
98, 9, 1, 0.12484939999999867, 330840, 0.30570605397224426, 0.9319148659706116
99, 8, 1, 0.1335160000000002, 330840, 0.2966122031211853, 0.908695638179779
99, 24, 1, 0.1375945999999999, 330840, 0.24770434200763702, 0.9266055226325989
99, 19, 1, 0.1328249000000028, 330840, 0.3889462649822235, 0.8480565547943115
99, 15, 1, 0.13336830000000077, 330840, 0.38499248027801514, 0.8287671208381653
99, 9, 1, 0.11463609999999846, 330840, 0.2546376883983612, 0.9617021083831787
100, 24, 1, 0.1419810999999953, 330840, 0.23621472716331482, 0.9296635985374451
100, 8, 1, 0.1229342000000031, 330840, 0.3105374872684479, 0.8826087117195129
100, 19, 1, 0.12625799999999998, 330840, 0.3897186517715454, 0.8374558091163635
100, 15, 1, 0.12286290000000122, 330840, 0.44082891941070557, 0.7773972749710083
100, 9, 1, 0.11385639999999952, 330840, 0.26744580268859863, 0.9191489219665527