1, 16, 1, 5.1961905, 47192, 1.7069694995880127, 0.28912246227264404
1, 23, 1, 4.9657173, 47192, 1.616569995880127, 0.32766395807266235
1, 14, 1, 5.596720800000001, 47192, 1.686118483543396, 0.2709130644798279
1, 5, 1, 5.302099200000001, 47192, 1.697540283203125, 0.26967859268188477
1, 2, 1, 5.784024400000001, 47192, 1.7128363847732544, 0.24877102673053741
1, 6, 1, 5.663163, 47192, 1.7016291618347168, 0.26662588119506836
1, 7, 1, 5.5543167, 47192, 1.7227356433868408, 0.24229636788368225
1, 0, 1, 5.9479796, 47192, 1.6714791059494019, 0.33055830001831055
1, 17, 1, 5.771415299999999, 47192, 1.7317931652069092, 0.26390159130096436
1, 9, 1, 5.8836038, 47192, 1.7185909748077393, 0.26408979296684265
1, 8, 1, 5.876117399999999, 47192, 1.692401647567749, 0.28406405448913574
1, 18, 1, 7.086166899999999, 47192, 1.6801848411560059, 0.28485554456710815
1, 21, 1, 5.1757389, 47192, 1.708216667175293, 0.2591361403465271
1, 13, 1, 5.557696099999999, 47192, 1.6668941974639893, 0.2796034514904022
1, 19, 1, 5.4372381, 47192, 1.7232856750488281, 0.2693440914154053
1, 22, 1, 5.2254542, 47192, 1.7428144216537476, 0.2772660553455353
1, 4, 1, 5.5731677, 47192, 1.6949108839035034, 0.2691866159439087
1, 12, 1, 5.4575179, 47192, 1.619442105293274, 0.308893620967865
1, 3, 1, 5.8836091, 47192, 1.7134976387023926, 0.27784714102745056
1, 10, 1, 6.3491841, 47192, 1.6844850778579712, 0.26924294233322144
1, 11, 1, 5.8537941, 47192, 1.7127642631530762, 0.2670404016971588
1, 1, 1, 6.555620899999999, 47192, 1.696152687072754, 0.31549397110939026
1, 15, 1, 6.7898276, 47192, 1.7261672019958496, 0.24514168500900269
1, 20, 1, 7.017513300000001, 47192, 1.736386775970459, 0.2442832589149475
2, 4, 1, 4.2382563, 47192, 1.6851599216461182, 0.2660306990146637
2, 3, 1, 4.7623538, 47192, 1.7022457122802734, 0.27989834547042847
2, 13, 1, 4.591999899999999, 47192, 1.6509462594985962, 0.279249370098114
2, 5, 1, 4.868604100000001, 47192, 1.6881166696548462, 0.2745192050933838
2, 16, 1, 4.841400999999999, 47192, 1.6863386631011963, 0.3369944393634796
2, 10, 1, 4.873044400000001, 47192, 1.6676603555679321, 0.28400057554244995
2, 20, 1, 5.7940615000000015, 47192, 1.7275478839874268, 0.24479100108146667
2, 7, 1, 5.253455799999999, 47192, 1.7162507772445679, 0.2540911138057709
2, 18, 1, 5.968373100000001, 47192, 1.6715407371520996, 0.28485554456710815
2, 22, 1, 4.469305599999998, 47192, 1.7363567352294922, 0.2789386808872223
2, 11, 1, 4.617886399999998, 47192, 1.702543020248413, 0.26797860860824585
2, 17, 1, 5.4403021, 47192, 1.726704716682434, 0.26551365852355957
2, 14, 1, 4.6120625, 47192, 1.6710481643676758, 0.28617992997169495
2, 2, 1, 5.391310099999998, 47192, 1.7054194211959839, 0.24297590553760529
2, 21, 1, 4.645545299999998, 47192, 1.699912428855896, 0.25730666518211365
2, 9, 1, 4.6081596000000005, 47192, 1.7073090076446533, 0.27949661016464233
2, 19, 1, 5.058578200000001, 47192, 1.7151578664779663, 0.27136123180389404
2, 6, 1, 5.057985500000001, 47192, 1.6918330192565918, 0.2671970725059509
2, 8, 1, 4.754765500000001, 47192, 1.6748790740966797, 0.2856830358505249
3, 13, 1, 4.1014216999999995, 47192, 1.6312081813812256, 0.31403660774230957
3, 4, 1, 4.147190600000002, 47192, 1.6795741319656372, 0.27031034231185913
3, 11, 1, 4.4266532000000005, 47192, 1.6955153942108154, 0.26797860860824585
3, 19, 1, 4.748273899999997, 47192, 1.7096806764602661, 0.27136123180389404
3, 1, 1, 5.0851446, 47192, 1.6876697540283203, 0.3172384798526764
3, 7, 1, 4.852721299999999, 47192, 1.7117221355438232, 0.27483996748924255
3, 3, 1, 4.765700299999999, 47192, 1.6920099258422852, 0.27989834547042847
3, 5, 1, 4.907934899999997, 47192, 1.6778136491775513, 0.27901095151901245
3, 17, 1, 5.0122328, 47192, 1.725477695465088, 0.26551365852355957
3, 18, 1, 5.7866699, 47192, 1.6661674976348877, 0.28485554456710815
3, 15, 1, 5.657766600000002, 47192, 1.718132734298706, 0.27539029717445374
3, 22, 1, 4.702420500000002, 47192, 1.7336944341659546, 0.2789386808872223
3, 8, 1, 4.866732299999999, 47192, 1.6337333917617798, 0.33689945936203003
3, 20, 1, 5.73864, 47192, 1.7081609964370728, 0.27625352144241333
3, 6, 1, 5.191218799999998, 47192, 1.6835994720458984, 0.27133822441101074
3, 14, 1, 4.718396600000002, 47192, 1.666229009628296, 0.30668291449546814
3, 9, 1, 5.331837499999999, 47192, 1.6929796934127808, 0.2961995005607605
3, 2, 1, 4.949221300000001, 47192, 1.7015552520751953, 0.2716518044471741
4, 11, 1, 4.396786500000001, 47192, 1.6790120601654053, 0.26797860860824585
4, 12, 1, 4.164749100000002, 47192, 1.6000498533248901, 0.308893620967865
4, 13, 1, 4.586282700000002, 47192, 1.548651099205017, 0.4072008728981018
4, 5, 1, 4.5945857, 47192, 1.6457462310791016, 0.348545640707016
4, 19, 1, 4.6096182999999975, 47192, 1.6983948945999146, 0.27136123180389404
4, 7, 1, 5.109173900000002, 47192, 1.7008957862854004, 0.3204750716686249
4, 0, 1, 5.237819699999999, 47192, 1.652458667755127, 0.33148106932640076
4, 18, 1, 5.595170200000005, 47192, 1.6502785682678223, 0.32226064801216125
4, 1, 1, 5.3909199, 47192, 1.682004690170288, 0.3172384798526764
4, 9, 1, 5.206995199999998, 47192, 1.6347899436950684, 0.3781461715698242
4, 22, 1, 4.5704958, 47192, 1.7297415733337402, 0.2789386808872223
4, 17, 1, 4.816861099999997, 47192, 1.723477840423584, 0.26551365852355957
4, 3, 1, 4.759767200000002, 47192, 1.6633002758026123, 0.3217470645904541
4, 6, 1, 4.514016399999999, 47192, 1.6599092483520508, 0.31036311388015747
4, 2, 1, 4.626779499999998, 47192, 1.693115234375, 0.33543822169303894
5, 6, 1, 5.345478199999995, 47192, 1.6544688940048218, 0.3284781575202942
5, 7, 1, 5.380243800000002, 47192, 1.663739800453186, 0.3820629417896271
5, 2, 1, 5.455329499999998, 47192, 1.6712919473648071, 0.3804004490375519
5, 0, 1, 5.4904449, 47192, 1.587624192237854, 0.342654824256897
5, 17, 1, 5.540385400000005, 47192, 1.7199206352233887, 0.26551365852355957
5, 15, 1, 5.727347299999998, 47192, 1.7089345455169678, 0.3392123579978943
5, 20, 1, 6.080427399999998, 47192, 1.6595152616500854, 0.39303654432296753
5, 12, 1, 4.4940605, 47192, 1.5863317251205444, 0.32047805190086365
5, 11, 1, 4.705177599999999, 47192, 1.6542145013809204, 0.32739129662513733
5, 22, 1, 4.603240900000003, 47192, 1.7083046436309814, 0.2791678011417389
6, 12, 1, 4.366226399999999, 47192, 1.5388374328613281, 0.48957645893096924
6, 19, 1, 4.683730600000004, 47192, 1.605200171470642, 0.4098862111568451
6, 21, 1, 4.737644400000001, 47192, 1.6895298957824707, 0.27517735958099365
6, 14, 1, 5.047269, 47192, 1.489151120185852, 0.45062455534935
6, 1, 1, 5.4599052000000015, 47192, 1.550089716911316, 0.4568185806274414
6, 15, 1, 5.5949977, 47192, 1.6745336055755615, 0.34003400802612305
6, 6, 1, 5.331135599999996, 47192, 1.5360615253448486, 0.3992860019207001
6, 17, 1, 5.614225400000002, 47192, 1.6708735227584839, 0.3648051619529724
6, 20, 1, 5.951826599999997, 47192, 1.5330692529678345, 0.422830730676651
6, 5, 1, 4.928409699999996, 47192, 1.518675446510315, 0.4771052300930023
6, 22, 1, 4.596949100000003, 47192, 1.6493470668792725, 0.35778114199638367
7, 13, 1, 4.277706400000007, 47192, 1.3051886558532715, 0.49602779746055603
7, 11, 1, 4.461871100000003, 47192, 1.5115731954574585, 0.4453253149986267
7, 5, 1, 4.533514199999999, 47192, 1.2740130424499512, 0.5253804922103882
7, 7, 1, 4.911493, 47192, 1.505292534828186, 0.45293426513671875
7, 21, 1, 4.437445199999999, 47192, 1.3695584535598755, 0.5035250782966614
7, 19, 1, 4.825192899999998, 47192, 1.4015471935272217, 0.45505642890930176
7, 4, 1, 4.217230399999998, 47192, 1.6672216653823853, 0.28489455580711365
7, 2, 1, 5.2814768, 47192, 1.5460463762283325, 0.4414291977882385
7, 17, 1, 5.3624922999999995, 47192, 1.5681389570236206, 0.4065000116825104
7, 20, 1, 5.773208699999998, 47192, 1.2791050672531128, 0.46004170179367065
7, 15, 1, 5.480986699999995, 47192, 1.5497204065322876, 0.35841628909111023
7, 18, 1, 6.150963999999995, 47192, 1.566704511642456, 0.478934645652771
7, 22, 1, 4.6687339999999935, 47192, 1.4841381311416626, 0.4422830045223236
8, 4, 1, 4.434781199999996, 47192, 1.629306674003601, 0.37326064705848694
8, 11, 1, 4.633747, 47192, 1.3070359230041504, 0.48149365186691284
8, 19, 1, 4.789812400000002, 47192, 1.2813862562179565, 0.5121707916259766
8, 17, 1, 5.371445099999995, 47192, 1.4734773635864258, 0.4128487706184387
8, 2, 1, 5.351887699999999, 47192, 1.3053070306777954, 0.48387354612350464
8, 15, 1, 5.667850899999998, 47192, 1.4399170875549316, 0.4105440080165863
8, 20, 1, 5.944439299999999, 47192, 1.1964144706726074, 0.5109075903892517
8, 7, 1, 5.1752994, 47192, 1.3429605960845947, 0.4779646396636963
8, 16, 1, 4.673857700000003, 47192, 1.2112270593643188, 0.4980981647968292
8, 13, 1, 4.8889990999999995, 47192, 1.1653105020523071, 0.5621722340583801
8, 22, 1, 4.599634199999997, 47192, 1.355911374092102, 0.4404958188533783
9, 16, 1, 4.818138100000006, 47192, 1.1194754838943481, 0.5437420010566711
9, 11, 1, 4.697076500000001, 47192, 1.2186717987060547, 0.5622038841247559
9, 21, 1, 4.923128299999995, 47192, 1.2384876012802124, 0.5456026196479797
9, 10, 1, 5.2013007999999985, 47192, 1.6315913200378418, 0.36841440200805664
9, 0, 1, 5.441453299999999, 47192, 1.1771245002746582, 0.5665509700775146
9, 17, 1, 5.5384411, 47192, 1.4859538078308105, 0.4066791534423828
9, 2, 1, 5.458807399999998, 47192, 1.2804471254348755, 0.4941848814487457
9, 1, 1, 5.540210299999998, 47192, 1.3192667961120605, 0.5067073106765747
9, 3, 1, 4.784769099999998, 47192, 1.5600887537002563, 0.4605814814567566
9, 4, 1, 4.460281899999998, 47192, 1.4883034229278564, 0.4661693572998047
9, 22, 1, 4.636470700000004, 47192, 1.3634124994277954, 0.44237467646598816
10, 4, 1, 4.560630799999998, 47192, 1.30405855178833, 0.5216372609138489
10, 7, 1, 5.3474450999999945, 47192, 1.271655559539795, 0.5058767795562744
10, 10, 1, 5.222752, 47192, 1.4189079999923706, 0.49436047673225403
10, 2, 1, 5.404598299999989, 47192, 1.2653621435165405, 0.49828144907951355
10, 1, 1, 5.562515499999996, 47192, 1.2286298274993896, 0.5103567242622375
10, 17, 1, 5.596473799999998, 47192, 1.405608057975769, 0.4326513409614563
10, 18, 1, 6.288383300000007, 47192, 1.3333461284637451, 0.5054466128349304
10, 14, 1, 5.164788899999998, 47192, 1.240256905555725, 0.5326576232910156
10, 3, 1, 4.8717337, 47192, 1.32204270362854, 0.47841790318489075
10, 22, 1, 4.644829699999995, 47192, 1.2918514013290405, 0.44995877146720886
11, 4, 1, 4.663465500000001, 47192, 1.2196959257125854, 0.5596519112586975
11, 3, 1, 5.045435699999999, 47192, 1.3395981788635254, 0.4718630015850067
11, 14, 1, 5.325321699999996, 47192, 1.1489691734313965, 0.5726752877235413
11, 10, 1, 5.343806200000003, 47192, 1.1843764781951904, 0.5346277952194214
11, 1, 1, 5.602692100000006, 47192, 1.1711241006851196, 0.5219265818595886
11, 2, 1, 5.608883700000007, 47192, 1.1678556203842163, 0.5374085903167725
11, 17, 1, 5.581798000000006, 47192, 1.3370877504348755, 0.4555586576461792
11, 18, 1, 6.371852799999999, 47192, 1.2189347743988037, 0.5077919960021973
11, 22, 1, 4.806130199999998, 47192, 1.2563594579696655, 0.47848501801490784
11, 8, 1, 4.9137679999999975, 47192, 1.1507400274276733, 0.5343703627586365
12, 3, 1, 4.646980900000003, 47192, 1.227945327758789, 0.5012708306312561
12, 5, 1, 4.869824100000002, 47192, 1.188579797744751, 0.5323361158370972
12, 6, 1, 5.212064099999999, 47192, 1.3681453466415405, 0.4880253076553345
12, 1, 1, 5.371000500000008, 47192, 1.1099737882614136, 0.5793346762657166
12, 17, 1, 5.41486789999999, 47192, 1.4721606969833374, 0.41302791237831116
12, 19, 1, 4.664694900000001, 47192, 1.2203233242034912, 0.5395041108131409
12, 4, 1, 4.461616899999996, 47192, 1.1643245220184326, 0.5717257261276245
12, 15, 1, 5.72914449999999, 47192, 1.3645625114440918, 0.4879712462425232
12, 18, 1, 6.028837500000009, 47192, 1.1625982522964478, 0.5304296612739563
12, 20, 1, 6.016124399999995, 47192, 1.1351100206375122, 0.5669416785240173
12, 22, 1, 4.725804299999993, 47192, 1.2132258415222168, 0.5217899084091187
12, 8, 1, 4.951226599999998, 47192, 1.067441463470459, 0.5830051898956299
13, 3, 1, 5.299259899999996, 47192, 1.1483206748962402, 0.5814456343650818
13, 5, 1, 5.4326996000000065, 47192, 1.1388190984725952, 0.557106077671051
13, 17, 1, 5.954608999999991, 47192, 1.3643255233764648, 0.446224570274353
13, 15, 1, 6.162181699999991, 47192, 1.2902151346206665, 0.5343855619430542
13, 18, 1, 6.769975299999999, 47192, 1.4226529598236084, 0.4884379506111145
13, 6, 1, 5.8100794000000064, 47192, 1.2840933799743652, 0.5073643326759338
13, 8, 1, 4.870114100000002, 47192, 1.0898277759552002, 0.5932878255844116
14, 12, 1, 4.262970600000003, 47192, 1.3310891389846802, 0.5725004076957703
14, 19, 1, 4.699490999999995, 47192, 1.148287296295166, 0.5703957080841064
14, 13, 1, 4.807972999999997, 47192, 1.091827154159546, 0.6228507161140442
14, 7, 1, 5.112386000000001, 47192, 1.2052990198135376, 0.5312982201576233
14, 0, 1, 5.151154300000002, 47192, 1.0825468301773071, 0.5963208675384521
14, 23, 1, 4.225743999999999, 47192, 1.590912938117981, 0.39574551582336426
14, 2, 1, 5.327006399999988, 47192, 1.1454652547836304, 0.5545341968536377
14, 17, 1, 5.328615799999994, 47192, 1.4374468326568604, 0.41989412903785706
14, 15, 1, 5.4185047, 47192, 1.2444710731506348, 0.5428696870803833
14, 20, 1, 5.878956900000006, 47192, 1.0903797149658203, 0.5868165493011475
14, 18, 1, 6.031046200000006, 47192, 1.1951593160629272, 0.5705971121788025
14, 22, 1, 4.699182399999998, 47192, 1.150858998298645, 0.5549445748329163
15, 19, 1, 4.959721500000001, 47192, 1.1017835140228271, 0.5846289992332458
15, 7, 1, 5.416039799999993, 47192, 1.1624302864074707, 0.550153374671936
15, 17, 1, 5.627265600000001, 47192, 1.346087098121643, 0.44841378927230835
15, 2, 1, 5.676978299999988, 47192, 1.0813045501708984, 0.6035929918289185
15, 15, 1, 5.798953099999991, 47192, 1.1939749717712402, 0.5582137703895569
15, 23, 1, 4.518752499999998, 47192, 1.5504493713378906, 0.5378149151802063
15, 6, 1, 5.300288199999997, 47192, 1.286479115486145, 0.5316605567932129
15, 5, 1, 5.086761499999994, 47192, 1.0872586965560913, 0.5909685492515564
15, 9, 1, 5.259870499999998, 47192, 1.4157578945159912, 0.5413287281990051
16, 5, 1, 5.343609200000003, 47192, 1.0331335067749023, 0.6294753551483154
16, 17, 1, 5.897298599999999, 47192, 1.400088906288147, 0.4359152913093567
16, 15, 1, 6.103358, 47192, 1.146378517150879, 0.578583300113678
16, 18, 1, 6.764430699999991, 47192, 1.0844582319259644, 0.6008269786834717
16, 4, 1, 4.838031299999997, 47192, 1.127212643623352, 0.5799502730369568
16, 23, 1, 4.7445825, 47192, 1.339780330657959, 0.5718557238578796
16, 9, 1, 5.4971101999999945, 47192, 1.2620153427124023, 0.5465967059135437
16, 8, 1, 4.947358699999995, 47192, 1.0199147462844849, 0.6379408240318298
17, 4, 1, 5.185404800000001, 47192, 1.2392204999923706, 0.5536747574806213
17, 5, 1, 5.550665900000013, 47192, 0.9573753476142883, 0.6694213151931763
17, 14, 1, 5.821161000000004, 47192, 1.0877749919891357, 0.6147958040237427
17, 7, 1, 5.941338700000003, 47192, 1.1307998895645142, 0.5624832510948181
17, 17, 1, 6.039081700000025, 47192, 1.4668407440185547, 0.4187000095844269
17, 6, 1, 5.799000700000008, 47192, 1.1617330312728882, 0.5568747520446777
17, 8, 1, 4.951035299999987, 47192, 1.083720088005066, 0.6168504357337952
18, 10, 1, 5.770403000000002, 47192, 1.1229147911071777, 0.5781207084655762
18, 17, 1, 6.040981700000003, 47192, 1.3853081464767456, 0.45782747864723206
18, 6, 1, 5.840423299999998, 47192, 1.073567509651184, 0.5890452861785889
18, 23, 1, 4.742713899999998, 47192, 1.075278639793396, 0.5962895750999451
18, 4, 1, 4.953586399999992, 47192, 1.3503153324127197, 0.5222588777542114
18, 12, 1, 4.708152800000001, 47192, 1.1218931674957275, 0.6227484941482544
18, 7, 1, 5.822915199999997, 47192, 1.0966368913650513, 0.5816059708595276
18, 9, 1, 5.543769699999999, 47192, 1.1726475954055786, 0.5755497813224792
19, 4, 1, 4.888538400000002, 47192, 1.0742998123168945, 0.6064648628234863
19, 14, 1, 5.445508699999991, 47192, 1.021367073059082, 0.6411027312278748
19, 6, 1, 5.5287792999999965, 47192, 1.2311924695968628, 0.5415748953819275
19, 2, 1, 5.688531100000006, 47192, 0.999868631362915, 0.6476559638977051
19, 17, 1, 5.923323600000003, 47192, 1.2800623178482056, 0.5101301670074463
19, 20, 1, 6.279196800000008, 47192, 1.0310839414596558, 0.6078157424926758
19, 7, 1, 5.5785786, 47192, 1.0522799491882324, 0.6063275933265686
19, 9, 1, 5.333085199999999, 47192, 1.0767433643341064, 0.6078267693519592
19, 22, 1, 4.685800900000004, 47192, 1.0930010080337524, 0.5787966251373291
20, 4, 1, 5.114501199999992, 47192, 1.0255324840545654, 0.625878632068634
20, 10, 1, 5.7109523999999965, 47192, 1.077459454536438, 0.6074463129043579
20, 7, 1, 5.829659700000008, 47192, 1.084073543548584, 0.6145612597465515
20, 17, 1, 6.055238000000003, 47192, 1.3156628608703613, 0.5027663707733154
20, 6, 1, 5.674339099999997, 47192, 1.0815612077713013, 0.5904120802879333
20, 22, 1, 4.748153000000002, 47192, 1.0142240524291992, 0.6122491359710693
21, 4, 1, 5.7845834999999965, 47192, 0.9685143828392029, 0.6541146636009216
21, 17, 1, 6.681512499999997, 47192, 1.1543794870376587, 0.5792301893234253
21, 6, 1, 6.192718800000009, 47192, 0.972235918045044, 0.6323337554931641
21, 9, 1, 5.822413499999996, 47192, 0.9992899894714355, 0.630173921585083
21, 22, 1, 5.097438000000011, 47192, 0.9358155727386475, 0.6421730518341064
22, 4, 1, 4.972918699999994, 47192, 1.2615031003952026, 0.5531248450279236
22, 15, 1, 6.143498899999997, 47192, 1.0976855754852295, 0.5977107882499695
22, 20, 1, 6.562668400000007, 47192, 0.9543713331222534, 0.6366488337516785
22, 18, 1, 6.750600699999978, 47192, 0.977684736251831, 0.6489688754081726
22, 6, 1, 5.736346400000002, 47192, 0.8884981870651245, 0.6631374955177307
22, 19, 1, 5.2343999, 47192, 1.0579997301101685, 0.6018086075782776
23, 4, 1, 4.721136799999982, 47192, 1.0256491899490356, 0.6342705488204956
23, 11, 1, 4.935375199999996, 47192, 1.1480491161346436, 0.6000375151634216
23, 13, 1, 5.1078543, 47192, 1.0076525211334229, 0.6547168493270874
23, 14, 1, 5.3265321000000085, 47192, 0.9281344413757324, 0.701055645942688
23, 10, 1, 5.368373100000014, 47192, 1.024318814277649, 0.6310163736343384
23, 0, 1, 5.531396200000003, 47192, 1.029354453086853, 0.6274950504302979
23, 1, 1, 5.7104592000000025, 47192, 1.0425935983657837, 0.6233282089233398
23, 20, 1, 6.154780200000005, 47192, 0.8662741184234619, 0.6623265743255615
23, 9, 1, 5.3191096999999985, 47192, 0.921585738658905, 0.6508069038391113
24, 11, 1, 5.243391599999995, 47192, 1.0896340608596802, 0.615260124206543
24, 13, 1, 5.5056692, 47192, 0.9376273155212402, 0.6807851195335388
24, 10, 1, 5.650397499999997, 47192, 0.9716235399246216, 0.6475871205329895
24, 1, 1, 5.937899200000004, 47192, 0.9722740054130554, 0.6463475823402405
24, 20, 1, 6.519035900000006, 47192, 0.7999662756919861, 0.6829087138175964
25, 12, 1, 4.2850838000000095, 47192, 1.012275218963623, 0.6608255505561829
25, 11, 1, 4.664869800000005, 47192, 1.0204919576644897, 0.6325936913490295
25, 3, 1, 4.868930800000001, 47192, 1.079378604888916, 0.6461696028709412
25, 10, 1, 5.129302799999991, 47192, 0.9357132911682129, 0.6612063050270081
25, 17, 1, 5.417281700000018, 47192, 1.0579873323440552, 0.6148151159286499
25, 0, 1, 5.378620900000001, 47192, 0.9436984062194824, 0.6626812815666199
25, 15, 1, 5.616064300000005, 47192, 1.0530993938446045, 0.6183287501335144
25, 23, 1, 4.413145099999994, 47192, 0.9703046083450317, 0.6538084745407104
25, 19, 1, 4.621288300000003, 47192, 1.0009135007858276, 0.6228185296058655
25, 18, 1, 6.273006599999974, 47192, 0.8892512917518616, 0.686825692653656
25, 9, 1, 5.137517299999999, 47192, 0.876105010509491, 0.6647294759750366
26, 19, 1, 5.157404800000009, 47192, 1.1080360412597656, 0.5992022156715393
26, 17, 1, 5.95825769999999, 47192, 0.9769282937049866, 0.639314591884613
26, 15, 1, 6.182367900000003, 47192, 1.0020549297332764, 0.6405136585235596
26, 11, 1, 5.0288173, 47192, 1.0482141971588135, 0.6278557181358337
26, 9, 1, 5.299369499999997, 47192, 1.1173646450042725, 0.5876954793930054
27, 7, 1, 5.268903499999993, 47192, 0.9740584492683411, 0.6473312377929688
27, 10, 1, 5.272335699999999, 47192, 0.8914778232574463, 0.6769970059394836
27, 17, 1, 5.587934799999999, 47192, 0.9538528919219971, 0.6451259851455688
27, 2, 1, 5.609029899999996, 47192, 0.9117123484611511, 0.671455979347229
27, 15, 1, 5.763397600000019, 47192, 0.9491979479789734, 0.6613417863845825
27, 19, 1, 4.848980300000008, 47192, 0.9329873919487, 0.6564072370529175
27, 3, 1, 5.024279800000002, 47192, 0.9726097583770752, 0.6641844511032104
27, 11, 1, 4.828472200000007, 47192, 0.885200560092926, 0.670802652835846
27, 9, 1, 5.3161673999999834, 47192, 0.898897647857666, 0.6555941104888916
28, 3, 1, 5.3190792999999985, 47192, 0.8932275772094727, 0.6763578057289124
28, 7, 1, 5.8169888000000185, 47192, 1.001300573348999, 0.6444494724273682
28, 10, 1, 5.816763200000011, 47192, 0.8347203135490417, 0.6963295340538025
28, 17, 1, 6.073238400000008, 47192, 0.9056601524353027, 0.6558930277824402
28, 15, 1, 6.171390299999985, 47192, 0.8956949710845947, 0.6759214997291565
28, 6, 1, 5.7976125999999795, 47192, 0.8507617115974426, 0.6753569841384888
28, 8, 1, 4.974400799999998, 47192, 0.9709036946296692, 0.6488142013549805
29, 21, 1, 5.518285199999994, 47192, 1.183061122894287, 0.573066771030426
29, 10, 1, 5.792162399999995, 47192, 0.7803582549095154, 0.7104125618934631
29, 0, 1, 5.954572100000007, 47192, 0.7806816697120667, 0.7116090655326843
29, 17, 1, 6.117420699999997, 47192, 0.8743821978569031, 0.6652867794036865
29, 2, 1, 6.09390350000001, 47192, 0.8645205497741699, 0.683385968208313
29, 15, 1, 6.285454499999986, 47192, 0.8584473729133606, 0.6868324279785156
29, 8, 1, 4.962054699999996, 47192, 0.7746203541755676, 0.7067471742630005
30, 12, 1, 4.653091500000002, 47192, 0.9408981800079346, 0.6892734169960022
30, 4, 1, 4.871383899999984, 47192, 0.9167238473892212, 0.6754650473594666
30, 13, 1, 5.157910400000006, 47192, 0.8633542060852051, 0.7100400328636169
30, 10, 1, 5.4339860999999985, 47192, 0.7450586557388306, 0.7187612056732178
30, 17, 1, 5.640875300000005, 47192, 0.8526450395584106, 0.6708593964576721
30, 6, 1, 5.357137599999987, 47192, 0.7848915457725525, 0.6912688612937927
31, 16, 1, 5.189187200000006, 47192, 1.0655235052108765, 0.6307758092880249
31, 21, 1, 5.1730953, 47192, 1.1268504858016968, 0.5922538042068481
31, 17, 1, 5.795045399999992, 47192, 0.8402283191680908, 0.6757950782775879
31, 20, 1, 6.276632400000011, 47192, 0.7619045376777649, 0.6977423429489136
31, 4, 1, 4.9484013000000004, 47192, 0.832312285900116, 0.695691704750061
31, 8, 1, 4.773373800000002, 47192, 0.84572833776474, 0.6950424313545227
32, 4, 1, 4.496702699999986, 47192, 0.7815629839897156, 0.7068330645561218
32, 21, 1, 4.775786100000005, 47192, 0.8855690360069275, 0.6796662211418152
32, 16, 1, 4.819954799999991, 47192, 1.0128626823425293, 0.6488037705421448
32, 3, 1, 4.847846500000003, 47192, 0.833215594291687, 0.6909613609313965
32, 2, 1, 5.3634481999999934, 47192, 0.8109926581382751, 0.6983134150505066
32, 1, 1, 5.397275499999978, 47192, 0.9053639769554138, 0.6651761531829834
32, 17, 1, 5.530316999999997, 47192, 0.8364666104316711, 0.6737252473831177
32, 20, 1, 5.987114600000012, 47192, 0.7480301856994629, 0.7034363746643066
32, 22, 1, 4.6847463000000005, 47192, 0.8636531233787537, 0.6679039597511292
32, 8, 1, 4.783601399999995, 47192, 0.7306889891624451, 0.7173142433166504
33, 4, 1, 4.971328900000003, 47192, 0.7484750747680664, 0.7126189470291138
33, 11, 1, 5.093207699999994, 47192, 0.8128641247749329, 0.6877843737602234
33, 21, 1, 5.287371300000004, 47192, 0.8428021669387817, 0.6911784410476685
33, 2, 1, 5.9773864, 47192, 0.7861741185188293, 0.7043083906173706
33, 17, 1, 6.020973900000001, 47192, 0.9045186638832092, 0.6529673933982849
33, 1, 1, 5.91703050000001, 47192, 0.8350231051445007, 0.6855286359786987
33, 16, 1, 5.228406200000009, 47192, 0.7636029720306396, 0.6975985169410706
33, 22, 1, 4.714601400000021, 47192, 0.8274797797203064, 0.676954448223114
34, 11, 1, 4.855803299999991, 47192, 0.7672947645187378, 0.7002861499786377
34, 19, 1, 4.956946799999997, 47192, 0.8365675210952759, 0.6803408861160278
34, 3, 1, 5.092620699999998, 47192, 0.7942661643028259, 0.7025550603866577
34, 17, 1, 5.748658899999981, 47192, 0.8584281802177429, 0.6649484634399414
34, 15, 1, 5.872588699999994, 47192, 0.8320109248161316, 0.6928324103355408
34, 4, 1, 4.773444299999994, 47192, 0.7060397863388062, 0.7210825681686401
34, 9, 1, 5.267774099999997, 47192, 0.7872047424316406, 0.7121623754501343
34, 22, 1, 4.629126899999989, 47192, 0.7923643589019775, 0.6863028407096863
35, 4, 1, 4.340031299999993, 47192, 1.1467208862304688, 0.6014201641082764
35, 17, 1, 5.148309899999958, 47192, 1.1266405582427979, 0.5885045528411865
35, 22, 1, 4.286189800000017, 47192, 0.7691686153411865, 0.6945971846580505
36, 4, 1, 4.746317299999987, 47192, 0.8854658603668213, 0.6876344680786133
36, 11, 1, 4.864427300000017, 47192, 0.7464632391929626, 0.7081906199455261
36, 17, 1, 5.527988199999982, 47192, 1.0616270303726196, 0.6089041829109192
37, 11, 1, 4.868723299999999, 47192, 0.7369573712348938, 0.7074165940284729
37, 19, 1, 4.956908900000002, 47192, 0.7847115397453308, 0.6913784742355347
37, 17, 1, 5.628106199999991, 47192, 1.0560243129730225, 0.6111929416656494
37, 15, 1, 5.830963199999985, 47192, 0.8054631948471069, 0.6996732354164124
37, 4, 1, 4.758787600000005, 47192, 0.7745896577835083, 0.7117343544960022
37, 22, 1, 4.463013400000023, 47192, 0.769151508808136, 0.6928329467773438
38, 4, 1, 4.931528600000007, 47192, 0.7151098251342773, 0.7211782336235046
38, 11, 1, 5.008070000000004, 47192, 0.7021082639694214, 0.721865177154541
38, 17, 1, 5.796847500000013, 47192, 0.9550458788871765, 0.6437527537345886
38, 15, 1, 5.900766000000004, 47192, 0.7892784476280212, 0.7042019367218018
38, 22, 1, 4.508981299999988, 47192, 0.7525767683982849, 0.6970946788787842
39, 4, 1, 4.72857590000001, 47192, 0.6867116689682007, 0.7292354106903076
39, 19, 1, 4.965097600000007, 47192, 0.7490162253379822, 0.7022573947906494
39, 17, 1, 5.657235200000002, 47192, 0.9047803282737732, 0.6576443910598755
39, 15, 1, 5.8055651999999895, 47192, 0.7730499505996704, 0.7085395455360413
39, 22, 1, 4.402216600000003, 47192, 0.7445033192634583, 0.6991568207740784
40, 7, 1, 5.5085056000000066, 47192, 0.8868056535720825, 0.6705296039581299
40, 17, 1, 5.720140799999967, 47192, 0.8589319586753845, 0.669426441192627
40, 15, 1, 5.951226200000008, 47192, 0.749285101890564, 0.7158771753311157
40, 1, 1, 5.719470900000005, 47192, 0.7864123582839966, 0.7001062631607056
40, 22, 1, 4.515002799999991, 47192, 0.7892367839813232, 0.6806663274765015
41, 19, 1, 5.057062899999977, 47192, 0.7180263996124268, 0.7096686363220215
41, 3, 1, 5.121865100000008, 47192, 0.7804206013679504, 0.7083073258399963
41, 7, 1, 5.57838430000001, 47192, 0.8894355297088623, 0.6744200587272644
41, 17, 1, 5.706130200000018, 47192, 0.8515998721122742, 0.6716753840446472
41, 6, 1, 5.737081399999994, 47192, 0.7672300338745117, 0.6972052454948425
41, 22, 1, 4.849907400000006, 47192, 0.758690357208252, 0.6881358027458191
42, 23, 1, 4.924818099999996, 47192, 0.8963016271591187, 0.6978972554206848
42, 3, 1, 5.368424599999997, 47192, 0.735914945602417, 0.7231561541557312
42, 10, 1, 5.670048500000007, 47192, 0.7211740016937256, 0.7242637276649475
42, 7, 1, 5.844423300000017, 47192, 0.8178826570510864, 0.6910726428031921
42, 17, 1, 5.987526000000003, 47192, 0.8273143172264099, 0.6771285533905029
42, 6, 1, 5.7521725, 47192, 0.7320401072502136, 0.707241952419281
42, 22, 1, 4.779148300000003, 47192, 0.7443583011627197, 0.6907020211219788
43, 7, 1, 5.921292499999993, 47192, 0.8991864323616028, 0.6717441082000732
43, 17, 1, 6.160639199999991, 47192, 0.8272308707237244, 0.6771683096885681
43, 23, 1, 5.0791732, 47192, 0.8194659352302551, 0.7265709042549133
44, 7, 1, 5.602901799999984, 47192, 0.8119779825210571, 0.6942631602287292
44, 17, 1, 5.840929299999971, 47192, 0.7806360721588135, 0.6923137903213501
44, 23, 1, 4.842706600000014, 47192, 0.7431634068489075, 0.7523772120475769
44, 6, 1, 5.450774499999994, 47192, 0.7262912392616272, 0.7089351415634155
45, 17, 1, 5.2778998, 47192, 0.7671887874603271, 0.6964534521102905
45, 23, 1, 4.325864300000006, 47192, 0.6839892268180847, 0.7693608403205872
46, 4, 1, 4.558781900000014, 47192, 0.6649833917617798, 0.7323195934295654
46, 16, 1, 4.873000300000001, 47192, 0.7202432155609131, 0.7107424736022949
46, 19, 1, 4.862171399999994, 47192, 0.6967130303382874, 0.7180771231651306
46, 7, 1, 5.3961533999999745, 47192, 0.7780105471611023, 0.7031555771827698
46, 0, 1, 5.448449900000014, 47192, 0.713168203830719, 0.7305663228034973
46, 17, 1, 5.565103299999976, 47192, 0.7413142919540405, 0.7052899599075317
46, 1, 1, 5.641610599999979, 47192, 0.7491408586502075, 0.7122776508331299
46, 15, 1, 5.830791500000004, 47192, 0.7369868755340576, 0.7203867435455322
46, 11, 1, 4.7668700000000115, 47192, 0.6866666674613953, 0.7258995175361633
46, 22, 1, 4.767844799999978, 47192, 0.7321292757987976, 0.6971634030342102
47, 4, 1, 4.456187599999993, 47192, 0.6511996984481812, 0.736670970916748
47, 17, 1, 5.247327700000028, 47192, 0.712494432926178, 0.714743435382843
48, 21, 1, 5.200116299999991, 47192, 0.7866937518119812, 0.7009950280189514
48, 19, 1, 5.441753299999988, 47192, 0.6774377226829529, 0.7250804305076599
48, 14, 1, 5.570630099999988, 47192, 0.7595518827438354, 0.7359843254089355
48, 7, 1, 5.826410899999985, 47192, 0.7380096912384033, 0.7140651941299438
48, 1, 1, 5.901607599999977, 47192, 0.7298548221588135, 0.7194762229919434
48, 17, 1, 6.028158099999985, 47192, 0.7251165509223938, 0.7123950123786926
48, 2, 1, 6.159061900000012, 47192, 0.7649304866790771, 0.7098836898803711
48, 3, 1, 5.2641312000000084, 47192, 0.74214768409729, 0.7241148948669434
48, 22, 1, 4.8798142999999925, 47192, 0.758335530757904, 0.6886628270149231
49, 21, 1, 5.443297099999995, 47192, 0.7496630549430847, 0.7066172957420349
49, 17, 1, 6.14370150000002, 47192, 0.70656418800354, 0.7181467413902283
49, 2, 1, 6.154956900000002, 47192, 0.7406460642814636, 0.7158986330032349
49, 1, 1, 6.241159399999987, 47192, 0.7105789184570312, 0.7246295213699341
49, 20, 1, 6.8066551999999945, 47192, 0.7318822741508484, 0.7091123461723328
49, 15, 1, 6.34451900000002, 47192, 0.7231318950653076, 0.7253931760787964
49, 22, 1, 4.788533599999994, 47192, 0.736716628074646, 0.6951929330825806
50, 19, 1, 5.447808100000003, 47192, 0.6803997755050659, 0.7255790829658508
50, 16, 1, 5.38669920000001, 47192, 0.6977653503417969, 0.7207805514335632
50, 2, 1, 6.142272100000014, 47192, 0.7590816020965576, 0.7092442512512207
50, 15, 1, 6.259362299999964, 47192, 0.7039099335670471, 0.7302275896072388
50, 20, 1, 6.699014900000009, 47192, 0.7093461751937866, 0.7152960300445557
50, 22, 1, 4.701339300000001, 47192, 0.7263014316558838, 0.6982402801513672
51, 4, 1, 4.804883700000005, 47192, 0.6362267136573792, 0.744465172290802
51, 16, 1, 5.022610700000001, 47192, 0.6747617721557617, 0.7300533652305603
51, 19, 1, 5.124124500000022, 47192, 0.6535825729370117, 0.7343728542327881
51, 5, 1, 5.286342300000001, 47192, 0.8685769438743591, 0.6963499188423157
51, 11, 1, 5.138009299999993, 47192, 0.6674282550811768, 0.7337570786476135
51, 7, 1, 5.653425700000014, 47192, 0.7318105101585388, 0.7162882685661316
51, 2, 1, 5.758157699999998, 47192, 0.7266179919242859, 0.7210543155670166
51, 6, 1, 5.601615100000004, 47192, 0.6899105906486511, 0.718482255935669
51, 22, 1, 4.732933799999984, 47192, 0.7095295786857605, 0.7057556509971619
52, 19, 1, 5.2657807999999875, 47192, 0.6444042325019836, 0.7395176887512207
52, 7, 1, 5.716195199999987, 47192, 0.827819287776947, 0.6899405121803284
52, 17, 1, 5.885344700000019, 47192, 0.6980777382850647, 0.7205946445465088
52, 6, 1, 5.754643200000004, 47192, 0.7021818161010742, 0.7156874537467957
52, 5, 1, 5.421566900000016, 47192, 0.7050137519836426, 0.7362304329872131
52, 11, 1, 5.105389500000001, 47192, 0.6549475789070129, 0.7388234734535217
52, 9, 1, 5.357037300000002, 47192, 0.7244687676429749, 0.7324190735816956
52, 22, 1, 4.708990199999988, 47192, 0.7043027877807617, 0.7089176177978516
53, 5, 1, 5.030471300000016, 47192, 0.7118611931800842, 0.7328070998191833
53, 17, 1, 5.452887399999952, 47192, 0.6685294508934021, 0.7307049036026001
53, 22, 1, 4.428666199999981, 47192, 0.7478484511375427, 0.6893043518066406
54, 19, 1, 5.264646599999992, 47192, 0.6952123045921326, 0.7204115986824036
54, 13, 1, 5.348740899999996, 47192, 0.8040174841880798, 0.7336741089820862
54, 7, 1, 5.738360999999998, 47192, 0.7605637311935425, 0.7055227160453796
54, 17, 1, 5.93374, 47192, 0.6904537677764893, 0.7242964506149292
54, 15, 1, 6.085602600000016, 47192, 0.703512966632843, 0.7305906414985657
54, 22, 1, 4.8881926999999905, 47192, 0.7340197563171387, 0.6951929330825806
54, 8, 1, 5.060533300000003, 47192, 0.6868959069252014, 0.729522168636322
55, 13, 1, 4.881142300000022, 47192, 0.7622784376144409, 0.7443404197692871
55, 7, 1, 5.22408630000001, 47192, 0.7250280976295471, 0.7185525298118591
56, 13, 1, 5.150536899999992, 47192, 0.7130632400512695, 0.7606054544448853
56, 14, 1, 5.398773800000015, 47192, 0.6791985630989075, 0.7639104723930359
56, 7, 1, 5.5447366000000216, 47192, 0.7294723987579346, 0.7174821496009827
57, 19, 1, 4.817304500000006, 47192, 0.6670118570327759, 0.7321517467498779
57, 7, 1, 5.236028500000032, 47192, 0.7058147192001343, 0.7212284803390503
57, 22, 1, 4.504411299999958, 47192, 0.7205331325531006, 0.6995692253112793
58, 12, 1, 4.777038199999993, 47192, 0.8958017230033875, 0.7072365880012512
58, 4, 1, 5.025942699999973, 47192, 0.6182594299316406, 0.7497011423110962
58, 3, 1, 5.278849600000001, 47192, 0.7269136309623718, 0.7271247506141663
58, 21, 1, 5.363005300000026, 47192, 0.728366494178772, 0.7116594314575195
58, 7, 1, 5.7132396000000085, 47192, 0.7081031799316406, 0.7229163646697998
58, 20, 1, 6.506741300000016, 47192, 0.7092825770378113, 0.7145525217056274
58, 6, 1, 5.856427200000013, 47192, 0.6730874180793762, 0.7223989963531494
58, 22, 1, 4.7008840000000305, 47192, 0.7213920950889587, 0.7006232142448425
59, 4, 1, 4.52414170000003, 47192, 0.5971291661262512, 0.758547306060791
59, 3, 1, 4.822543899999999, 47192, 0.7523438930511475, 0.714015007019043
59, 22, 1, 4.462210599999992, 47192, 0.7019919157028198, 0.70774906873703
60, 16, 1, 5.1768986000000154, 47192, 0.6783774495124817, 0.7288379669189453
60, 21, 1, 5.297871000000015, 47192, 0.7275850772857666, 0.7152737379074097
60, 7, 1, 5.744361999999967, 47192, 0.6788662075996399, 0.7316029071807861
60, 20, 1, 6.389413300000001, 47192, 0.6832013130187988, 0.7260494828224182
60, 6, 1, 5.770534300000008, 47192, 0.6507454514503479, 0.7300693392753601
60, 3, 1, 5.170521900000011, 47192, 0.7222381234169006, 0.7238027453422546
60, 19, 1, 5.147441700000002, 47192, 0.6557936072349548, 0.7391324043273926
60, 22, 1, 4.756858500000021, 47192, 0.6864061951637268, 0.7153102159500122
61, 3, 1, 5.383323099999984, 47192, 0.7159375548362732, 0.7265896797180176
61, 21, 1, 5.352220799999998, 47192, 0.6956894397735596, 0.7247110605239868
61, 7, 1, 5.79223879999995, 47192, 0.805246114730835, 0.6940573453903198
61, 1, 1, 5.946667300000001, 47192, 0.6900045871734619, 0.731166422367096
61, 15, 1, 6.086997800000006, 47192, 0.6951096057891846, 0.7341256737709045
61, 6, 1, 5.743792699999972, 47192, 0.651907205581665, 0.7311505675315857
61, 16, 1, 5.2279652, 47192, 0.6547358632087708, 0.7364227771759033
61, 22, 1, 4.756909500000006, 47192, 0.6955665349960327, 0.7145082950592041
62, 16, 1, 5.603664199999997, 47192, 0.6416566967964172, 0.7427021861076355
62, 7, 1, 5.914210500000024, 47192, 0.8781560659408569, 0.6742759346961975
62, 1, 1, 6.0250924000000055, 47192, 0.687184751033783, 0.7342543601989746
62, 6, 1, 5.699548300000004, 47192, 0.6305135488510132, 0.7365769147872925
62, 3, 1, 5.511810099999991, 47192, 0.6995816826820374, 0.7316507697105408
62, 22, 1, 4.704936299999986, 47192, 0.6689630746841431, 0.7236046195030212
63, 3, 1, 5.4699832000000015, 47192, 0.6806813478469849, 0.7384063005447388
63, 21, 1, 5.546962499999978, 47192, 0.6706852912902832, 0.7303779125213623
63, 7, 1, 5.935903399999972, 47192, 0.8238806128501892, 0.6895288228988647
63, 1, 1, 6.078852400000017, 47192, 0.659729540348053, 0.7431373000144958
63, 17, 1, 6.1106371000000195, 47192, 0.6654382944107056, 0.7332723140716553
63, 15, 1, 6.277780000000007, 47192, 0.6773000955581665, 0.7377180457115173
64, 7, 1, 5.98539930000004, 47192, 0.7675818800926208, 0.7031555771827698
64, 17, 1, 6.189755399999967, 47192, 0.654315710067749, 0.7372328042984009
64, 1, 1, 5.990838600000018, 47192, 0.6810920834541321, 0.7255719900131226
65, 7, 1, 5.030774899999983, 47192, 0.6776484847068787, 0.7329614162445068
65, 17, 1, 5.18519630000003, 47192, 0.8027538061141968, 0.6896270513534546
66, 21, 1, 5.374984400000017, 47192, 0.6822224855422974, 0.7290170192718506
66, 17, 1, 5.99504410000003, 47192, 0.7944667935371399, 0.6903036832809448
66, 1, 1, 5.999599100000012, 47192, 0.6535080671310425, 0.7394677996635437
66, 15, 1, 6.205830999999989, 47192, 0.6722716689109802, 0.7395715713500977
66, 20, 1, 6.599965300000008, 47192, 0.6715707778930664, 0.7311995625495911
66, 18, 1, 6.8179722000000424, 47192, 0.8011768460273743, 0.7305026054382324
66, 22, 1, 4.766337599999986, 47192, 0.6661905646324158, 0.7259646058082581
67, 21, 1, 5.377706000000018, 47192, 0.6682509183883667, 0.7338583469390869
67, 15, 1, 6.216757199999961, 47192, 0.6637424230575562, 0.7408900856971741
67, 20, 1, 6.615606599999978, 47192, 0.6576709747314453, 0.7381811738014221
67, 18, 1, 6.778105699999969, 47192, 0.7433134913444519, 0.7522889375686646
67, 17, 1, 5.994584699999962, 47192, 0.735559344291687, 0.7058273553848267
67, 12, 1, 4.990633900000006, 47192, 0.851992666721344, 0.7207762002944946
67, 22, 1, 4.742060900000013, 47192, 0.6525483727455139, 0.7294244170188904
68, 19, 1, 5.194494700000007, 47192, 0.6376439332962036, 0.742781400680542
68, 21, 1, 5.304216699999984, 47192, 0.6476154923439026, 0.7385435700416565
68, 2, 1, 5.984013299999958, 47192, 0.6884151101112366, 0.7369210124015808
68, 17, 1, 6.072861899999964, 47192, 0.7285192012786865, 0.7103649973869324
68, 15, 1, 6.23353689999999, 47192, 0.6554400324821472, 0.7445970773696899
68, 6, 1, 5.742768000000012, 47192, 0.618948757648468, 0.7414116859436035
68, 22, 1, 4.720762899999954, 47192, 0.6492636799812317, 0.7327696681022644
69, 15, 1, 5.5059080000000336, 47192, 0.841124415397644, 0.7002273797988892
69, 17, 1, 5.349625099999969, 47192, 0.9756641983985901, 0.6388369202613831
70, 19, 1, 5.330886299999975, 47192, 0.6226809024810791, 0.7518471479415894
70, 3, 1, 5.47849199999996, 47192, 0.6864404082298279, 0.7378712296485901
70, 21, 1, 5.452966400000008, 47192, 0.6541306972503662, 0.7380973696708679
70, 2, 1, 6.099545400000011, 47192, 0.6691213846206665, 0.7395188212394714
70, 17, 1, 6.03884039999997, 47192, 0.8559319972991943, 0.6684512495994568
70, 15, 1, 6.232673599999998, 47192, 0.7528110146522522, 0.7243421673774719
70, 22, 1, 4.777424900000028, 47192, 0.6401290893554688, 0.7372147440910339
71, 0, 1, 5.898359599999992, 47192, 0.6830761432647705, 0.7429838180541992
71, 2, 1, 5.997980100000007, 47192, 0.6525928378105164, 0.7448143362998962
71, 17, 1, 5.956129000000033, 47192, 0.7954168319702148, 0.6861640810966492
71, 15, 1, 6.11621550000001, 47192, 0.7236121296882629, 0.7308963537216187
71, 3, 1, 5.2916598999999565, 47192, 0.6685815453529358, 0.7428431510925293
71, 21, 1, 5.347134600000004, 47192, 0.6595842242240906, 0.7319396734237671
72, 21, 1, 5.353457200000037, 47192, 0.6314988732337952, 0.7441434860229492
72, 0, 1, 5.908082900000011, 47192, 0.6581605076789856, 0.7497642636299133
72, 17, 1, 5.947262500000022, 47192, 0.9800794124603271, 0.6341400146484375
72, 15, 1, 6.08765360000001, 47192, 0.7140911221504211, 0.7321193218231201
73, 10, 1, 5.761971100000011, 47192, 0.685141921043396, 0.7318111658096313
73, 0, 1, 6.0140341999999976, 47192, 0.6422950029373169, 0.7550402283668518
73, 17, 1, 6.063986200000045, 47192, 0.8722913861274719, 0.6657246351242065
73, 15, 1, 6.218471899999997, 47192, 0.6939979195594788, 0.7346607446670532
73, 6, 1, 5.654179900000031, 47192, 0.6456785202026367, 0.7357609272003174
74, 10, 1, 5.711278499999963, 47192, 0.6688081622123718, 0.7354584336280823
74, 17, 1, 6.010172699999998, 47192, 0.8319752812385559, 0.6786211729049683
74, 20, 1, 6.577697999999998, 47192, 0.6454195380210876, 0.74452805519104
74, 6, 1, 5.809247699999958, 47192, 0.617672860622406, 0.7437780499458313
74, 15, 1, 6.16135399999996, 47192, 0.6836207509040833, 0.7391894459724426
74, 9, 1, 5.48813149999998, 47192, 0.7110957503318787, 0.7350531220436096
74, 22, 1, 4.894220599999983, 47192, 0.6334033012390137, 0.7384061813354492
74, 8, 1, 5.1157354000000055, 47192, 0.6552621722221375, 0.7400017380714417
75, 15, 1, 5.588130499999977, 47192, 0.6706702709197998, 0.7442531585693359
75, 17, 1, 5.403004299999907, 47192, 0.7715653777122498, 0.6955379247665405
75, 22, 1, 4.464184299999999, 47192, 0.750460147857666, 0.6860049366950989
76, 16, 1, 5.439110900000003, 47192, 0.6496352553367615, 0.7388309836387634
76, 10, 1, 5.789966899999968, 47192, 0.6632949113845825, 0.7383466958999634
76, 17, 1, 6.150875499999984, 47192, 0.767534613609314, 0.6978465914726257
76, 20, 1, 6.718956699999978, 47192, 0.6378582715988159, 0.7483906149864197
76, 11, 1, 5.412867099999971, 47192, 0.6472078561782837, 0.7405357360839844
76, 22, 1, 4.946277699999996, 47192, 0.7278574109077454, 0.6961323618888855
76, 8, 1, 5.112538900000004, 47192, 0.6385771632194519, 0.7442241907119751
77, 17, 1, 4.931659500000023, 47192, 0.7115138173103333, 0.7146240472793579
77, 22, 1, 4.326880899999992, 47192, 0.709959864616394, 0.705549418926239
78, 11, 1, 5.323729800000024, 47192, 0.6369063258171082, 0.7439602017402649
78, 16, 1, 5.466071100000022, 47192, 0.6354740262031555, 0.7448403239250183
78, 17, 1, 6.198621799999955, 47192, 0.6999432444572449, 0.7195000648498535
78, 20, 1, 6.777075700000012, 47192, 0.6255092620849609, 0.7528515458106995
78, 22, 1, 4.964110099999971, 47192, 0.7051981687545776, 0.7055723667144775
78, 8, 1, 5.20344399999999, 47192, 0.5983368754386902, 0.7556445002555847
79, 16, 1, 5.19092839999999, 47192, 0.6214106678962708, 0.7480812668800354
79, 5, 1, 5.498401900000005, 47192, 0.6644923090934753, 0.7450612783432007
79, 10, 1, 5.70518450000003, 47192, 0.671992301940918, 0.7370607256889343
79, 17, 1, 5.941061999999988, 47192, 0.6609061360359192, 0.7323368787765503
79, 18, 1, 6.713130700000022, 47192, 0.6949722170829773, 0.7652495503425598
79, 11, 1, 5.076094400000045, 47192, 0.6348555088043213, 0.7456724643707275
79, 22, 1, 4.6599390000000085, 47192, 0.6855022311210632, 0.7151727676391602
80, 16, 1, 4.64019380000002, 47192, 0.6589806079864502, 0.7289054989814758
80, 17, 1, 5.212573200000065, 47192, 0.6788076162338257, 0.7285555005073547
81, 16, 1, 5.382056499999976, 47192, 0.6273400783538818, 0.7421169877052307
81, 21, 1, 5.505534799999964, 47192, 0.6148347854614258, 0.7494087815284729
81, 5, 1, 5.567201600000004, 47192, 0.6441681981086731, 0.7504034042358398
81, 17, 1, 6.010946600000011, 47192, 0.6736533641815186, 0.7283365726470947
81, 15, 1, 6.209920400000044, 47192, 0.6658059358596802, 0.747329592704773
81, 22, 1, 4.657470799999999, 47192, 0.6761228442192078, 0.7198469638824463
82, 16, 1, 4.509025800000018, 47192, 0.6122953295707703, 0.7471359968185425
82, 17, 1, 5.143354999999929, 47192, 0.9429447650909424, 0.6482704877853394
83, 16, 1, 4.710051800000031, 47192, 0.6108981966972351, 0.747203528881073
83, 17, 1, 5.281023199999936, 47192, 0.8695510029792786, 0.6680133938789368
84, 17, 1, 4.949291800000083, 47192, 0.8789463043212891, 0.6645703315734863
84, 22, 1, 4.314403200000015, 47192, 0.6761016249656677, 0.7211987972259521
85, 4, 1, 5.081489200000021, 47192, 0.6149980425834656, 0.7566346526145935
85, 17, 1, 5.9749963000000434, 47192, 0.7802826762199402, 0.6911594867706299
85, 15, 1, 6.1112757000000215, 47192, 0.6558290123939514, 0.7505780458450317
85, 1, 1, 5.906483700000024, 47192, 0.6371584534645081, 0.7443804740905762
85, 22, 1, 4.660343100000034, 47192, 0.6492584347724915, 0.7323114275932312
86, 4, 1, 4.749852400000009, 47192, 0.5940943956375122, 0.7634007334709167
86, 17, 1, 5.677955200000042, 47192, 0.771468997001648, 0.6969708800315857
86, 1, 1, 5.586778999999979, 47192, 0.6212708353996277, 0.7530829310417175
87, 3, 1, 5.109574000000009, 47192, 0.6798256635665894, 0.7423080205917358
87, 17, 1, 5.786635599999954, 47192, 0.7215858697891235, 0.7131115198135376
87, 5, 1, 5.215376300000003, 47192, 0.6307599544525146, 0.7547860741615295
87, 9, 1, 5.359441000000004, 47192, 0.6800479888916016, 0.743289589881897
87, 22, 1, 4.827154300000018, 47192, 0.6404919624328613, 0.7363669872283936
87, 8, 1, 5.0664855999999645, 47192, 0.5686922073364258, 0.7640237808227539
88, 12, 1, 4.8125737000000015, 47192, 0.7869882583618164, 0.7375907301902771
88, 11, 1, 5.071271999999965, 47192, 0.6254135370254517, 0.7479945421218872
88, 3, 1, 5.265131499999995, 47192, 0.6485720872879028, 0.7508918046951294
88, 17, 1, 5.872527300000002, 47192, 0.6967102885246277, 0.7205150723457336
88, 5, 1, 5.408532100000002, 47192, 0.6149998903274536, 0.7602808475494385
88, 22, 1, 4.558014599999979, 47192, 0.6382935643196106, 0.7370314598083496
89, 11, 1, 5.059750500000007, 47192, 0.6085759401321411, 0.7542102336883545
89, 5, 1, 5.399809600000026, 47192, 0.6006258130073547, 0.7679124474525452
89, 17, 1, 5.8950872000000345, 47192, 0.6870343089103699, 0.7243760824203491
89, 22, 1, 4.573301099999981, 47192, 0.6274946331977844, 0.7405828833580017
90, 11, 1, 5.065362100000016, 47192, 0.6097334027290344, 0.7567434310913086
90, 3, 1, 5.3140238000000295, 47192, 0.6454632878303528, 0.7532997131347656
90, 10, 1, 5.594519999999989, 47192, 0.6453525424003601, 0.744797945022583
90, 17, 1, 5.953481599999918, 47192, 0.6691538691520691, 0.7323966026306152
90, 6, 1, 5.613323600000001, 47192, 0.6091041564941406, 0.7472051978111267
90, 22, 1, 4.715623499999992, 47192, 0.6255664825439453, 0.7421180605888367
91, 11, 1, 5.110550100000012, 47192, 0.5891938209533691, 0.7639208436012268
91, 17, 1, 5.820733599999926, 47192, 1.0396052598953247, 0.6150141358375549
91, 6, 1, 5.441050399999995, 47192, 0.5910312533378601, 0.7527948021888733
92, 10, 1, 5.1851427000000285, 47192, 0.6356191039085388, 0.7461893558502197
92, 17, 1, 5.540436199999931, 47192, 0.8537599444389343, 0.6692671775817871
92, 9, 1, 5.135101399999996, 47192, 0.6808773279190063, 0.7441675662994385
92, 22, 1, 4.627087500000016, 47192, 0.612248957157135, 0.7464027404785156
93, 12, 1, 4.716078299999992, 47192, 0.7347487807273865, 0.7505682110786438
93, 17, 1, 5.757750200000032, 47192, 0.8003162741661072, 0.6880548000335693
93, 1, 1, 5.669409300000041, 47192, 0.6311251521110535, 0.7491728663444519
93, 9, 1, 5.409893899999986, 47192, 0.6495450735092163, 0.750104546546936
93, 22, 1, 4.796665899999994, 47192, 0.6088406443595886, 0.7494730353355408
94, 21, 1, 5.557800799999995, 47192, 0.614379346370697, 0.7520636916160583
94, 0, 1, 6.126968499999975, 47192, 0.6388020515441895, 0.7577885389328003
94, 17, 1, 6.194683199999986, 47192, 0.7755995988845825, 0.6964733600616455
94, 1, 1, 6.125871700000005, 47192, 0.6029170155525208, 0.7619458436965942
94, 9, 1, 5.46988239999996, 47192, 0.6206913590431213, 0.7595116496086121
94, 22, 1, 4.796612400000015, 47192, 0.610244631767273, 0.75
95, 17, 1, 4.8030112000000145, 47192, 0.9698216915130615, 0.6396329998970032
96, 17, 1, 4.734284600000024, 47192, 0.8760502934455872, 0.6644906997680664
97, 17, 1, 4.737945400000058, 47192, 0.8322167992591858, 0.6778450012207031
98, 21, 1, 4.879418499999986, 47192, 0.5879027843475342, 0.7609879374504089
98, 10, 1, 5.142311600000028, 47192, 0.6215707659721375, 0.7499209642410278
98, 17, 1, 5.425271500000008, 47192, 0.7850661277770996, 0.6897066235542297
99, 19, 1, 4.988692700000001, 47192, 0.6214349269866943, 0.751643180847168
99, 10, 1, 5.403595999999993, 47192, 0.6185156106948853, 0.7498998641967773
99, 17, 1, 5.675649099999987, 47192, 0.7481452226638794, 0.7053098678588867
99, 20, 1, 6.172277100000031, 47192, 0.620334267616272, 0.7558073997497559
100, 16, 1, 4.87697529999997, 47192, 0.5956307053565979, 0.7542031407356262
100, 17, 1, 5.565531299999975, 47192, 0.7375860810279846, 0.7085140943527222
100, 20, 1, 6.133760499999994, 47192, 0.6156340837478638, 0.7574394941329956
