1, 11, 1, 5.074079599999999, 136, 1.69556725025177, 0.2653985023498535
1, 5, 1, 5.294118300000001, 136, 1.6575286388397217, 0.2719680666923523
1, 23, 1, 5.428886400000001, 136, 1.5921815633773804, 0.3537888526916504
1, 9, 1, 5.4124536, 136, 1.681830883026123, 0.2625637650489807
1, 17, 1, 5.8717365, 136, 1.6469944715499878, 0.2877840995788574
1, 21, 1, 5.7751805, 136, 1.702340006828308, 0.2476685494184494
1, 7, 1, 6.1241253, 136, 1.7011524438858032, 0.2721434235572815
1, 20, 1, 6.1599421, 136, 1.6886733770370483, 0.2868981659412384
1, 22, 1, 5.824613199999999, 136, 1.7177811861038208, 0.2763495445251465
1, 13, 1, 5.340581900000001, 136, 1.6424542665481567, 0.2798026204109192
1, 4, 1, 5.011320200000001, 136, 1.660093069076538, 0.26923444867134094
1, 1, 1, 6.1104596, 136, 1.6756116151809692, 0.3165567219257355
1, 6, 1, 5.8932757, 136, 1.683788537979126, 0.28225213289260864
1, 19, 1, 5.5333044, 136, 1.6784106492996216, 0.27442091703414917
1, 10, 1, 5.716550299999999, 136, 1.6585290431976318, 0.303417444229126
1, 16, 1, 6.7103413, 136, 1.6570078134536743, 0.3623596131801605
1, 12, 1, 4.9986813, 136, 1.605892539024353, 0.29816457629203796
1, 0, 1, 7.4566736, 136, 1.6222524642944336, 0.33148106932640076
1, 3, 1, 6.6573121, 136, 1.6790966987609863, 0.2756175994873047
1, 2, 1, 7.144642800000001, 136, 1.6371504068374634, 0.3741457164287567
1, 18, 1, 8.1032431, 136, 1.6607998609542847, 0.28452545404434204
1, 14, 1, 7.2615986999999995, 136, 1.6477000713348389, 0.3171131908893585
1, 15, 1, 7.4715687, 136, 1.6843210458755493, 0.32379186153411865
1, 8, 1, 6.1407997, 136, 1.6737027168273926, 0.2754441201686859
2, 13, 1, 4.427253700000001, 136, 1.5214005708694458, 0.352408766746521
2, 5, 1, 4.5079846, 136, 1.5208433866500854, 0.42281192541122437
2, 12, 1, 3.9182056999999997, 136, 1.5222042798995972, 0.3109465539455414
2, 3, 1, 4.332629099999998, 136, 1.5306812524795532, 0.442076176404953
2, 19, 1, 4.3774733, 136, 1.482248306274414, 0.4731653034687042
2, 9, 1, 4.782975799999999, 136, 1.5323759317398071, 0.42760682106018066
2, 7, 1, 4.9309449, 136, 1.5149403810501099, 0.3694242537021637
2, 14, 1, 5.095972500000002, 136, 1.4521164894104004, 0.4665222764015198
2, 10, 1, 5.0070718, 136, 1.5401017665863037, 0.3676132559776306
2, 18, 1, 5.875593899999998, 136, 1.491180658340454, 0.32818499207496643
2, 22, 1, 4.672924000000002, 136, 1.5771198272705078, 0.4089221954345703
2, 11, 1, 4.583975999999998, 136, 1.6212012767791748, 0.3389548361301422
2, 8, 1, 4.888548999999998, 136, 1.5063904523849487, 0.3543362319469452
2, 21, 1, 4.481900900000001, 136, 1.6158645153045654, 0.3825353682041168
2, 4, 1, 4.331568199999998, 136, 1.5404208898544312, 0.2734423577785492
2, 23, 1, 4.027081099999998, 136, 1.4584698677062988, 0.4029996991157532
2, 1, 1, 5.001812399999999, 136, 1.5573288202285767, 0.4287662208080292
3, 12, 1, 4.494903600000001, 136, 1.3312784433364868, 0.5527531504631042
3, 4, 1, 4.5276891, 136, 1.406970739364624, 0.3377325236797333
3, 13, 1, 4.815192799999998, 136, 1.3303985595703125, 0.49470004439353943
3, 0, 1, 5.439204099999998, 136, 1.5124753713607788, 0.3728058636188507
3, 17, 1, 5.4844525, 136, 1.4886661767959595, 0.4775703549385071
3, 7, 1, 5.1765893, 136, 1.2517660856246948, 0.6144583225250244
3, 6, 1, 5.366111, 136, 1.5382535457611084, 0.38290494680404663
3, 23, 1, 4.467593999999998, 136, 1.2783235311508179, 0.5155131816864014
3, 15, 1, 5.7239743999999995, 136, 1.4951577186584473, 0.4730284810066223
3, 20, 1, 6.125752500000001, 136, 1.4200284481048584, 0.5021851658821106
3, 18, 1, 6.425872199999997, 136, 1.2400603294372559, 0.5867023468017578
4, 11, 1, 4.284102000000001, 136, 1.4834028482437134, 0.5556363463401794
4, 13, 1, 4.520881499999998, 136, 1.0290883779525757, 0.7162362337112427
4, 23, 1, 4.4322634, 136, 0.9867435097694397, 0.6659886240959167
4, 16, 1, 4.545054, 136, 1.4742571115493774, 0.5005289316177368
4, 21, 1, 4.7145085999999985, 136, 1.477931261062622, 0.5257685780525208
4, 5, 1, 4.991432800000002, 136, 1.3878449201583862, 0.5672451853752136
4, 2, 1, 5.398717000000001, 136, 1.425652265548706, 0.48063626885414124
4, 1, 1, 5.373013, 136, 1.4024797677993774, 0.5700106024742126
4, 0, 1, 5.725562199999999, 136, 1.3810745477676392, 0.5329896211624146
4, 15, 1, 5.890791500000002, 136, 1.2542821168899536, 0.5972521901130676
4, 6, 1, 5.5329376, 136, 1.2632983922958374, 0.6287229657173157
4, 22, 1, 4.934523500000001, 136, 1.3447153568267822, 0.5100815892219543
4, 8, 1, 5.206526499999999, 136, 1.2433257102966309, 0.5326420068740845
4, 4, 1, 4.494267000000001, 136, 1.2491779327392578, 0.5734471678733826
5, 16, 1, 4.404076000000003, 136, 1.2148433923721313, 0.5975782871246338
5, 11, 1, 4.436209899999998, 136, 1.2718993425369263, 0.7276586890220642
5, 10, 1, 4.834615399999997, 136, 1.3057445287704468, 0.6142980456352234
5, 19, 1, 4.443947999999999, 136, 1.2704304456710815, 0.7053623795509338
5, 21, 1, 4.6288436, 136, 1.3387253284454346, 0.5767703652381897
5, 1, 1, 5.169104900000001, 136, 1.167365312576294, 0.6551302075386047
5, 14, 1, 5.0663914000000005, 136, 1.0797826051712036, 0.7175841927528381
5, 20, 1, 5.622131700000001, 136, 1.0000369548797607, 0.7340284585952759
5, 2, 1, 5.233279499999998, 136, 1.1881448030471802, 0.5891251564025879
5, 17, 1, 5.370047800000002, 136, 1.356781005859375, 0.5748318433761597
5, 22, 1, 4.716932599999996, 136, 1.1056900024414062, 0.7174181938171387
5, 8, 1, 4.808305599999997, 136, 0.9242852330207825, 0.7585542798042297
5, 3, 1, 4.925151, 136, 1.371440052986145, 0.5474226474761963
6, 3, 1, 5.131252199999999, 136, 1.183319091796875, 0.5916569828987122
6, 16, 1, 5.112355900000004, 136, 0.7758473753929138, 0.7992167472839355
6, 14, 1, 5.5728644, 136, 0.7300794124603271, 0.8151995539665222
6, 17, 1, 5.722079299999997, 136, 1.1182019710540771, 0.6596744060516357
6, 0, 1, 5.7593824, 136, 1.0654140710830688, 0.7016991376876831
6, 6, 1, 5.6039691000000005, 136, 0.9476125836372375, 0.7699714303016663
6, 21, 1, 5.100428000000001, 136, 1.09298574924469, 0.7708714604377747
6, 9, 1, 5.3040117, 136, 1.3931734561920166, 0.593444287776947
7, 12, 1, 4.4716536, 136, 1.0831644535064697, 0.7349756956100464
7, 19, 1, 4.6511812999999975, 136, 0.9516233801841736, 0.7673043012619019
7, 13, 1, 4.827702599999995, 136, 0.7442294359207153, 0.7524176239967346
7, 5, 1, 5.021278899999999, 136, 1.175081491470337, 0.7239762544631958
7, 14, 1, 5.281073999999997, 136, 0.5231189727783203, 0.8354502320289612
7, 2, 1, 5.473303199999997, 136, 0.8583546280860901, 0.7509691715240479
7, 17, 1, 5.464223699999998, 136, 0.8593953847885132, 0.7552242875099182
7, 15, 1, 5.811231899999996, 136, 0.9377828240394592, 0.7632086873054504
7, 3, 1, 4.962335500000002, 136, 0.9455315470695496, 0.7175822854042053
7, 18, 1, 6.214558799999999, 136, 0.8743236064910889, 0.7467641830444336
7, 22, 1, 4.735286699999996, 136, 0.7695392966270447, 0.7953670620918274
8, 11, 1, 4.607376800000004, 136, 0.948386013507843, 0.763310968875885
8, 4, 1, 4.570349399999998, 136, 0.973767876625061, 0.7554631233215332
8, 3, 1, 4.870029899999999, 136, 0.7115774154663086, 0.7734994888305664
8, 13, 1, 4.9141878000000005, 136, 0.5478633046150208, 0.8122773170471191
8, 5, 1, 5.138720599999999, 136, 0.7899530529975891, 0.8121102452278137
8, 1, 1, 5.271000799999996, 136, 0.8829740285873413, 0.7880932688713074
8, 0, 1, 5.554881899999998, 136, 0.6867935657501221, 0.7785311937332153
8, 20, 1, 5.9290813, 136, 0.6468183398246765, 0.7834799289703369
8, 17, 1, 5.7466285, 136, 0.6482047438621521, 0.778191328048706
8, 18, 1, 6.3096650000000025, 136, 0.490187406539917, 0.865077555179596
8, 9, 1, 5.342290399999996, 136, 1.109190821647644, 0.7690651416778564
8, 10, 1, 5.361794000000003, 136, 0.9488877654075623, 0.7869837284088135
9, 23, 1, 4.8089181, 136, 0.7649595737457275, 0.7968091368675232
9, 7, 1, 5.667734600000003, 136, 0.9169334173202515, 0.7689220309257507
9, 2, 1, 5.9492461999999975, 136, 0.6459820866584778, 0.7790855765342712
9, 17, 1, 6.012295500000008, 136, 0.416094034910202, 0.8711539506912231
9, 1, 1, 5.957990600000002, 136, 0.703843891620636, 0.808465838432312
9, 6, 1, 5.8828914999999995, 136, 0.6394978165626526, 0.8060791492462158
9, 4, 1, 4.9319445, 136, 0.7668340802192688, 0.7919954061508179
9, 9, 1, 5.427913199999999, 136, 0.7751851677894592, 0.7960740923881531
10, 11, 1, 4.558750600000003, 136, 0.6185093522071838, 0.8192053437232971
10, 19, 1, 4.567369800000002, 136, 0.6238776445388794, 0.8188658952713013
10, 3, 1, 4.606063299999995, 136, 0.48067858815193176, 0.8625033497810364
10, 0, 1, 5.264473600000002, 136, 0.4690193235874176, 0.8526951670646667
10, 7, 1, 5.165705299999999, 136, 0.6464138031005859, 0.7868919968605042
10, 6, 1, 5.1423372, 136, 0.4407866895198822, 0.8708282113075256
10, 2, 1, 5.5416794, 136, 0.49808433651924133, 0.8088405728340149
10, 1, 1, 5.3644106000000065, 136, 0.5705699920654297, 0.8174289464950562
10, 9, 1, 5.313494799999994, 136, 0.6018921136856079, 0.8364830017089844
10, 22, 1, 4.764314500000005, 136, 0.4886839687824249, 0.8562459945678711
10, 8, 1, 4.953101799999999, 136, 0.6216306686401367, 0.8153933882713318
10, 14, 1, 5.1035453999999945, 136, 0.3841162323951721, 0.8853093385696411
10, 10, 1, 5.282532499999995, 136, 0.7116664052009583, 0.834608793258667
11, 23, 1, 4.231273999999999, 136, 0.6080830097198486, 0.8468532562255859
11, 13, 1, 4.653126400000005, 136, 0.4218544661998749, 0.8498085737228394
11, 7, 1, 4.908203499999999, 136, 0.4379199743270874, 0.8462979197502136
11, 5, 1, 4.650036, 136, 0.5061870217323303, 0.8401945233345032
11, 21, 1, 4.733157599999998, 136, 0.8011310696601868, 0.8121904134750366
11, 12, 1, 4.139431799999997, 136, 0.7169813513755798, 0.8317569494247437
11, 19, 1, 4.686107200000002, 136, 0.40212011337280273, 0.8917093276977539
11, 15, 1, 5.429090799999997, 136, 0.6719373464584351, 0.8148204684257507
11, 20, 1, 5.724342100000001, 136, 0.450880229473114, 0.8345815539360046
11, 9, 1, 4.890885900000001, 136, 0.46442410349845886, 0.8694707155227661
11, 8, 1, 4.902924799999994, 136, 0.44040447473526, 0.8489542603492737
11, 10, 1, 4.987949800000003, 136, 0.5177635550498962, 0.8664221167564392
11, 1, 1, 5.191772499999999, 136, 0.44863447546958923, 0.8387439846992493
12, 16, 1, 4.7006552, 136, 0.5200999975204468, 0.8504197597503662
12, 10, 1, 4.914562799999992, 136, 0.37784987688064575, 0.882824182510376
12, 13, 1, 4.888862899999992, 136, 0.3332226574420929, 0.8940892815589905
12, 1, 1, 5.252814100000009, 136, 0.315987229347229, 0.8880712389945984
12, 2, 1, 5.316158599999994, 136, 0.3553312122821808, 0.8912913203239441
12, 15, 1, 5.531920499999998, 136, 0.45160314440727234, 0.8918655514717102
12, 20, 1, 5.779564000000008, 136, 0.3138936758041382, 0.9092574119567871
12, 11, 1, 4.413226899999998, 136, 0.44411301612854004, 0.8711122870445251
12, 21, 1, 4.702817399999994, 136, 0.6178085207939148, 0.8223640322685242
12, 23, 1, 4.1785049, 136, 0.485476016998291, 0.8571708798408508
12, 12, 1, 4.239223500000001, 136, 0.47810882329940796, 0.854656994342804
13, 12, 1, 4.802447000000001, 136, 0.3841630220413208, 0.8737688660621643
13, 4, 1, 4.8516487999999995, 136, 0.5714948177337646, 0.8450724482536316
13, 11, 1, 5.084144899999998, 136, 0.3453068733215332, 0.8909321427345276
13, 21, 1, 5.2523894999999925, 136, 0.46313104033470154, 0.8515907526016235
13, 16, 1, 5.2536038000000005, 136, 0.3870922327041626, 0.8701807260513306
13, 7, 1, 5.536103600000004, 136, 0.28781843185424805, 0.9092443585395813
13, 23, 1, 4.705097499999994, 136, 0.39770177006721497, 0.8766542673110962
13, 9, 1, 5.384874199999999, 136, 0.32284948229789734, 0.9049878716468811
13, 22, 1, 4.922401699999995, 136, 0.302225261926651, 0.9220740795135498
13, 8, 1, 5.188137500000003, 136, 0.2953031361103058, 0.9156383872032166
14, 23, 1, 4.221551399999996, 136, 0.3341134786605835, 0.8968973755836487
14, 3, 1, 4.555913099999998, 136, 0.30971965193748474, 0.9212521314620972
14, 19, 1, 4.490029899999996, 136, 0.2787867486476898, 0.9103848338127136
14, 4, 1, 4.404372699999996, 136, 0.44842052459716797, 0.9056089520454407
14, 12, 1, 4.513619399999996, 136, 0.3104333281517029, 0.9026321768760681
14, 0, 1, 5.209752199999997, 136, 0.34985899925231934, 0.910710334777832
14, 14, 1, 5.348773600000001, 136, 0.2748642563819885, 0.9149598479270935
14, 18, 1, 5.881796199999997, 136, 0.2870013415813446, 0.9271008968353271
14, 9, 1, 5.103300000000004, 136, 0.22710536420345306, 0.933418333530426
14, 13, 1, 4.807811000000001, 136, 0.22931361198425293, 0.9385470151901245
14, 5, 1, 4.730665799999997, 136, 0.3485889136791229, 0.8964720368385315
14, 11, 1, 4.4043791, 136, 0.28082728385925293, 0.903738796710968
14, 21, 1, 4.3570794999999976, 136, 0.2802634835243225, 0.9177190065383911
14, 16, 1, 4.733871300000004, 136, 0.28540104627609253, 0.8976840376853943
15, 4, 1, 4.917697000000004, 136, 0.3271941840648651, 0.9345144033432007
15, 11, 1, 5.008902800000001, 136, 0.22670359909534454, 0.9232771992683411
15, 23, 1, 4.671210600000009, 136, 0.2687776982784271, 0.9222625494003296
16, 4, 1, 4.604030000000009, 136, 0.2410845011472702, 0.9426433444023132
16, 19, 1, 5.035014500000003, 136, 0.2038733959197998, 0.9309641718864441
16, 5, 1, 5.258032400000005, 136, 0.24314813315868378, 0.9269765615463257
16, 23, 1, 4.431671500000007, 136, 0.20469148457050323, 0.945789635181427
16, 13, 1, 5.066443899999996, 136, 0.17334485054016113, 0.9559406042098999
16, 1, 1, 5.688810899999993, 136, 0.21981607377529144, 0.9407471418380737
16, 0, 1, 5.68132700000001, 136, 0.24359315633773804, 0.9334389567375183
16, 6, 1, 5.607504800000001, 136, 0.2833912670612335, 0.9235618114471436
16, 17, 1, 5.919257599999995, 136, 0.25687918066978455, 0.9307606816291809
16, 2, 1, 5.95343720000001, 136, 0.2549169659614563, 0.9326565861701965
16, 10, 1, 5.3944991999999985, 136, 0.23362252116203308, 0.927434504032135
17, 12, 1, 4.953885099999994, 136, 0.24033969640731812, 0.9301024079322815
17, 3, 1, 5.3597541000000035, 136, 0.2178020030260086, 0.9448853731155396
17, 10, 1, 5.569042600000003, 136, 0.15202106535434723, 0.9522484540939331
17, 2, 1, 5.9204395000000005, 136, 0.19218190014362335, 0.9527196884155273
17, 5, 1, 5.399718500000006, 136, 0.1703159362077713, 0.9573939442634583
17, 16, 1, 5.302112699999995, 136, 0.2204732596874237, 0.9227341413497925
17, 6, 1, 5.876407300000011, 136, 0.18292869627475739, 0.9580579400062561
17, 17, 1, 6.052876500000011, 136, 0.17799745500087738, 0.9551407098770142
17, 15, 1, 6.209412100000009, 136, 0.28542032837867737, 0.9172606468200684
17, 20, 1, 6.457315399999999, 136, 0.228343665599823, 0.9312176704406738
18, 4, 1, 4.2669467999999995, 136, 0.1784481704235077, 0.9568689465522766
18, 12, 1, 4.292425500000007, 136, 0.1834401935338974, 0.9447662234306335
18, 16, 1, 4.576127700000001, 136, 0.180072620511055, 0.9396142363548279
18, 21, 1, 4.607272099999989, 136, 0.1599350869655609, 0.961179792881012
18, 7, 1, 5.131656000000007, 136, 0.19599659740924835, 0.9429406523704529
18, 17, 1, 5.197627799999992, 136, 0.12430927902460098, 0.9720972776412964
18, 14, 1, 5.0510341999999895, 136, 0.18823124468326569, 0.9406989812850952
18, 15, 1, 5.509397500000006, 136, 0.17873865365982056, 0.9578277468681335
18, 13, 1, 4.807477300000002, 136, 0.13680730760097504, 0.9658545255661011
18, 3, 1, 4.709638400000003, 136, 0.16342519223690033, 0.9566574692726135
18, 20, 1, 5.944960900000012, 136, 0.16333404183387756, 0.9559162259101868
18, 22, 1, 4.6778685999999965, 136, 0.20439304411411285, 0.943497359752655
19, 16, 1, 5.178359599999993, 136, 0.15283162891864777, 0.9485944509506226
19, 13, 1, 5.314479900000009, 136, 0.11020628362894058, 0.9726924896240234
19, 10, 1, 5.452358599999997, 136, 0.11177992075681686, 0.9646448493003845
19, 7, 1, 5.535386299999999, 136, 0.132717102766037, 0.9716761708259583
19, 17, 1, 5.872038000000003, 136, 0.08408171683549881, 0.9861481785774231
19, 20, 1, 6.446765799999994, 136, 0.124404676258564, 0.9734517931938171
19, 12, 1, 4.776572999999999, 136, 0.13661964237689972, 0.9616785049438477
19, 9, 1, 5.499417399999999, 136, 0.15998558700084686, 0.9538213610649109
19, 22, 1, 5.058301999999998, 136, 0.15423178672790527, 0.95774906873703
19, 8, 1, 5.218574200000006, 136, 0.19361862540245056, 0.9546906352043152
20, 23, 1, 4.465904500000008, 136, 0.15244856476783752, 0.9622095823287964
20, 16, 1, 4.9099875, 136, 0.1311124712228775, 0.9555715322494507
20, 7, 1, 5.1682262000000065, 136, 0.08817511796951294, 0.9916428327560425
20, 14, 1, 5.091322899999994, 136, 0.12914393842220306, 0.9634730815887451
20, 17, 1, 5.332678700000002, 136, 0.05744709074497223, 0.9948851466178894
20, 0, 1, 5.375119599999991, 136, 0.16787505149841309, 0.9521956443786621
20, 2, 1, 5.4293184, 136, 0.14605677127838135, 0.9649494290351868
20, 11, 1, 4.639246099999994, 136, 0.17992307245731354, 0.9482572674751282
20, 3, 1, 4.9170164000000085, 136, 0.1301085501909256, 0.968117356300354
20, 9, 1, 5.201746400000005, 136, 0.11727478355169296, 0.9649636149406433
20, 22, 1, 4.680388199999996, 136, 0.12093746662139893, 0.9699844121932983
21, 4, 1, 4.669365099999993, 136, 0.1453063189983368, 0.969349205493927
21, 16, 1, 4.933512399999998, 136, 0.11171910166740417, 0.9649568796157837
21, 17, 1, 5.60967740000001, 136, 0.03970172256231308, 0.9982486367225647
21, 2, 1, 5.5592009000000076, 136, 0.11547093093395233, 0.9716438055038452
21, 0, 1, 5.641325299999991, 136, 0.1273312121629715, 0.9639511108398438
21, 18, 1, 6.259060000000005, 136, 0.17247481644153595, 0.9549679756164551
21, 11, 1, 4.796442599999992, 136, 0.14639487862586975, 0.962729275226593
21, 10, 1, 5.241994899999995, 136, 0.08738745748996735, 0.9732464551925659
21, 23, 1, 4.559390899999997, 136, 0.11374568194150925, 0.9713508486747742
22, 23, 1, 5.050718000000003, 136, 0.08424116671085358, 0.9781638979911804
22, 19, 1, 5.533383100000009, 136, 0.15248768031597137, 0.956484317779541
22, 16, 1, 5.789057, 136, 0.09445208311080933, 0.9722716212272644
22, 1, 1, 6.228499900000003, 136, 0.1621886044740677, 0.9657115340232849
22, 0, 1, 6.445670100000001, 136, 0.09303495287895203, 0.9735400676727295
22, 18, 1, 7.280390199999999, 136, 0.10478069633245468, 0.978543758392334
22, 11, 1, 5.335767000000004, 136, 0.11995845288038254, 0.9720176458358765
22, 9, 1, 6.011512699999997, 136, 0.10612904280424118, 0.9727820158004761
22, 8, 1, 5.516444000000007, 136, 0.13688158988952637, 0.9713398218154907
23, 12, 1, 4.958004400000007, 136, 0.1036926731467247, 0.9731652140617371
23, 11, 1, 5.238623699999991, 136, 0.07610052824020386, 0.982384979724884
23, 16, 1, 5.481031300000012, 136, 0.07937223464250565, 0.9782134294509888
23, 1, 1, 6.0991955000000075, 136, 0.12571808695793152, 0.9731507301330566
23, 0, 1, 6.191918799999996, 136, 0.08534456044435501, 0.9821059703826904
23, 18, 1, 6.899404599999997, 136, 0.06522607058286667, 0.9909136891365051
23, 9, 1, 5.588727700000007, 136, 0.06855015456676483, 0.9817083477973938
24, 4, 1, 5.273516999999998, 136, 0.09763753414154053, 0.9770477414131165
24, 19, 1, 5.479661000000007, 136, 0.11824475973844528, 0.9694483280181885
24, 14, 1, 6.028491199999991, 136, 0.0927092507481575, 0.9771838188171387
24, 10, 1, 5.9980727999999885, 136, 0.06894709169864655, 0.9812155961990356
24, 23, 1, 4.981250700000004, 136, 0.06588122248649597, 0.9843152761459351
24, 2, 1, 6.242017500000003, 136, 0.09305918216705322, 0.9771391749382019
24, 1, 1, 6.206364799999989, 136, 0.09566263854503632, 0.9801487922668457
24, 5, 1, 5.72691189999999, 136, 0.1222415640950203, 0.969757080078125
24, 3, 1, 5.681501799999992, 136, 0.10947076976299286, 0.9780389070510864
24, 22, 1, 5.25049469999999, 136, 0.09655442833900452, 0.9772935509681702
25, 5, 1, 4.9894946000000004, 136, 0.09025191515684128, 0.9784570932388306
25, 10, 1, 5.095796700000008, 136, 0.053218353539705276, 0.988489031791687
25, 19, 1, 5.0381465000000105, 136, 0.09236427396535873, 0.9810298681259155
25, 2, 1, 5.46987009999998, 136, 0.07672619819641113, 0.9805963039398193
25, 1, 1, 5.570443000000012, 136, 0.07372266054153442, 0.9843195676803589
25, 14, 1, 5.284660400000007, 136, 0.06924833357334137, 0.986142098903656
25, 4, 1, 4.8072284, 136, 0.07866629213094711, 0.980897068977356
25, 3, 1, 4.9002555, 136, 0.09502311795949936, 0.9815616011619568
25, 13, 1, 4.9427874, 136, 0.08887329697608948, 0.9784903526306152
25, 6, 1, 5.5605508000000015, 136, 0.12838159501552582, 0.9724602103233337
25, 8, 1, 5.088288000000006, 136, 0.10229191929101944, 0.9795877933502197
26, 23, 1, 4.584777799999998, 136, 0.05311344563961029, 0.9890941977500916
26, 5, 1, 5.082771000000008, 136, 0.06951628625392914, 0.9836902022361755
26, 10, 1, 5.234995900000001, 136, 0.04146493598818779, 0.9919043779373169
26, 14, 1, 5.367057199999991, 136, 0.052765123546123505, 0.9918408393859863
26, 6, 1, 5.4944103999999925, 136, 0.09852296113967896, 0.9791717529296875
26, 2, 1, 5.707823000000019, 136, 0.06288166344165802, 0.9846729040145874
26, 21, 1, 4.895533999999998, 136, 0.10031159967184067, 0.9811253547668457
26, 12, 1, 4.517346599999996, 136, 0.0814080759882927, 0.9793728590011597
26, 20, 1, 6.207893499999997, 136, 0.07606000453233719, 0.9846767783164978
26, 3, 1, 4.98810859999999, 136, 0.08402279764413834, 0.9824311137199402
26, 8, 1, 5.162507099999999, 136, 0.07830682396888733, 0.9856917858123779
27, 21, 1, 5.608741600000002, 136, 0.06690008193254471, 0.9914997220039368
27, 5, 1, 5.729776400000006, 136, 0.05548303946852684, 0.9878766536712646
27, 3, 1, 5.58571139999998, 136, 0.0752379521727562, 0.9833675026893616
27, 14, 1, 5.951302199999986, 136, 0.04066517949104309, 0.9947638511657715
27, 2, 1, 6.159000699999979, 136, 0.05039115622639656, 0.9891291260719299
28, 16, 1, 5.105908199999988, 136, 0.06670968979597092, 0.9833899736404419
28, 3, 1, 5.142038000000014, 136, 0.0680956095457077, 0.9835236072540283
28, 1, 1, 5.657830000000018, 136, 0.05922667682170868, 0.9872069954872131
28, 13, 1, 5.064296799999994, 136, 0.07207822799682617, 0.9824514985084534
28, 4, 1, 4.749658000000011, 136, 0.0652991309762001, 0.9830009937286377
28, 6, 1, 5.624937100000011, 136, 0.07954574376344681, 0.9833741188049316
28, 15, 1, 5.974007599999993, 136, 0.10317427664995193, 0.9888215661048889
28, 0, 1, 5.833082100000013, 136, 0.08669781684875488, 0.985797107219696
28, 20, 1, 6.22723400000001, 136, 0.09832103550434113, 0.986508309841156
28, 9, 1, 5.454004900000001, 136, 0.056037306785583496, 0.9849903583526611
28, 22, 1, 4.921794200000008, 136, 0.07500232011079788, 0.9836174249649048
29, 4, 1, 5.656059099999993, 136, 0.05561280623078346, 0.9849376082420349
29, 19, 1, 5.838432600000004, 136, 0.072513148188591, 0.9871039390563965
29, 3, 1, 5.912517799999989, 136, 0.062040235847234726, 0.9835458993911743
29, 13, 1, 5.978651699999972, 136, 0.058842770755290985, 0.9862355589866638
29, 16, 1, 6.072349299999985, 136, 0.05558425188064575, 0.9874637126922607
29, 12, 1, 5.4374011999999965, 136, 0.06446793675422668, 0.985336184501648
29, 6, 1, 6.438651099999987, 136, 0.06621409207582474, 0.9862709045410156
29, 9, 1, 6.112356199999994, 136, 0.04633494094014168, 0.9882515072822571
29, 22, 1, 5.439278000000002, 136, 0.057266321033239365, 0.9886124134063721
29, 8, 1, 5.672954799999999, 136, 0.061752546578645706, 0.9893016815185547
30, 12, 1, 5.607212299999986, 136, 0.05353700742125511, 0.9884400367736816
30, 19, 1, 5.938170200000002, 136, 0.05633259564638138, 0.9915235042572021
30, 16, 1, 6.062340799999987, 136, 0.046037208288908005, 0.9892642498016357
30, 3, 1, 6.140863700000011, 136, 0.05474264919757843, 0.983969509601593
30, 6, 1, 6.516308500000008, 136, 0.05638120323419571, 0.9877805113792419
30, 4, 1, 5.652316100000007, 136, 0.04847387596964836, 0.9871371984481812
30, 9, 1, 6.163273900000007, 136, 0.038132112473249435, 0.9903628826141357
30, 8, 1, 5.626854399999985, 136, 0.0490068756043911, 0.9925614595413208
31, 11, 1, 5.19065710000001, 136, 0.057191770523786545, 0.988811731338501
31, 12, 1, 5.299171000000001, 136, 0.04407418519258499, 0.9915438294410706
31, 21, 1, 5.663931399999996, 136, 0.04595889151096344, 0.9957610368728638
31, 3, 1, 5.7287042999999755, 136, 0.04780277982354164, 0.9849058985710144
31, 13, 1, 5.885014000000012, 136, 0.050286129117012024, 0.9885370135307312
31, 4, 1, 5.43441279999999, 136, 0.04124987870454788, 0.9899106025695801
31, 1, 1, 6.341735799999981, 136, 0.042470358312129974, 0.9915782809257507
31, 0, 1, 6.400956199999996, 136, 0.04400814697146416, 0.9929988384246826
31, 6, 1, 6.244409999999988, 136, 0.047809865325689316, 0.9893105030059814
31, 22, 1, 5.525058100000024, 136, 0.04363148659467697, 0.9928054213523865
32, 12, 1, 4.594347399999975, 136, 0.03729821741580963, 0.9935479164123535
32, 5, 1, 5.231950600000005, 136, 0.04563480615615845, 0.989904522895813
32, 3, 1, 5.160512400000016, 136, 0.04272133484482765, 0.9860206842422485
32, 13, 1, 5.253973799999983, 136, 0.042969610542058945, 0.9902409911155701
32, 21, 1, 5.306333499999994, 136, 0.03324953466653824, 0.9973227381706238
32, 1, 1, 5.765762799999976, 136, 0.03241778910160065, 0.9942250847816467
32, 6, 1, 5.657807999999989, 136, 0.041682254523038864, 0.9903304576873779
32, 11, 1, 5.015848299999988, 136, 0.045503169298172, 0.992376983165741
33, 12, 1, 4.977235000000007, 136, 0.03185267001390457, 0.9949654340744019
33, 11, 1, 5.329854099999977, 136, 0.11149489879608154, 0.9864662289619446
33, 5, 1, 5.617724800000019, 136, 0.03667227551341057, 0.9929789304733276
33, 3, 1, 5.597225600000002, 136, 0.0382770299911499, 0.988071858882904
33, 0, 1, 6.137888900000007, 136, 0.03387441113591194, 0.9946237802505493
33, 6, 1, 5.795789600000006, 136, 0.037236057221889496, 0.9914728403091431
34, 4, 1, 5.16836840000002, 136, 0.0358053483068943, 0.9918232560157776
34, 23, 1, 5.018080000000026, 136, 0.04451259225606918, 0.9918880462646484
34, 11, 1, 5.265611400000012, 136, 0.03284119442105293, 0.9955199956893921
34, 3, 1, 5.527092100000004, 136, 0.034109052270650864, 0.9894319176673889
34, 6, 1, 5.859443900000002, 136, 0.032071176916360855, 0.9931456446647644
34, 9, 1, 5.545895299999984, 136, 0.057633206248283386, 0.9911782145500183
35, 19, 1, 5.128069799999992, 136, 0.04358145222067833, 0.9944698810577393
35, 3, 1, 5.3219952999999975, 136, 0.029850317165255547, 0.9911040663719177
35, 13, 1, 5.413992199999996, 136, 0.03637855127453804, 0.9923654198646545
35, 1, 1, 5.943118700000014, 136, 0.025515884160995483, 0.9957690834999084
35, 6, 1, 5.7886683999999775, 136, 0.029370764270424843, 0.9928804636001587
35, 16, 1, 5.333401999999978, 136, 0.038212306797504425, 0.991694986820221
35, 9, 1, 5.523685200000017, 136, 0.027272148057818413, 0.9946065545082092
35, 22, 1, 4.947884000000016, 136, 0.03301580250263214, 0.9957840442657471
36, 4, 1, 5.034793800000017, 136, 0.031183794140815735, 0.9936164021492004
36, 23, 1, 4.894012000000004, 136, 0.03562645614147186, 0.9944612979888916
36, 13, 1, 5.432684800000004, 136, 0.03194481134414673, 0.9929850101470947
36, 3, 1, 5.366658000000001, 136, 0.026509210467338562, 0.9928208589553833
36, 6, 1, 5.625815299999999, 136, 0.026034140959382057, 0.9936556220054626
36, 9, 1, 5.329668099999992, 136, 0.02328362688422203, 0.9955054521560669
37, 4, 1, 4.985095599999994, 136, 0.027397582307457924, 0.994692325592041
37, 13, 1, 5.4731531999999845, 136, 0.027754008769989014, 0.9940915107727051
37, 10, 1, 5.753719199999978, 136, 0.0647912323474884, 0.9913772940635681
37, 3, 1, 5.441785899999985, 136, 0.023516587913036346, 0.9939578771591187
37, 6, 1, 5.656456699999978, 136, 0.023363670334219933, 0.9940840601921082
38, 4, 1, 4.929153899999989, 136, 0.023733824491500854, 0.9961507320404053
38, 10, 1, 5.543507800000015, 136, 0.031599339097738266, 0.9962473511695862
38, 23, 1, 4.813486400000016, 136, 0.030811600387096405, 0.9952945709228516
38, 3, 1, 5.2675220999999794, 136, 0.020376497879624367, 0.9951395988464355
38, 6, 1, 5.498248200000006, 136, 0.019927559420466423, 0.9951856136322021
39, 23, 1, 4.6600071999999955, 136, 0.02538401633501053, 0.9962013363838196
39, 13, 1, 5.221960700000011, 136, 0.0242848452180624, 0.9948439002037048
39, 3, 1, 5.180514200000005, 136, 0.0178749468177557, 0.9961651563644409
39, 7, 1, 5.466938999999996, 136, 0.05910642445087433, 0.9977357387542725
39, 0, 1, 5.763886800000023, 136, 0.02807985432446003, 0.9952657222747803
39, 6, 1, 5.659525099999996, 136, 0.0179507564753294, 0.9953488111495972
39, 1, 1, 5.8108048, 136, 0.020857369527220726, 0.9964909553527832
39, 15, 1, 6.0913252, 136, 0.06850425153970718, 0.9958534836769104
39, 8, 1, 5.103942899999993, 136, 0.03905104100704193, 0.9945523738861084
40, 13, 1, 5.137732899999975, 136, 0.02151288464665413, 0.9955298900604248
40, 14, 1, 5.464933799999983, 136, 0.031608644872903824, 0.9966984987258911
40, 1, 1, 5.720927599999982, 136, 0.017461899667978287, 0.9972729682922363
40, 0, 1, 5.821959700000008, 136, 0.023361245170235634, 0.9966097474098206
40, 6, 1, 5.625751399999984, 136, 0.01647252030670643, 0.9958792328834534
40, 15, 1, 6.109242899999998, 136, 0.04675351083278656, 0.9980509281158447
40, 16, 1, 5.1683041, 136, 0.03170965984463692, 0.9936755895614624
40, 3, 1, 5.472231999999991, 136, 0.015701565891504288, 0.9966333508491516
40, 8, 1, 5.013388300000003, 136, 0.031746622174978256, 0.9960401058197021
41, 16, 1, 5.183500899999984, 136, 0.026083437725901604, 0.9954085946083069
41, 13, 1, 5.218801000000013, 136, 0.019740859046578407, 0.9956626892089844
41, 0, 1, 5.746989799999994, 136, 0.01975342072546482, 0.9970511198043823
41, 6, 1, 5.550534199999987, 136, 0.015346291474997997, 0.9961444139480591
41, 22, 1, 4.866148700000025, 136, 0.02541814185678959, 0.9975712299346924
41, 8, 1, 5.102391300000022, 136, 0.026424916461110115, 0.9971995949745178
42, 23, 1, 5.287302600000004, 136, 0.02143928036093712, 0.9969856142997742
42, 16, 1, 5.771823999999981, 136, 0.021860508248209953, 0.9965339303016663
42, 13, 1, 5.8971421999999905, 136, 0.01752711646258831, 0.9965035915374756
42, 5, 1, 5.965322200000003, 136, 0.029767032712697983, 0.995159387588501
42, 0, 1, 6.440864300000015, 136, 0.017357755452394485, 0.9974322319030762
42, 3, 1, 5.917584000000005, 136, 0.013750756159424782, 0.997324526309967
42, 9, 1, 5.875223299999988, 136, 0.07407519966363907, 0.991512656211853
43, 16, 1, 5.567633699999988, 136, 0.018236715346574783, 0.9973891973495483
43, 13, 1, 5.46466989999999, 136, 0.015346605330705643, 0.9973666071891785
43, 19, 1, 5.3959957000000145, 136, 0.03309360146522522, 0.9971216320991516
43, 23, 1, 4.889536300000003, 136, 0.018210187554359436, 0.997769832611084
43, 5, 1, 5.705871599999995, 136, 0.024852564558386803, 0.9962932467460632
43, 2, 1, 6.389295299999986, 136, 0.040784262120723724, 0.9926461577415466
43, 6, 1, 6.408787999999987, 136, 0.014025387354195118, 0.996776819229126
43, 9, 1, 6.024685699999992, 136, 0.017579305917024612, 0.9973450899124146
43, 20, 1, 6.966951200000011, 136, 0.03948645293712616, 0.9962462782859802
43, 10, 1, 6.021658900000006, 136, 0.024801040068268776, 0.9972382187843323
44, 16, 1, 4.982595000000003, 136, 0.015449543483555317, 0.998199462890625
44, 5, 1, 5.124911400000002, 136, 0.02128821425139904, 0.9971653819084167
44, 6, 1, 5.259950800000013, 136, 0.012947351671755314, 0.9967360496520996
45, 12, 1, 4.763825099999991, 136, 0.027614377439022064, 0.9960163235664368
45, 23, 1, 4.72971579999998, 136, 0.01559304166585207, 0.998186469078064
45, 11, 1, 5.041464300000001, 136, 0.025975361466407776, 0.9969508051872253
45, 10, 1, 5.525344700000005, 136, 0.02013617567718029, 0.998102605342865
45, 0, 1, 5.890327799999994, 136, 0.014818696305155754, 0.9978936314582825
45, 2, 1, 6.076367400000009, 136, 0.15866516530513763, 0.9830942153930664
45, 6, 1, 5.8297423999999864, 136, 0.01262805424630642, 0.9966748356819153
45, 9, 1, 5.5751037, 136, 0.02946707233786583, 0.9965716004371643
45, 8, 1, 5.217156399999993, 136, 0.021784471347928047, 0.9981403946876526
46, 12, 1, 5.036101599999995, 136, 0.023429706692695618, 0.9971894025802612
46, 11, 1, 5.245883800000001, 136, 0.02096574567258358, 0.9978655576705933
46, 2, 1, 6.078051999999985, 136, 0.04154498875141144, 0.992885947227478
47, 12, 1, 4.742562700000008, 136, 0.020620815455913544, 0.9976293444633484
47, 11, 1, 4.9871306, 136, 0.017438333481550217, 0.9983346462249756
47, 2, 1, 5.8788204000000235, 136, 0.030748657882213593, 0.9957435727119446
47, 6, 1, 5.543193000000031, 136, 0.010820034891366959, 0.9973072409629822
48, 12, 1, 4.518207100000012, 136, 0.018520785495638847, 0.9980692863464355
48, 11, 1, 4.775119999999987, 136, 0.015112727880477905, 0.9985691905021667
48, 4, 1, 4.753662800000001, 136, 0.02101995050907135, 0.9972743988037109
48, 3, 1, 5.124047599999983, 136, 0.011544355191290379, 0.9981940388679504
48, 13, 1, 5.1136663000000055, 136, 0.014440707862377167, 0.9973223805427551
48, 14, 1, 5.320443299999994, 136, 0.025381190702319145, 0.9976658225059509
48, 2, 1, 5.758610599999997, 136, 0.024207407608628273, 0.9970424771308899
48, 20, 1, 6.114479399999993, 136, 0.02856164239346981, 0.9982047080993652
48, 6, 1, 5.569149299999992, 136, 0.01044441107660532, 0.997103214263916
49, 21, 1, 5.6413321, 136, 0.024376675486564636, 0.998482882976532
49, 13, 1, 5.705824199999995, 136, 0.012595832347869873, 0.9978313446044922
49, 3, 1, 5.768950700000005, 136, 0.010160149075090885, 0.9985061883926392
49, 14, 1, 5.977212500000007, 136, 0.020609233528375626, 0.9985069632530212
49, 0, 1, 6.364280600000001, 136, 0.012649279087781906, 0.9982748031616211
49, 6, 1, 6.1283054999999536, 136, 0.00975410733371973, 0.9976540207862854
49, 4, 1, 5.381542599999989, 136, 0.018341640010476112, 0.9976091384887695
50, 11, 1, 6.341591599999987, 136, 0.012867539189755917, 0.9987803101539612
50, 13, 1, 6.740722500000004, 136, 0.011415932327508926, 0.9980304837226868
50, 14, 1, 6.8046574999999905, 136, 0.01703299768269062, 0.9988223910331726
50, 1, 1, 6.974047900000016, 136, 0.014446493238210678, 0.997854471206665
50, 2, 1, 7.158611000000008, 136, 0.019809160381555557, 0.9976419806480408
50, 15, 1, 7.300884699999983, 136, 0.03249049186706543, 0.9991018772125244
50, 5, 1, 6.736374400000017, 136, 0.01786075532436371, 0.9976450800895691
50, 6, 1, 6.980003600000032, 136, 0.009013962931931019, 0.9977968335151672
51, 5, 1, 6.0242886000000055, 136, 0.01594371721148491, 0.9979940056800842
51, 2, 1, 6.574034800000021, 136, 0.015882764011621475, 0.9981215596199036
52, 12, 1, 5.573309800000004, 136, 0.01639465056359768, 0.998753547668457
52, 23, 1, 5.649936800000006, 136, 0.013658987358212471, 0.998603105545044
52, 4, 1, 5.8418324000000155, 136, 0.016033044084906578, 0.9981590509414673
52, 14, 1, 6.581498500000009, 136, 0.014330597594380379, 0.999221920967102
52, 2, 1, 6.909575000000018, 136, 0.013198522850871086, 0.9985612034797668
52, 1, 1, 6.799608199999994, 136, 0.012184159830212593, 0.9982554912567139
53, 12, 1, 4.953652900000009, 136, 0.01463859062641859, 0.998753547668457
53, 23, 1, 4.999589600000007, 136, 0.012327145785093307, 0.9984805583953857
53, 4, 1, 5.176669300000015, 136, 0.014281784184277058, 0.9986132979393005
53, 11, 1, 5.311453099999994, 136, 0.011202684603631496, 0.9990852475166321
53, 13, 1, 5.5179708000000005, 136, 0.010647985152900219, 0.9981411695480347
53, 14, 1, 5.776060999999999, 136, 0.012273328378796577, 0.9994322061538696
53, 2, 1, 5.979408700000022, 136, 0.01130328606814146, 0.9987010955810547
53, 9, 1, 5.612050899999986, 136, 0.01305684819817543, 0.9985994100570679
54, 12, 1, 6.189838399999985, 136, 0.013497231528162956, 0.9987291097640991
54, 4, 1, 6.467890000000011, 136, 0.012762445956468582, 0.9988045692443848
54, 11, 1, 6.541345500000006, 136, 0.009870571084320545, 0.9993432760238647
54, 13, 1, 6.665671799999984, 136, 0.009749635122716427, 0.9985837340354919
54, 2, 1, 7.443525899999997, 136, 0.009988585487008095, 0.9990407824516296
54, 23, 1, 6.216176599999983, 136, 0.010533373802900314, 0.9989951848983765
55, 4, 1, 5.9315871000000016, 136, 0.011332754045724869, 0.9990436434745789
55, 11, 1, 6.2206388000000175, 136, 0.008665802888572216, 0.9993432760238647
55, 13, 1, 6.3960972000000424, 136, 0.008740548975765705, 0.9990041851997375
55, 23, 1, 5.895133099999981, 136, 0.00930857378989458, 0.99916672706604
55, 2, 1, 7.052955999999995, 136, 0.008864880539476871, 0.9989408850669861
56, 12, 1, 5.094544799999994, 136, 0.011637086048722267, 0.9991446137428284
56, 11, 1, 5.361367000000001, 136, 0.007747023366391659, 0.9993667006492615
56, 13, 1, 5.53628070000002, 136, 0.008184731937944889, 0.9988271594047546
56, 23, 1, 5.0500973999999985, 136, 0.008436141535639763, 0.9992892742156982
56, 9, 1, 5.349536399999977, 136, 0.011375936679542065, 0.9986621141433716
57, 11, 1, 6.273479500000008, 136, 0.006996154319494963, 0.9994136095046997
57, 19, 1, 6.623588099999978, 136, 0.025194795802235603, 0.9983001947402954
57, 1, 1, 7.155775500000004, 136, 0.010564716532826424, 0.9984560012817383
57, 0, 1, 7.297856299999978, 136, 0.011254638433456421, 0.9985556602478027
57, 2, 1, 7.213823400000024, 136, 0.007446338888257742, 0.9993205666542053
57, 13, 1, 6.439902399999994, 136, 0.007463469635695219, 0.9990262985229492
57, 6, 1, 7.004701799999964, 136, 0.008325913920998573, 0.9979192018508911
57, 8, 1, 5.71511559999999, 136, 0.018283821642398834, 0.9984685182571411
58, 4, 1, 4.7460495000000265, 136, 0.01012619398534298, 0.9991393089294434
58, 21, 1, 5.150409400000001, 136, 0.01909591257572174, 0.9988844990730286
58, 5, 1, 5.1267554000000075, 136, 0.013243379071354866, 0.9986699223518372
58, 0, 1, 5.620567700000038, 136, 0.00999902468174696, 0.9988364577293396
58, 2, 1, 5.709145100000001, 136, 0.006938703823834658, 0.9992006421089172
58, 6, 1, 5.676982299999963, 136, 0.007853534072637558, 0.9978784322738647
58, 11, 1, 4.799723400000005, 136, 0.006368006579577923, 0.9995778203010559
58, 12, 1, 4.4779986000000065, 136, 0.011094965040683746, 0.9989002346992493
58, 9, 1, 5.379933200000039, 136, 0.009787850081920624, 0.9992474317550659
58, 22, 1, 4.773257900000004, 136, 0.019750868901610374, 0.9987627267837524
59, 12, 1, 4.574869300000017, 136, 0.009774606674909592, 0.9993889927864075
59, 4, 1, 4.664872500000001, 136, 0.009376180358231068, 0.999282717704773
59, 22, 1, 4.585049700000013, 136, 0.01549680158495903, 0.9994500875473022
60, 12, 1, 4.745064200000002, 136, 0.00928780809044838, 0.99924236536026
60, 4, 1, 4.902933500000017, 136, 0.008390061557292938, 0.9994739890098572
60, 0, 1, 5.824670099999992, 136, 0.009028851054608822, 0.9988364577293396
60, 2, 1, 5.829127999999969, 136, 0.006173721514642239, 0.9993205666542053
60, 6, 1, 5.753311999999994, 136, 0.007648495025932789, 0.9981844425201416
60, 20, 1, 6.37468419999999, 136, 0.021067606285214424, 0.9991477131843567
60, 21, 1, 5.327937400000025, 136, 0.015338437631726265, 0.9990406632423401
60, 9, 1, 5.4606992999999875, 136, 0.008820249699056149, 0.9992683529853821
61, 12, 1, 4.701550499999996, 136, 0.008421448990702629, 0.99924236536026
61, 13, 1, 5.137222899999983, 136, 0.0072088525630533695, 0.9991148114204407
61, 16, 1, 5.213080600000012, 136, 0.012914715334773064, 0.9988071322441101
61, 3, 1, 5.2001533999999765, 136, 0.008599502965807915, 0.9991081953048706
61, 21, 1, 5.213904100000008, 136, 0.012337643653154373, 0.9994422197341919
61, 0, 1, 5.834449399999983, 136, 0.008027021773159504, 0.9990370869636536
61, 1, 1, 5.766024200000004, 136, 0.009289214387536049, 0.998676598072052
61, 20, 1, 6.307370099999986, 136, 0.015984680503606796, 0.9993653297424316
61, 4, 1, 4.871963899999969, 136, 0.007579198572784662, 0.9995218515396118
62, 16, 1, 5.140434099999993, 136, 0.011179216206073761, 0.9990097284317017
62, 13, 1, 5.302819699999986, 136, 0.006345262285321951, 0.9992476105690002
62, 21, 1, 5.392209100000002, 136, 0.01031904574483633, 0.9995091557502747
62, 14, 1, 5.746581999999989, 136, 0.010547229088842869, 0.9995163679122925
62, 0, 1, 5.901364599999965, 136, 0.007177201099693775, 0.9991976022720337
62, 1, 1, 5.862733600000013, 136, 0.008005712181329727, 0.999037504196167
62, 4, 1, 4.941324300000019, 136, 0.007025719620287418, 0.9995935559272766
62, 9, 1, 5.488477999999986, 136, 0.0078122601844370365, 0.9994983077049255
62, 8, 1, 5.156332399999997, 136, 0.015692081302404404, 0.9987092018127441
63, 4, 1, 5.104416700000002, 136, 0.006500113755464554, 0.9995218515396118
63, 3, 1, 5.45892090000001, 136, 0.007581205572932959, 0.9991527795791626
63, 14, 1, 5.778220900000008, 136, 0.009277036413550377, 0.9995373487472534
63, 1, 1, 5.914036299999964, 136, 0.007187200244516134, 0.9992179870605469
63, 2, 1, 5.986964200000045, 136, 0.005657922010868788, 0.9994204640388489
63, 9, 1, 5.450374300000021, 136, 0.007000265177339315, 0.9996027946472168
63, 8, 1, 5.156406000000004, 136, 0.013581563718616962, 0.9989279508590698
64, 12, 1, 4.804427599999997, 136, 0.007788062561303377, 0.9993156790733337
64, 5, 1, 5.640580799999952, 136, 0.011887572705745697, 0.9989969730377197
64, 13, 1, 5.504644400000018, 136, 0.005880710203200579, 0.9993361234664917
64, 10, 1, 5.890838500000001, 136, 0.016067780554294586, 0.9982923269271851
64, 2, 1, 6.012330099999986, 136, 0.004942488856613636, 0.9995803236961365
64, 15, 1, 6.371467299999978, 136, 0.023784227669239044, 0.9994649887084961
64, 8, 1, 5.0914364000000205, 136, 0.011766539886593819, 0.9991905093193054
65, 12, 1, 4.520466499999998, 136, 0.007304873317480087, 0.9993401169776917
65, 13, 1, 5.007069699999988, 136, 0.0055702561512589455, 0.9994246363639832
65, 8, 1, 4.789009599999986, 136, 0.010399118065834045, 0.999212384223938
66, 12, 1, 4.763689999999997, 136, 0.006790807470679283, 0.9993645548820496
66, 5, 1, 5.337776599999984, 136, 0.010520140640437603, 0.9989751577377319
66, 13, 1, 5.301106899999979, 136, 0.005253210198134184, 0.9994467496871948
66, 2, 1, 5.918050100000016, 136, 0.004761326126754284, 0.9994204640388489
66, 1, 1, 5.812260100000003, 136, 0.006353115662932396, 0.9992179870605469
67, 12, 1, 4.797636399999988, 136, 0.006259248126298189, 0.9994134306907654
67, 5, 1, 5.342680799999982, 136, 0.009576702490448952, 0.9990187883377075
67, 14, 1, 5.6166781000000015, 136, 0.00819581001996994, 0.9996004700660706
67, 2, 1, 5.887172099999987, 136, 0.0042428323067724705, 0.9995803236961365
67, 1, 1, 5.793074199999978, 136, 0.005938527639955282, 0.9992581009864807
68, 4, 1, 5.121454699999958, 136, 0.005948424804955721, 0.999737024307251
68, 5, 1, 5.476455999999985, 136, 0.00860113650560379, 0.9991496205329895
68, 1, 1, 5.942534699999953, 136, 0.005227899644523859, 0.9994586110115051
68, 0, 1, 6.047403700000018, 136, 0.006555215455591679, 0.9992778301239014
68, 2, 1, 6.078385500000024, 136, 0.003891989588737488, 0.999660313129425
68, 14, 1, 5.701119200000051, 136, 0.007277128752321005, 0.9996424913406372
69, 4, 1, 5.088053399999978, 136, 0.005525919608771801, 0.999737024307251
69, 21, 1, 5.404560099999998, 136, 0.008820940740406513, 0.9995537996292114
69, 5, 1, 5.548918200000003, 136, 0.007696788292378187, 0.9993894696235657
69, 14, 1, 5.703770700000007, 136, 0.006520468275994062, 0.9996424913406372
69, 2, 1, 5.993883400000016, 136, 0.0036452237982302904, 0.9997402429580688
70, 4, 1, 4.911066500000004, 136, 0.005189497489482164, 0.9997848272323608
70, 13, 1, 5.189744000000019, 136, 0.0048600840382277966, 0.9994910359382629
70, 5, 1, 5.254630600000041, 136, 0.006988618988543749, 0.9994112849235535
70, 7, 1, 5.650796600000007, 136, 0.040955688804388046, 0.9992178082466125
70, 2, 1, 5.742614600000024, 136, 0.0034027588553726673, 0.9997202157974243
70, 1, 1, 5.776844200000028, 136, 0.004686672240495682, 0.9995187520980835
70, 6, 1, 5.729391099999987, 136, 0.006742700003087521, 0.9985924363136292
70, 9, 1, 5.273265000000038, 136, 0.006276382599025965, 0.9997073411941528
71, 13, 1, 5.387727799999993, 136, 0.004434410482645035, 0.9996237754821777
71, 7, 1, 5.666672699999992, 136, 0.02978288196027279, 0.9995059967041016
71, 2, 1, 5.8828743999999915, 136, 0.0030662985518574715, 0.9998201727867126
71, 6, 1, 5.4854693999999995, 136, 0.006452783010900021, 0.9985312223434448
72, 12, 1, 4.906512200000009, 136, 0.005809613037854433, 0.9994623064994812
72, 4, 1, 5.097234500000013, 136, 0.004777316469699144, 0.999737024307251
72, 13, 1, 5.45685739999999, 136, 0.0042549059726297855, 0.9996237754821777
72, 7, 1, 5.745822600000025, 136, 0.022080983966588974, 0.9997941851615906
72, 6, 1, 5.663755999999978, 136, 0.0059177568182349205, 0.9987760186195374
72, 23, 1, 4.943195000000003, 136, 0.0076173897832632065, 0.9992402791976929
73, 12, 1, 4.618449299999952, 136, 0.005514923948794603, 0.9994623064994812
73, 13, 1, 5.027154100000018, 136, 0.004062952473759651, 0.9996016621589661
73, 6, 1, 5.300240099999996, 136, 0.00573135819286108, 0.9986944198608398
74, 12, 1, 4.316158400000006, 136, 0.0053247264586389065, 0.999511182308197
74, 13, 1, 4.69737520000001, 136, 0.005114962346851826, 0.9993361234664917
75, 12, 1, 4.719212499999969, 136, 0.0907498151063919, 0.9929124712944031
75, 23, 1, 4.7797122999999715, 136, 0.029356129467487335, 0.9969120621681213
75, 4, 1, 4.959306099999992, 136, 0.004511924460530281, 0.999713122844696
75, 11, 1, 5.04130310000005, 136, 0.005647573620080948, 0.9996950626373291
75, 13, 1, 5.327765499999998, 136, 0.003626069286838174, 0.999712347984314
75, 15, 1, 5.994303100000025, 136, 0.017712058499455452, 0.9997707009315491
76, 12, 1, 4.9353311999999505, 136, 0.008727199397981167, 0.999511182308197
76, 4, 1, 5.03000069999996, 136, 0.004197924863547087, 0.9998326301574707
76, 11, 1, 5.167207299999973, 136, 0.005024486221373081, 0.9997888803482056
76, 13, 1, 5.35537260000001, 136, 0.0032747723162174225, 0.9998229742050171
76, 22, 1, 4.681059999999974, 136, 0.012699263170361519, 0.9996333718299866
77, 12, 1, 4.854890800000021, 136, 0.007233503740280867, 0.9994867444038391
77, 11, 1, 5.110578800000042, 136, 0.004816296510398388, 0.9996247291564941
77, 19, 1, 5.274087900000012, 136, 0.019436471164226532, 0.9992973804473877
77, 0, 1, 5.927693099999999, 136, 0.005879814736545086, 0.9993781447410583
77, 8, 1, 5.2637201000000005, 136, 0.009260372258722782, 0.9993874430656433
78, 11, 1, 5.020439899999985, 136, 0.004538204055279493, 0.9996950626373291
78, 19, 1, 5.105306100000007, 136, 0.01543385162949562, 0.9995693564414978
78, 0, 1, 5.738877699999989, 136, 0.005523229017853737, 0.9995185732841492
78, 8, 1, 4.984851999999989, 136, 0.008136975578963757, 0.9995624423027039
79, 4, 1, 5.13344410000002, 136, 0.003945145756006241, 0.9998565316200256
79, 11, 1, 5.255839699999967, 136, 0.004061725921928883, 0.9998123645782471
79, 0, 1, 6.073560000000043, 136, 0.004988009110093117, 0.9994984865188599
79, 2, 1, 6.082490699999994, 136, 0.0028210096061229706, 0.9998401403427124
79, 20, 1, 6.535021400000005, 136, 0.012537668459117413, 0.9995466470718384
80, 4, 1, 5.0507826999999565, 136, 0.0036848909221589565, 0.9998565316200256
80, 11, 1, 5.224440399999992, 136, 0.0037767495959997177, 0.9997654557228088
80, 21, 1, 5.418059900000003, 136, 0.007596889045089483, 0.9995091557502747
80, 0, 1, 6.064298699999995, 136, 0.0046450672671198845, 0.999558687210083
80, 20, 1, 6.527103899999986, 136, 0.010163742117583752, 0.9997279644012451
81, 4, 1, 4.9406991000000176, 136, 0.003497942117974162, 0.9998565316200256
81, 11, 1, 5.107316999999966, 136, 0.0035052066668868065, 0.9999061822891235
81, 21, 1, 5.323241100000018, 136, 0.0067428951151669025, 0.9996430277824402
81, 0, 1, 5.893622099999959, 136, 0.0042594498954713345, 0.9995988011360168
81, 8, 1, 5.059812500000021, 136, 0.007351484149694443, 0.9995624423027039
82, 21, 1, 5.541681399999959, 136, 0.005955780390650034, 0.9996207356452942
82, 5, 1, 5.6141329000000155, 136, 0.006288430187851191, 0.9995639324188232
82, 14, 1, 5.781079199999965, 136, 0.0059508332051336765, 0.9997056126594543
82, 8, 1, 4.992839299999957, 136, 0.006809539627283812, 0.999453067779541
83, 21, 1, 5.493285700000001, 136, 0.005647315643727779, 0.9995760917663574
83, 5, 1, 5.605721599999981, 136, 0.005939981434494257, 0.9994331002235413
83, 14, 1, 5.74270150000001, 136, 0.005402753129601479, 0.9997897148132324
83, 8, 1, 4.960877100000005, 136, 0.006071081385016441, 0.9996936917304993
84, 19, 1, 5.355418200000031, 136, 0.012686186470091343, 0.9995467066764832
84, 5, 1, 5.732418400000029, 136, 0.005384278018027544, 0.999607503414154
84, 15, 1, 6.849308399999984, 136, 0.013839411549270153, 0.999866247177124
84, 20, 1, 7.0709295999999995, 136, 0.008332950063049793, 0.9998549222946167
84, 18, 1, 7.422912099999962, 136, 0.04122799634933472, 0.9967164397239685
84, 9, 1, 5.947506099999998, 136, 0.005916764959692955, 0.9996654987335205
84, 22, 1, 5.252821799999992, 136, 0.010615192353725433, 0.9996792078018188
85, 19, 1, 5.783505400000024, 136, 0.010534469969570637, 0.999773383140564
85, 16, 1, 5.909184600000003, 136, 0.009873798117041588, 0.9990547299385071
85, 5, 1, 5.958967599999994, 136, 0.005040460731834173, 0.9996511340141296
85, 15, 1, 6.67574970000004, 136, 0.08090949058532715, 0.9952611327171326
85, 9, 1, 5.639455899999973, 136, 0.005199556238949299, 0.9996654987335205
85, 22, 1, 5.039138999999977, 136, 0.0089258449152112, 0.9997937679290771
86, 16, 1, 4.820479700000021, 136, 0.008507199585437775, 0.9994373321533203
86, 5, 1, 4.967715499999997, 136, 0.0046400036662817, 0.9996729493141174
86, 9, 1, 5.010757099999978, 136, 0.00478254072368145, 0.9997700452804565
87, 21, 1, 5.486269900000025, 136, 0.004842663649469614, 0.999732255935669
87, 16, 1, 5.429903499999966, 136, 0.007597853429615498, 0.9995273351669312
87, 13, 1, 5.545071399999983, 136, 0.003287038067355752, 0.9997565746307373
87, 3, 1, 5.516653399999996, 136, 0.006555110681802034, 0.9996655583381653
87, 5, 1, 5.538538899999992, 136, 0.004224494565278292, 0.999738335609436
87, 19, 1, 5.28015019999998, 136, 0.008898047730326653, 0.9998413324356079
87, 8, 1, 5.037170599999968, 136, 0.005667654797434807, 0.9995843172073364
88, 13, 1, 5.120900600000027, 136, 0.0031619584187865257, 0.9996901750564575
88, 5, 1, 5.195742100000018, 136, 0.004221484065055847, 0.9996293187141418
88, 3, 1, 5.073010899999986, 136, 0.005832468159496784, 0.9997101426124573
89, 16, 1, 5.5769558000000075, 136, 0.006692987401038408, 0.9996849298477173
89, 5, 1, 5.685295900000028, 136, 0.0039078122936189175, 0.9996729493141174
89, 3, 1, 5.524058600000046, 136, 0.005168956238776445, 0.99988853931427
90, 21, 1, 5.330855000000042, 136, 0.004343787208199501, 0.9997768998146057
90, 16, 1, 5.383221400000025, 136, 0.005876615177839994, 0.9998199343681335
90, 5, 1, 5.448359600000003, 136, 0.0036280869971960783, 0.9997165203094482
90, 10, 1, 5.6391945000000305, 136, 0.0138459587469697, 0.9985663890838623
90, 13, 1, 5.3955331999999885, 136, 0.002776034874841571, 0.9998450875282288
90, 8, 1, 4.922412100000031, 136, 0.005115043837577105, 0.9997155666351318
91, 13, 1, 4.621860400000003, 136, 0.0027664615772664547, 0.9997344613075256
91, 8, 1, 4.6567093000000455, 136, 0.0047158957459032536, 0.9998250007629395
92, 21, 1, 5.424404000000038, 136, 0.004073093645274639, 0.999709963798523
92, 16, 1, 5.437020200000006, 136, 0.005512424279004335, 0.9996173977851868
92, 5, 1, 5.548660900000016, 136, 0.0035929365549236536, 0.999738335609436
92, 10, 1, 5.661873300000025, 136, 0.011678655631840229, 0.9992199540138245
92, 8, 1, 4.885076099999992, 136, 0.004395160358399153, 0.9997155666351318
93, 10, 1, 4.588633700000003, 136, 0.01034836657345295, 0.9993464350700378
94, 21, 1, 5.160688199999981, 136, 0.003726062597706914, 0.9997768998146057
94, 14, 1, 5.537290400000018, 136, 0.004968108143657446, 0.9997686743736267
94, 10, 1, 5.465295700000013, 136, 0.008915292099118233, 0.9995783567428589
94, 8, 1, 4.92088849999999, 136, 0.003974762745201588, 0.9998906254768372
95, 21, 1, 5.272002900000018, 136, 0.003442093962803483, 0.9997768998146057
95, 7, 1, 5.637755700000014, 136, 0.01670587807893753, 0.9998559355735779
95, 0, 1, 5.882631500000002, 136, 0.003972834441810846, 0.9997191429138184
95, 6, 1, 5.684658000000013, 136, 0.005527984816581011, 0.9987556338310242
95, 9, 1, 5.380446000000006, 136, 0.004376160446554422, 0.9998118281364441
96, 21, 1, 4.976759399999992, 136, 0.003143242560327053, 0.9998215436935425
96, 6, 1, 5.47105449999998, 136, 0.0046860165894031525, 0.9990615844726562
96, 9, 1, 5.244470799999988, 136, 0.00403005862608552, 0.9998745918273926
97, 21, 1, 4.817241799999977, 136, 0.003134077647700906, 0.9997768998146057
97, 6, 1, 5.404524100000003, 136, 0.004634951241314411, 0.9990615844726562
97, 9, 1, 5.152973000000031, 136, 0.0036887892056256533, 0.9999372959136963
98, 21, 1, 5.469339999999988, 136, 0.002738121896982193, 0.9998438358306885
98, 2, 1, 6.093097499999999, 136, 0.0027450902853161097, 0.9998001456260681
98, 0, 1, 6.086012899999957, 136, 0.0036182734183967113, 0.9996589422225952
98, 6, 1, 5.787702899999999, 136, 0.00404746551066637, 0.9992247819900513
98, 9, 1, 5.402361700000029, 136, 0.003442127723246813, 0.9998745918273926
99, 2, 1, 5.269889200000023, 136, 0.0025676449295133352, 0.9998201727867126
99, 6, 1, 5.0536392000000205, 136, 0.003966223914176226, 0.9992247819900513
100, 21, 1, 4.787337700000023, 136, 0.00257972558028996, 0.9998438358306885
100, 6, 1, 5.313147800000024, 136, 0.00395181542262435, 0.9991227984428406
100, 9, 1, 5.0977110999999695, 136, 0.003196570323780179, 0.9999372959136963
