1, 12, 1, 5.356766299999999, 48216, 1.591444492340088, 0.30877140164375305
1, 9, 1, 6.116587299999999, 48216, 1.662204384803772, 0.2852872312068939
1, 0, 1, 6.216246099999999, 48216, 1.6083053350448608, 0.327830046415329
1, 17, 1, 6.6175221, 48216, 1.6679139137268066, 0.2817338705062866
1, 18, 1, 7.2613253, 48216, 1.6261262893676758, 0.28336143493652344
1, 22, 1, 5.8260935, 48216, 1.6696778535842896, 0.30228668451309204
1, 8, 1, 6.0171741, 48216, 1.6524370908737183, 0.287630170583725
1, 7, 1, 6.1276063999999995, 48216, 1.6663893461227417, 0.2643420398235321
1, 15, 1, 6.3606357000000004, 48216, 1.664388656616211, 0.30248600244522095
1, 10, 1, 5.8093372, 48216, 1.6243064403533936, 0.3052094578742981
1, 2, 1, 6.215938799999999, 48216, 1.65607750415802, 0.36287519335746765
1, 3, 1, 5.779700399999999, 48216, 1.6750327348709106, 0.27789172530174255
1, 16, 1, 5.7967357, 48216, 1.6698150634765625, 0.3484503924846649
1, 4, 1, 5.3249031, 48216, 1.6600548028945923, 0.26741740107536316
1, 1, 1, 6.526392899999999, 48216, 1.6330841779708862, 0.3150528371334076
1, 11, 1, 5.6054762, 48216, 1.6714226007461548, 0.2714969217777252
1, 13, 1, 6.7651237, 48216, 1.6306953430175781, 0.29686427116394043
1, 5, 1, 6.626866, 48216, 1.6472283601760864, 0.2894553244113922
1, 14, 1, 6.8542923, 48216, 1.645262598991394, 0.31620892882347107
1, 6, 1, 7.1027307, 48216, 1.6547200679779053, 0.2668706774711609
1, 20, 1, 7.7526437, 48216, 1.6519954204559326, 0.29710763692855835
1, 19, 1, 6.4028621, 48216, 1.6597330570220947, 0.2781378924846649
1, 21, 1, 6.4492653, 48216, 1.66118323802948, 0.2785685658454895
1, 23, 1, 5.7808983000000005, 48216, 1.5873433351516724, 0.3204587697982788
2, 4, 1, 4.8519428000000016, 48216, 1.4815328121185303, 0.3147563636302948
2, 16, 1, 5.121264400000001, 48216, 1.4763075113296509, 0.4808354675769806
2, 12, 1, 4.690931000000001, 48216, 1.4461326599121094, 0.36847764253616333
2, 5, 1, 5.248869900000001, 48216, 1.4944584369659424, 0.47102177143096924
2, 3, 1, 5.1862648, 48216, 1.4987214803695679, 0.4761437475681305
2, 0, 1, 5.723346800000002, 48216, 1.4579036235809326, 0.40377941727638245
2, 15, 1, 6.0300964, 48216, 1.5186071395874023, 0.4798693060874939
2, 2, 1, 5.924912800000001, 48216, 1.4661002159118652, 0.48145556449890137
2, 1, 1, 5.945762800000001, 48216, 1.451407790184021, 0.5196005702018738
2, 13, 1, 5.221198799999998, 48216, 1.4729528427124023, 0.38038018345832825
2, 14, 1, 5.595147400000002, 48216, 1.4939618110656738, 0.4346637427806854
3, 12, 1, 4.444030699999999, 48216, 1.2818633317947388, 0.5430505871772766
3, 4, 1, 4.665867200000001, 48216, 1.3263236284255981, 0.4392961263656616
3, 11, 1, 4.7009367, 48216, 1.3520575761795044, 0.6727259755134583
3, 9, 1, 5.1735472, 48216, 1.3236867189407349, 0.5472656488418579
3, 10, 1, 5.261195799999999, 48216, 1.3219044208526611, 0.6096810102462769
3, 14, 1, 5.413642399999997, 48216, 1.3088866472244263, 0.6183496713638306
3, 0, 1, 5.492279500000002, 48216, 1.2812674045562744, 0.559991180896759
3, 7, 1, 5.4424887, 48216, 1.3463703393936157, 0.5526440143585205
3, 6, 1, 5.3168086, 48216, 1.317762851715088, 0.5467972159385681
3, 15, 1, 5.731542900000001, 48216, 1.3498281240463257, 0.5489079356193542
3, 17, 1, 5.580641600000002, 48216, 1.329483985900879, 0.5703737735748291
3, 18, 1, 6.347899699999999, 48216, 1.3247976303100586, 0.5582445859909058
3, 5, 1, 5.1612148, 48216, 1.3251758813858032, 0.6223235130310059
4, 4, 1, 5.2401537000000005, 48216, 1.0808765888214111, 0.6674556732177734
4, 13, 1, 5.551928, 48216, 0.9966282844543457, 0.6529243588447571
4, 3, 1, 5.539778299999998, 48216, 1.059064269065857, 0.6960893869400024
4, 0, 1, 6.203698899999999, 48216, 0.9524429440498352, 0.7763245105743408
4, 2, 1, 6.2159431000000005, 48216, 1.0145188570022583, 0.6980736255645752
4, 1, 1, 6.219941500000001, 48216, 1.0120413303375244, 0.7368410229682922
4, 21, 1, 5.631092600000001, 48216, 1.021959900856018, 0.7568381428718567
4, 23, 1, 5.0219369, 48216, 0.9937552213668823, 0.7404665946960449
4, 22, 1, 4.931465200000002, 48216, 1.062761664390564, 0.7334341406822205
5, 21, 1, 5.5127308, 48216, 0.6684865951538086, 0.8349917531013489
5, 19, 1, 5.438278800000001, 48216, 0.6538894772529602, 0.8165767788887024
5, 0, 1, 6.1619612, 48216, 0.6078842282295227, 0.8413809537887573
5, 17, 1, 6.2178778, 48216, 0.6863893866539001, 0.8235680460929871
5, 1, 1, 6.2391033, 48216, 0.6729190349578857, 0.8246275186538696
5, 23, 1, 4.944496899999997, 48216, 0.6490064859390259, 0.8255563378334045
5, 20, 1, 6.761374500000002, 48216, 0.6323584318161011, 0.8192039132118225
5, 18, 1, 7.041307800000002, 48216, 0.6611117124557495, 0.8167966604232788
5, 22, 1, 4.956495199999999, 48216, 0.6988522410392761, 0.8060901761054993
6, 4, 1, 4.869170099999998, 48216, 0.522141695022583, 0.8387605547904968
6, 12, 1, 4.745532900000001, 48216, 0.4572463929653168, 0.8771170973777771
6, 3, 1, 5.2362103, 48216, 0.44244691729545593, 0.8838402032852173
6, 2, 1, 5.915595200000002, 48216, 0.43642356991767883, 0.8764438033103943
6, 5, 1, 5.338991200000002, 48216, 0.4292995035648346, 0.8930487036705017
6, 10, 1, 5.608204099999998, 48216, 0.44590243697166443, 0.8812640905380249
6, 7, 1, 5.698096100000001, 48216, 0.459534227848053, 0.8695374727249146
6, 1, 1, 5.938203999999999, 48216, 0.4408136010169983, 0.8881113529205322
6, 0, 1, 5.812410399999997, 48216, 0.406605988740921, 0.894280731678009
6, 6, 1, 5.840469299999999, 48216, 0.4453039765357971, 0.877662181854248
7, 16, 1, 5.915665999999998, 48216, 0.279653936624527, 0.9096576571464539
7, 19, 1, 5.798647499999998, 48216, 0.2951169013977051, 0.9000498652458191
7, 23, 1, 5.367486400000001, 48216, 0.39691269397735596, 0.8890305161476135
7, 21, 1, 5.829535799999999, 48216, 0.3271394670009613, 0.9008969068527222
7, 15, 1, 6.922463499999999, 48216, 0.35545146465301514, 0.8876234889030457
7, 20, 1, 7.121075999999999, 48216, 0.2897505462169647, 0.9015323519706726
7, 18, 1, 7.524502500000004, 48216, 0.35688576102256775, 0.8885838985443115
7, 22, 1, 5.0976058, 48216, 0.3087027072906494, 0.9015443325042725
7, 17, 1, 6.696283100000002, 48216, 0.3269219398498535, 0.8991362452507019
8, 11, 1, 4.893694499999999, 48216, 0.22714082896709442, 0.9267251491546631
8, 3, 1, 5.202918, 48216, 0.2352481633424759, 0.9251092672348022
8, 5, 1, 5.336874999999999, 48216, 0.22174139320850372, 0.9314029216766357
8, 1, 1, 5.981206, 48216, 0.24116893112659454, 0.9216979742050171
8, 7, 1, 5.804022700000001, 48216, 0.2352593094110489, 0.9250530004501343
8, 2, 1, 5.871010300000002, 48216, 0.22948400676250458, 0.9332560896873474
8, 6, 1, 5.908284699999996, 48216, 0.22223137319087982, 0.9323949217796326
8, 9, 1, 5.756539100000001, 48216, 0.2352806180715561, 0.9204574227333069
8, 8, 1, 5.6094712, 48216, 0.19559171795845032, 0.9375820159912109
8, 4, 1, 4.962595, 48216, 0.3127569556236267, 0.8946827054023743
8, 0, 1, 5.987185099999998, 48216, 0.21220900118350983, 0.9368894100189209
8, 10, 1, 5.523449099999997, 48216, 0.24576711654663086, 0.9278350472450256
8, 12, 1, 4.670322600000002, 48216, 0.2756786346435547, 0.921401858329773
9, 19, 1, 5.603055300000001, 48216, 0.19038832187652588, 0.9398033022880554
9, 13, 1, 5.831123599999998, 48216, 0.2070760279893875, 0.9426409006118774
9, 14, 1, 6.0665601, 48216, 0.1679324358701706, 0.9447575211524963
9, 17, 1, 6.343255900000003, 48216, 0.1750720888376236, 0.9522548913955688
9, 15, 1, 6.734870000000001, 48216, 0.20068985223770142, 0.9393308162689209
9, 20, 1, 6.912836400000003, 48216, 0.16883358359336853, 0.9507661461830139
9, 22, 1, 5.2959742, 48216, 0.1701047122478485, 0.9475987553596497
9, 21, 1, 5.810762099999998, 48216, 0.18430018424987793, 0.9383338689804077
9, 23, 1, 5.211534800000003, 48216, 0.24961943924427032, 0.9319184422492981
9, 16, 1, 5.778883600000004, 48216, 0.16348297894001007, 0.9526906609535217
9, 18, 1, 7.424907699999999, 48216, 0.21935594081878662, 0.9419899582862854
10, 3, 1, 5.293964000000003, 48216, 0.1469961404800415, 0.9593329429626465
10, 7, 1, 5.7109807, 48216, 0.14631307125091553, 0.9646775722503662
10, 0, 1, 5.910331800000002, 48216, 0.11568036675453186, 0.9726975560188293
10, 2, 1, 5.872125199999999, 48216, 0.13043592870235443, 0.9701051115989685
10, 6, 1, 5.792314599999997, 48216, 0.12688861787319183, 0.9706446528434753
10, 1, 1, 6.024398599999998, 48216, 0.14646026492118835, 0.9549036622047424
10, 4, 1, 5.024181400000003, 48216, 0.2111773043870926, 0.9408023953437805
10, 5, 1, 5.478733899999995, 48216, 0.12550117075443268, 0.9665954113006592
10, 9, 1, 5.594493199999995, 48216, 0.13288818299770355, 0.9618070125579834
10, 8, 1, 5.210307399999998, 48216, 0.12141440063714981, 0.9693707823753357
11, 23, 1, 5.521467000000001, 48216, 0.19830019772052765, 0.9563032984733582
11, 16, 1, 6.307057300000004, 48216, 0.09821324050426483, 0.9778982996940613
11, 17, 1, 7.402540500000001, 48216, 0.09142160415649414, 0.9831230640411377
11, 15, 1, 7.745620000000002, 48216, 0.10891822725534439, 0.9760571718215942
11, 20, 1, 8.105721100000004, 48216, 0.11410251259803772, 0.97892826795578
11, 18, 1, 8.4825606, 48216, 0.15584740042686462, 0.973800778388977
11, 22, 1, 6.083374599999999, 48216, 0.09466508775949478, 0.980249285697937
11, 13, 1, 6.419992099999995, 48216, 0.15091542899608612, 0.9702803492546082
11, 21, 1, 6.3032308000000015, 48216, 0.10764515399932861, 0.9708179235458374
11, 19, 1, 6.219199099999997, 48216, 0.10670331865549088, 0.9757037162780762
12, 4, 1, 5.774901199999995, 48216, 0.12270944565534592, 0.9709510803222656
12, 5, 1, 6.139120300000002, 48216, 0.08983667939901352, 0.9865465760231018
12, 3, 1, 6.0144842999999995, 48216, 0.09938950836658478, 0.9782395362854004
12, 7, 1, 6.464560600000006, 48216, 0.08816945552825928, 0.9905312657356262
12, 6, 1, 6.632151899999997, 48216, 0.07798070460557938, 0.9875764846801758
12, 0, 1, 6.691079099999996, 48216, 0.07242473214864731, 0.9852554798126221
12, 1, 1, 6.881527200000001, 48216, 0.08476749807596207, 0.9835375547409058
12, 2, 1, 6.708574599999999, 48216, 0.08362274616956711, 0.9887694120407104
12, 9, 1, 6.344549399999998, 48216, 0.07901968061923981, 0.9839242696762085
12, 8, 1, 5.5689378000000005, 48216, 0.06229298561811447, 0.9893235564231873
13, 16, 1, 5.0831315, 48216, 0.050136417150497437, 0.991830050945282
13, 21, 1, 5.0788346, 48216, 0.10492252558469772, 0.9831556081771851
13, 23, 1, 4.6825925000000055, 48216, 0.15055476129055023, 0.9764484167098999
13, 13, 1, 5.208772500000002, 48216, 0.1117425486445427, 0.9862355589866638
13, 19, 1, 5.024695600000001, 48216, 0.07810122519731522, 0.9901636242866516
13, 14, 1, 5.511456799999998, 48216, 0.08121092617511749, 0.9888127446174622
13, 17, 1, 5.744889199999996, 48216, 0.07530167698860168, 0.9919396638870239
13, 15, 1, 6.171041200000005, 48216, 0.07832887768745422, 0.993885338306427
13, 20, 1, 6.483546400000002, 48216, 0.061753589659929276, 0.9925650358200073
13, 18, 1, 6.774893800000001, 48216, 0.09472298622131348, 0.9910179376602173
13, 22, 1, 4.9020607, 48216, 0.08057041466236115, 0.989551842212677
14, 3, 1, 6.479117100000003, 48216, 0.0718827173113823, 0.9845714569091797
14, 5, 1, 6.4881344, 48216, 0.054484773427248, 0.993196964263916
14, 1, 1, 6.976040799999993, 48216, 0.05846206843852997, 0.9911571741104126
14, 0, 1, 7.23967789999999, 48216, 0.05920751392841339, 0.9916548132896423
14, 7, 1, 7.041415800000003, 48216, 0.05312032997608185, 0.9971799850463867
14, 2, 1, 7.145260400000005, 48216, 0.060743823647499084, 0.9944846034049988
14, 6, 1, 7.1333040000000025, 48216, 0.07733296602964401, 0.9911260604858398
14, 9, 1, 6.634782699999995, 48216, 0.04771414399147034, 0.9934568405151367
14, 8, 1, 5.910071100000003, 48216, 0.07319016009569168, 0.9912050366401672
14, 4, 1, 6.1586301999999975, 48216, 0.13581667840480804, 0.97613924741745
15, 21, 1, 5.447012100000002, 48216, 0.07485132664442062, 0.9931060671806335
15, 19, 1, 5.396358800000002, 48216, 0.04860112816095352, 0.9954217672348022
15, 14, 1, 5.731651999999997, 48216, 0.04091501608490944, 0.9954157471656799
15, 23, 1, 4.927273499999998, 48216, 0.07676204293966293, 0.9887511134147644
15, 13, 1, 5.433327199999994, 48216, 0.07880382984876633, 0.9904401302337646
15, 17, 1, 6.160753700000001, 48216, 0.03707624971866608, 0.9975719451904297
15, 15, 1, 6.388530000000003, 48216, 0.048836369067430496, 0.9969044327735901
15, 20, 1, 6.552942000000002, 48216, 0.030319809913635254, 0.9970260262489319
15, 18, 1, 6.954562100000004, 48216, 0.037499237805604935, 0.997810959815979
15, 22, 1, 4.982284700000001, 48216, 0.031235355883836746, 0.9968609809875488
16, 3, 1, 5.0668230999999935, 48216, 0.056790221482515335, 0.9876036643981934
16, 5, 1, 5.234645399999998, 48216, 0.027826955541968346, 0.9971871972084045
16, 7, 1, 5.530122199999994, 48216, 0.05600414052605629, 0.99466872215271
16, 2, 1, 5.674646599999988, 48216, 0.034635208547115326, 0.9977418780326843
16, 1, 1, 5.7532152, 48216, 0.04445304349064827, 0.9944055676460266
16, 6, 1, 5.641893600000003, 48216, 0.05533837154507637, 0.9922480583190918
16, 0, 1, 5.7280607, 48216, 0.035713765770196915, 0.9949848651885986
16, 4, 1, 4.736955499999993, 48216, 0.08763021975755692, 0.9885717034339905
16, 9, 1, 5.4228381, 48216, 0.042388323694467545, 0.9945647716522217
16, 8, 1, 4.9524041000000025, 48216, 0.049840494990348816, 0.9948586821556091
17, 23, 1, 5.328749900000005, 48216, 0.09641775488853455, 0.9886775612831116
17, 19, 1, 5.863924300000001, 48216, 0.09867116808891296, 0.9889624118804932
17, 21, 1, 5.9791475000000105, 48216, 0.06890500336885452, 0.9923251867294312
17, 13, 1, 6.103442400000006, 48216, 0.08615583926439285, 0.9920998215675354
17, 16, 1, 5.952009699999998, 48216, 0.03449646010994911, 0.9952285289764404
17, 17, 1, 6.8364990999999975, 48216, 0.06164645403623581, 0.9953030943870544
17, 15, 1, 7.266403699999998, 48216, 0.044456932693719864, 0.9958916902542114
17, 20, 1, 7.4082425, 48216, 0.024073166772723198, 0.9978420734405518
17, 18, 1, 7.9007846999999884, 48216, 0.05314338952302933, 0.995847761631012
17, 22, 1, 5.512702400000002, 48216, 0.08449845761060715, 0.9930345416069031
18, 4, 1, 5.086852500000006, 48216, 0.054007016122341156, 0.9952899813652039
18, 5, 1, 5.548859499999992, 48216, 0.035500042140483856, 0.996598482131958
18, 6, 1, 6.0143666000000024, 48216, 0.03367948532104492, 0.9954100251197815
18, 3, 1, 5.4677772999999945, 48216, 0.06701033562421799, 0.9869124889373779
18, 7, 1, 5.9825467, 48216, 0.017919650301337242, 0.9993207454681396
18, 0, 1, 6.189166299999997, 48216, 0.03671098127961159, 0.9959276914596558
18, 1, 1, 6.280228399999999, 48216, 0.031934916973114014, 0.9964708685874939
18, 9, 1, 5.781302099999998, 48216, 0.04091804847121239, 0.9942302703857422
18, 8, 1, 5.1799370999999965, 48216, 0.01679052971303463, 0.9980965852737427
18, 2, 1, 6.17997729999999, 48216, 0.033458322286605835, 0.9967027902603149
19, 19, 1, 5.339937399999997, 48216, 0.03005441464483738, 0.9973936080932617
19, 21, 1, 5.40400600000001, 48216, 0.03502590209245682, 0.9967873096466064
19, 14, 1, 5.8158195999999975, 48216, 0.025332670658826828, 0.9975606799125671
19, 23, 1, 4.8089034000000055, 48216, 0.08702187240123749, 0.9925987720489502
19, 13, 1, 5.477507700000004, 48216, 0.032592788338661194, 0.99676913022995
19, 17, 1, 6.129989600000002, 48216, 0.054797518998384476, 0.9946264624595642
19, 15, 1, 6.332678299999998, 48216, 0.0403522290289402, 0.9978981018066406
19, 20, 1, 6.605323400000003, 48216, 0.022013595327734947, 0.9984586238861084
19, 18, 1, 6.922708800000009, 48216, 0.05328182131052017, 0.9953960180282593
19, 22, 1, 5.019519200000005, 48216, 0.04644466191530228, 0.9959444403648376
20, 4, 1, 4.876100800000003, 48216, 0.054360952228307724, 0.9951465725898743
20, 3, 1, 5.226343800000009, 48216, 0.03233754634857178, 0.9920182228088379
20, 5, 1, 5.350963800000002, 48216, 0.020739812403917313, 0.9981248378753662
20, 7, 1, 5.645530700000009, 48216, 0.01488315686583519, 0.9990119338035583
20, 0, 1, 5.7616838, 48216, 0.028641046956181526, 0.9961483478546143
20, 6, 1, 5.731180499999994, 48216, 0.04011322185397148, 0.9946552515029907
20, 2, 1, 5.818443000000002, 48216, 0.02279839850962162, 0.9972423315048218
20, 1, 1, 5.845377600000006, 48216, 0.028643671423196793, 0.996751606464386
20, 9, 1, 5.508667099999997, 48216, 0.021375220268964767, 0.9970524311065674
21, 13, 1, 5.683323299999998, 48216, 0.09067624807357788, 0.9933169484138489
21, 17, 1, 6.259897600000002, 48216, 0.04857363924384117, 0.9950444102287292
21, 15, 1, 6.49455309999999, 48216, 0.06053459644317627, 0.993923544883728
21, 23, 1, 4.9881063000000125, 48216, 0.09274085611104965, 0.9925252199172974
21, 19, 1, 5.430396699999989, 48216, 0.07444985210895538, 0.9934273362159729
21, 21, 1, 5.504858499999997, 48216, 0.07503978908061981, 0.9948462843894958
21, 20, 1, 6.876679500000009, 48216, 0.037389736622571945, 0.9968628287315369
21, 18, 1, 7.102221099999994, 48216, 0.06698549538850784, 0.9938150644302368
21, 22, 1, 4.9395218000000085, 48216, 0.06488541513681412, 0.9949362874031067
22, 4, 1, 5.856371600000003, 48216, 0.027261883020401, 0.9985415935516357
22, 3, 1, 6.218219699999992, 48216, 0.029058929532766342, 0.9929323196411133
22, 7, 1, 6.645418699999993, 48216, 0.012678946368396282, 0.9990531206130981
22, 0, 1, 7.10293630000001, 48216, 0.02938736602663994, 0.9961884617805481
22, 1, 1, 7.089904099999998, 48216, 0.021230539306998253, 0.9976739883422852
22, 6, 1, 6.962886999999995, 48216, 0.06398767977952957, 0.9909220933914185
22, 2, 1, 7.155885499999997, 48216, 0.027759317308664322, 0.9967027902603149
22, 8, 1, 5.641129900000003, 48216, 0.026085013523697853, 0.9964776635169983
22, 5, 1, 6.405710799999994, 48216, 0.020875979214906693, 0.9982120394706726
23, 23, 1, 5.155593199999998, 48216, 0.04370497539639473, 0.9960542917251587
23, 19, 1, 5.6249091999999905, 48216, 0.020665112882852554, 0.9976202249526978
23, 21, 1, 5.642263099999994, 48216, 0.07086813449859619, 0.9916558861732483
23, 17, 1, 6.447584399999997, 48216, 0.04200930520892143, 0.9970545172691345
23, 16, 1, 5.573605399999991, 48216, 0.04112697392702103, 0.9941257238388062
23, 15, 1, 6.808231499999991, 48216, 0.01594872586429119, 0.9988917112350464
23, 20, 1, 7.127045599999988, 48216, 0.025224069133400917, 0.9984405040740967
23, 18, 1, 7.353594000000001, 48216, 0.050967760384082794, 0.9951701760292053
23, 22, 1, 5.238535500000012, 48216, 0.038876503705978394, 0.9973879456520081
24, 3, 1, 5.720602200000002, 48216, 0.033536575734615326, 0.9927985668182373
24, 5, 1, 5.801390099999992, 48216, 0.014575548470020294, 0.9984082579612732
24, 7, 1, 6.277572500000005, 48216, 0.01608167588710785, 0.998620867729187
24, 2, 1, 6.410458599999998, 48216, 0.015060330741107464, 0.9988210201263428
24, 6, 1, 6.206607099999999, 48216, 0.01738898642361164, 0.9973888397216797
24, 0, 1, 6.3477735999999965, 48216, 0.02441328950226307, 0.9977532029151917
24, 1, 1, 6.550650599999997, 48216, 0.035087864845991135, 0.9962904453277588
24, 4, 1, 5.39219150000001, 48216, 0.02183721400797367, 0.9989241361618042
25, 23, 1, 4.96185109999999, 48216, 0.10614478588104248, 0.9910547733306885
25, 19, 1, 5.443666300000004, 48216, 0.035828180611133575, 0.9959204196929932
25, 21, 1, 5.375072099999997, 48216, 0.03371409699320793, 0.9973896741867065
25, 15, 1, 6.402429099999992, 48216, 0.02366199530661106, 0.9980318546295166
25, 20, 1, 6.617153000000002, 48216, 0.019313115626573563, 0.9988213181495667
25, 18, 1, 6.911459699999995, 48216, 0.042043671011924744, 0.9965600371360779
25, 17, 1, 6.129313600000003, 48216, 0.0076025440357625484, 0.99930340051651
25, 22, 1, 4.8558637000000004, 48216, 0.017689647153019905, 0.9981440901756287
26, 3, 1, 5.515982399999999, 48216, 0.024490458890795708, 0.993289053440094
26, 7, 1, 6.027530400000003, 48216, 0.023851100355386734, 0.9976534247398376
26, 2, 1, 6.208664900000002, 48216, 0.021473631262779236, 0.9979417324066162
26, 0, 1, 6.168436200000002, 48216, 0.02888934127986431, 0.9966298341751099
26, 6, 1, 6.018411299999997, 48216, 0.016232740134000778, 0.997429609298706
26, 1, 1, 6.230832800000002, 48216, 0.018480688333511353, 0.9983357191085815
26, 5, 1, 5.726257600000011, 48216, 0.013988107442855835, 0.9983210563659668
26, 4, 1, 5.233409399999999, 48216, 0.034919798374176025, 0.9979438781738281
27, 23, 1, 4.848963699999999, 48216, 0.10473068058490753, 0.9894618391990662
27, 21, 1, 5.203503999999995, 48216, 0.0750105232000351, 0.9921020865440369
27, 19, 1, 5.292843399999995, 48216, 0.015616258606314659, 0.9984588027000427
27, 17, 1, 6.009907099999992, 48216, 0.03820977732539177, 0.9971141815185547
27, 15, 1, 6.3354195, 48216, 0.030905647203326225, 0.997057318687439
27, 20, 1, 6.526875100000012, 48216, 0.025845667347311974, 0.9984405040740967
27, 18, 1, 6.8871805999999935, 48216, 0.06610124558210373, 0.9933459758758545
27, 22, 1, 4.804118199999991, 48216, 0.014686296693980694, 0.998396098613739
28, 3, 1, 5.210926499999999, 48216, 0.01807516999542713, 0.9950726628303528
28, 5, 1, 5.353574399999999, 48216, 0.009656465612351894, 0.9991496205329895
28, 7, 1, 5.626179499999992, 48216, 0.014773457311093807, 0.9979415535926819
28, 2, 1, 5.775520400000005, 48216, 0.010031022131443024, 0.9993005990982056
28, 6, 1, 5.740577900000005, 48216, 0.03406756743788719, 0.995818018913269
28, 0, 1, 5.827534100000008, 48216, 0.013119049370288849, 0.9985355734825134
28, 1, 1, 5.877557500000009, 48216, 0.03518100455403328, 0.9953680634498596
28, 4, 1, 4.915039699999994, 48216, 0.01921791024506092, 0.9991154074668884
28, 9, 1, 5.396260000000012, 48216, 0.01890482008457184, 0.9969897270202637
29, 23, 1, 5.086290200000008, 48216, 0.08620152622461319, 0.9917410016059875
29, 19, 1, 5.518429400000002, 48216, 0.013966994360089302, 0.9982548356056213
29, 21, 1, 5.58232679999999, 48216, 0.033484864979982376, 0.9962072372436523
29, 17, 1, 6.244869300000005, 48216, 0.058226313441991806, 0.9933726191520691
29, 20, 1, 6.741829299999992, 48216, 0.010256120935082436, 0.9991114139556885
29, 18, 1, 6.960758999999996, 48216, 0.01906079240143299, 0.9983842372894287
29, 22, 1, 4.922908000000007, 48216, 0.06276103109121323, 0.9923242330551147
30, 7, 1, 5.903330099999991, 48216, 0.008780617266893387, 0.9992589950561523
30, 0, 1, 6.065772199999998, 48216, 0.018503528088331223, 0.9982948303222656
30, 2, 1, 6.055761999999987, 48216, 0.008710864931344986, 0.9986411333084106
30, 1, 1, 6.091555499999998, 48216, 0.012840851210057735, 0.9988369941711426
30, 6, 1, 5.992919099999995, 48216, 0.008852548897266388, 0.9988576173782349
30, 3, 1, 5.480715799999999, 48216, 0.05305292084813118, 0.9914608001708984
30, 4, 1, 5.142749899999998, 48216, 0.03537026420235634, 0.9960311651229858
30, 5, 1, 5.548893100000001, 48216, 0.00965151097625494, 0.9988661408424377
31, 19, 1, 5.286442199999996, 48216, 0.028094179928302765, 0.9978241920471191
31, 21, 1, 5.4253326999999985, 48216, 0.053214963525533676, 0.994489312171936
31, 17, 1, 6.1207043, 48216, 0.005760530941188335, 0.9994029402732849
31, 20, 1, 6.648145200000016, 48216, 0.056069836020469666, 0.9940882921218872
31, 18, 1, 6.9354424999999935, 48216, 0.013834337703883648, 0.9985753893852234
31, 23, 1, 4.870310900000007, 48216, 0.1163087859749794, 0.9884325265884399
31, 22, 1, 4.7694714000000005, 48216, 0.040863312780857086, 0.9954174757003784
32, 4, 1, 5.155293999999998, 48216, 0.02573096565902233, 0.9978960752487183
32, 3, 1, 5.538855499999997, 48216, 0.018010403960943222, 0.9950280785560608
32, 5, 1, 5.773440100000002, 48216, 0.012617788277566433, 0.9980593919754028
32, 7, 1, 6.03585910000001, 48216, 0.012792487628757954, 0.9978180527687073
32, 0, 1, 6.131965199999996, 48216, 0.01860702410340309, 0.9983951449394226
32, 6, 1, 6.054424900000015, 48216, 0.008012079633772373, 0.9991636276245117
32, 2, 1, 6.226406900000001, 48216, 0.01884465664625168, 0.9970025420188904
32, 1, 1, 6.290628099999992, 48216, 0.011607627384364605, 0.9988570809364319
33, 20, 1, 6.892408000000017, 48216, 0.019433382898569107, 0.9978057742118835
33, 18, 1, 7.1615790000000175, 48216, 0.012369576841592789, 0.9988359808921814
33, 17, 1, 6.44795640000001, 48216, 0.00389437866397202, 0.99978107213974
33, 21, 1, 5.618173200000001, 48216, 0.020101938396692276, 0.9974566102027893
33, 19, 1, 5.692624800000004, 48216, 0.014282687567174435, 0.9984135031700134
33, 15, 1, 6.629142299999984, 48216, 0.0039948709309101105, 0.999866247177124
33, 23, 1, 5.1525833999999975, 48216, 0.02849004603922367, 0.9971571564674377
33, 22, 1, 4.9674698999999976, 48216, 0.06440945714712143, 0.9917972683906555
34, 5, 1, 5.426737900000006, 48216, 0.005432739853858948, 0.999454915523529
34, 7, 1, 5.727265399999993, 48216, 0.004122573882341385, 0.9997735619544983
34, 10, 1, 5.635671699999996, 48216, 0.004872757941484451, 0.9998524188995361
34, 0, 1, 5.766112899999996, 48216, 0.0201763603836298, 0.9976528882980347
34, 6, 1, 5.82179579999999, 48216, 0.006595098879188299, 0.9993675947189331
34, 2, 1, 5.938369900000026, 48216, 0.004876819904893637, 0.9995803236961365
34, 3, 1, 5.330021000000002, 48216, 0.01823553629219532, 0.9950503706932068
34, 1, 1, 5.842381799999998, 48216, 0.018974509090185165, 0.9974133372306824
34, 4, 1, 5.015031400000012, 48216, 0.029792945832014084, 0.9968679547309875
35, 23, 1, 5.16597449999999, 48216, 0.10708572715520859, 0.9890207052230835
35, 19, 1, 5.548891699999984, 48216, 0.038537442684173584, 0.9952858090400696
35, 21, 1, 5.638791499999996, 48216, 0.029217228293418884, 0.9965642094612122
35, 14, 1, 6.045525699999999, 48216, 0.004030464217066765, 0.9998107552528381
35, 17, 1, 6.408232599999991, 48216, 0.003025743179023266, 0.9998806118965149
35, 20, 1, 6.8170815000000005, 48216, 0.007639809977263212, 0.9990207552909851
35, 18, 1, 7.168076499999984, 48216, 0.004029455594718456, 0.9998262524604797
35, 22, 1, 5.065077299999999, 48216, 0.016584502533078194, 0.9981211423873901
36, 3, 1, 5.560713100000015, 48216, 0.013827032409608364, 0.9964550137519836
36, 5, 1, 5.714101600000021, 48216, 0.00475988257676363, 0.9993894696235657
36, 10, 1, 5.926444500000002, 48216, 0.0045743281953036785, 0.9996837377548218
36, 2, 1, 6.17440400000001, 48216, 0.004265717230737209, 0.9996802806854248
36, 0, 1, 6.234073699999982, 48216, 0.006283551920205355, 0.9995386004447937
36, 6, 1, 6.078297400000025, 48216, 0.00596983078867197, 0.9994084239006042
36, 1, 1, 6.221004499999992, 48216, 0.006946058012545109, 0.9993182420730591
36, 4, 1, 5.216488100000021, 48216, 0.03858665004372597, 0.9961268305778503
37, 23, 1, 5.075815700000007, 48216, 0.07001174241304398, 0.9931869506835938
37, 21, 1, 5.604572399999995, 48216, 0.045025985687971115, 0.9949801564216614
37, 19, 1, 5.542556300000001, 48216, 0.03090290166437626, 0.9972802400588989
37, 17, 1, 6.248671999999999, 48216, 0.0030211354605853558, 0.99978107213974
37, 20, 1, 6.7811623999999995, 48216, 0.010045523755252361, 0.9988937973976135
37, 18, 1, 7.059459799999985, 48216, 0.003501650644466281, 0.9998436570167542
37, 22, 1, 4.906229299999993, 48216, 0.038377247750759125, 0.9950966835021973
38, 5, 1, 5.4145950999999855, 48216, 0.004655493889003992, 0.9995421171188354
38, 1, 1, 5.907562799999994, 48216, 0.007407535333186388, 0.9990174770355225
38, 0, 1, 5.941522800000001, 48216, 0.009819220751523972, 0.9989768862724304
38, 6, 1, 5.857394699999986, 48216, 0.005704403389245272, 0.9994491934776306
38, 3, 1, 5.306453499999975, 48216, 0.011880301870405674, 0.9968786239624023
38, 2, 1, 5.874160399999994, 48216, 0.0034910747781395912, 0.9998401403427124
38, 10, 1, 5.629873499999988, 48216, 0.003935357555747032, 0.9998102784156799
38, 4, 1, 4.9858926, 48216, 0.008863468654453754, 0.9994978904724121
38, 9, 1, 5.621876499999999, 48216, 0.005572446156293154, 0.9990383982658386
39, 23, 1, 5.186249900000007, 48216, 0.03452558070421219, 0.996519923210144
39, 21, 1, 5.704174300000005, 48216, 0.023658622056245804, 0.9971442818641663
39, 19, 1, 5.643029299999995, 48216, 0.0033430643379688263, 0.999773383140564
39, 17, 1, 6.3877688999999975, 48216, 0.002686091000214219, 0.999800980091095
39, 20, 1, 6.869185800000025, 48216, 0.002752546686679125, 0.9998730421066284
39, 18, 1, 7.225504000000001, 48216, 0.0031075230799615383, 0.9998262524604797
39, 22, 1, 4.901907399999999, 48216, 0.014746472239494324, 0.9985106587409973
40, 4, 1, 5.088813799999997, 48216, 0.0076910038478672504, 0.9994978904724121
40, 3, 1, 5.361476100000004, 48216, 0.011680922470986843, 0.9969677925109863
40, 5, 1, 5.644695899999988, 48216, 0.004287974443286657, 0.9995203018188477
40, 10, 1, 5.908532699999995, 48216, 0.005003708880394697, 0.9993886351585388
40, 7, 1, 6.004051000000004, 48216, 0.002367384033277631, 0.9998764991760254
40, 0, 1, 6.173556399999995, 48216, 0.005965891759842634, 0.9992778301239014
40, 2, 1, 6.217996800000009, 48216, 0.0031606729608029127, 0.9997801780700684
40, 1, 1, 6.285983399999992, 48216, 0.007047510705888271, 0.9994385242462158
41, 19, 1, 5.743594399999978, 48216, 0.0031182540114969015, 0.9996827244758606
41, 21, 1, 5.908438799999999, 48216, 0.005687703378498554, 0.9991521835327148
41, 14, 1, 6.163711599999999, 48216, 0.0029072475153952837, 0.999747633934021
41, 20, 1, 7.0281975000000045, 48216, 0.0025396919809281826, 0.9998730421066284
41, 18, 1, 7.3816307000000165, 48216, 0.002806765493005514, 0.9998089075088501
41, 23, 1, 5.384535100000022, 48216, 0.026878489181399345, 0.997769832611084
41, 22, 1, 5.101185900000019, 48216, 0.03224870190024376, 0.9969984292984009
42, 4, 1, 5.351382099999995, 48216, 0.00628203758969903, 0.9998326301574707
42, 3, 1, 5.746875299999999, 48216, 0.010433132760226727, 0.997279942035675
42, 5, 1, 5.870204099999995, 48216, 0.005279595497995615, 0.9992804527282715
42, 10, 1, 6.003003800000002, 48216, 0.0029302018228918314, 0.9998524188995361
42, 2, 1, 6.27950469999999, 48216, 0.030790390446782112, 0.996383011341095
42, 1, 1, 6.32011159999999, 48216, 0.004239060450345278, 0.9996791481971741
42, 0, 1, 6.332723099999981, 48216, 0.006678904872387648, 0.9993379712104797
43, 21, 1, 5.550715800000006, 48216, 0.005458746571093798, 0.9990852475166321
43, 15, 1, 6.696006799999992, 48216, 0.002285122172906995, 0.9998471140861511
43, 20, 1, 6.938720999999987, 48216, 0.002491147955879569, 0.9998730421066284
43, 18, 1, 7.155370900000008, 48216, 0.0027874584775418043, 0.999774158000946
43, 23, 1, 5.018034499999999, 48216, 0.029632538557052612, 0.997769832611084
43, 19, 1, 5.5632048000000225, 48216, 0.0027901786379516125, 0.9998413324356079
43, 14, 1, 6.025791100000006, 48216, 0.0023941753897815943, 0.9998738169670105
43, 22, 1, 4.922152100000005, 48216, 0.008525233715772629, 0.9988085627555847
44, 4, 1, 5.167998899999986, 48216, 0.0061750952154397964, 0.9997609257698059
44, 3, 1, 5.5500653, 48216, 0.011850723996758461, 0.9968117475509644
44, 5, 1, 5.672971100000012, 48216, 0.0032528985757380724, 0.9996511340141296
44, 0, 1, 6.212337000000019, 48216, 0.0062821004539728165, 0.9991976022720337
44, 2, 1, 6.247498799999988, 48216, 0.0023958683013916016, 0.9999001026153564
44, 1, 1, 6.179016200000007, 48216, 0.0033423237036913633, 0.9998195171356201
45, 23, 1, 5.5412800999999945, 48216, 0.029503127560019493, 0.9975002408027649
45, 19, 1, 6.049328300000013, 48216, 0.0038898815400898457, 0.9994786977767944
45, 21, 1, 6.182785700000011, 48216, 0.003628416685387492, 0.9994199275970459
45, 14, 1, 6.507098600000006, 48216, 0.0022559945937246084, 0.9998317956924438
45, 20, 1, 7.4119208000000185, 48216, 0.002276352373883128, 0.9998549222946167
45, 18, 1, 7.568569800000006, 48216, 0.0026250528171658516, 0.9998262524604797
45, 22, 1, 5.114480299999997, 48216, 0.0742822140455246, 0.9915223121643066
46, 4, 1, 5.5742458, 48216, 0.020326994359493256, 0.9971548914909363
46, 3, 1, 5.9557834999999955, 48216, 0.007826189510524273, 0.9977927207946777
46, 5, 1, 6.023809400000005, 48216, 0.005552269984036684, 0.9992368221282959
46, 7, 1, 6.417387599999984, 48216, 0.00177573983091861, 0.9999176859855652
46, 0, 1, 6.629650199999986, 48216, 0.005196765530854464, 0.9993379712104797
46, 1, 1, 6.575295000000011, 48216, 0.004082428757101297, 0.999498724937439
47, 23, 1, 5.281922299999991, 48216, 0.004426563158631325, 0.9994608163833618
47, 21, 1, 5.869327799999979, 48216, 0.004214806482195854, 0.9993976354598999
47, 14, 1, 6.229864300000003, 48216, 0.0021991105750203133, 0.9997686743736267
47, 20, 1, 7.04339809999999, 48216, 0.001981656765565276, 0.9999455809593201
47, 18, 1, 7.406777099999999, 48216, 0.0021126046776771545, 0.9999479055404663
47, 19, 1, 5.7245637999999985, 48216, 0.002077961340546608, 0.9998186826705933
47, 22, 1, 5.011313000000001, 48216, 0.002778308466076851, 0.9997479319572449
48, 4, 1, 5.026552699999996, 48216, 0.005696133244782686, 0.9997609257698059
48, 3, 1, 5.406533400000001, 48216, 0.007302817888557911, 0.9976366758346558
48, 5, 1, 5.485084200000017, 48216, 0.002242486923933029, 0.9997601509094238
48, 7, 1, 5.914576100000005, 48216, 0.0014925103168934584, 0.9999794363975525
48, 2, 1, 6.043566700000014, 48216, 0.0019650079775601625, 0.9999200701713562
48, 0, 1, 6.016489100000001, 48216, 0.0028485332150012255, 0.9998194575309753
48, 1, 1, 6.060243000000014, 48216, 0.002756441244855523, 0.9998195171356201
49, 23, 1, 5.033986999999996, 48216, 0.09402231872081757, 0.9902215600013733
49, 21, 1, 5.648155500000001, 48216, 0.00403226213529706, 0.9993529915809631
49, 15, 1, 6.540252199999998, 48216, 0.0018484684405848384, 0.9998853206634521
49, 20, 1, 6.7567939000000194, 48216, 0.0017808603588491678, 0.9999274611473083
49, 18, 1, 7.062182699999994, 48216, 0.0018852513749152422, 0.9999131560325623
49, 22, 1, 4.814730699999984, 48216, 0.0020230247173458338, 0.9997708797454834
50, 5, 1, 5.673346699999996, 48216, 0.002755965106189251, 0.9995639324188232
50, 3, 1, 5.648975199999995, 48216, 0.006607671268284321, 0.9981717467308044
50, 7, 1, 6.036921500000005, 48216, 0.0023359935730695724, 0.999711811542511
50, 0, 1, 6.2829002, 48216, 0.01730489544570446, 0.9978134036064148
50, 1, 1, 6.233949100000018, 48216, 0.004552270285785198, 0.9993984699249268
50, 2, 1, 6.282570399999997, 48216, 0.0017018429934978485, 0.999940037727356
50, 4, 1, 5.392229599999979, 48216, 0.004546394571661949, 0.9997609257698059
51, 23, 1, 5.619508300000007, 48216, 0.0035460039507597685, 0.9995588660240173
51, 21, 1, 6.18329559999998, 48216, 0.0029095725622028112, 0.9995983839035034
51, 17, 1, 6.8813134000000105, 48216, 0.001497862278483808, 0.9999004602432251
51, 20, 1, 7.377184699999987, 48216, 0.0015813992358744144, 0.9999637603759766
51, 18, 1, 7.708543100000014, 48216, 0.0018143479246646166, 0.9999131560325623
51, 22, 1, 5.126320899999996, 48216, 0.0020445464178919792, 0.9998167157173157
52, 4, 1, 5.505613199999999, 48216, 0.004427412990480661, 0.9997609257698059
52, 3, 1, 5.848523099999994, 48216, 0.0060674226842820644, 0.9984616041183472
52, 5, 1, 5.949495199999973, 48216, 0.0019675258081406355, 0.9998473525047302
52, 2, 1, 6.493913600000013, 48216, 0.001471546944230795, 0.9999200701713562
52, 0, 1, 6.437942699999979, 48216, 0.0025451297406107187, 0.9998194575309753
52, 1, 1, 6.457564399999995, 48216, 0.0031408648937940598, 0.9997593760490417
53, 23, 1, 4.958976799999988, 48216, 0.0033737346529960632, 0.9996078610420227
53, 21, 1, 5.471055899999982, 48216, 0.0038593781646341085, 0.9993529915809631
53, 17, 1, 6.1198473000000035, 48216, 0.0015791658079251647, 0.9998407959938049
53, 20, 1, 6.697733400000004, 48216, 0.0013834013370797038, 0.9999455809593201
53, 18, 1, 6.916343100000034, 48216, 0.0016128213610500097, 0.9999479055404663
53, 22, 1, 4.785185799999994, 48216, 0.0017370027489960194, 0.9997937679290771
54, 4, 1, 5.872431699999993, 48216, 0.014963807538151741, 0.9983503222465515
54, 3, 1, 6.370227, 48216, 0.006640094332396984, 0.9982832670211792
54, 5, 1, 6.434243800000019, 48216, 0.002290967619046569, 0.9996947646141052
54, 2, 1, 7.034252100000003, 48216, 0.0021700365468859673, 0.9997602105140686
54, 0, 1, 6.9291153000000065, 48216, 0.0030130380764603615, 0.9995988011360168
54, 1, 1, 6.904954199999992, 48216, 0.001928901532664895, 0.999859631061554
55, 21, 1, 6.283817200000016, 48216, 0.0031791687943041325, 0.9994868636131287
55, 23, 1, 5.712634400000013, 48216, 0.003033263375982642, 0.9997304081916809
55, 20, 1, 7.541379599999999, 48216, 0.0012471561785787344, 0.9999455809593201
55, 18, 1, 7.8067281000000435, 48216, 0.0015722222160547972, 0.9998784065246582
55, 22, 1, 5.334456999999986, 48216, 0.001190251437947154, 0.999931275844574
56, 4, 1, 5.7220961999999815, 48216, 0.00436916621401906, 0.9995457530021667
56, 3, 1, 6.199473100000006, 48216, 0.005410144571214914, 0.9987291693687439
56, 5, 1, 6.249822999999992, 48216, 0.0016970119904726744, 0.9998473525047302
56, 2, 1, 6.828867699999989, 48216, 0.00138751114718616, 0.9999001026153564
56, 0, 1, 6.794593500000019, 48216, 0.001981907756999135, 0.9998395442962646
56, 1, 1, 6.787796600000007, 48216, 0.001919891219586134, 0.9999197721481323
57, 19, 1, 6.167141399999991, 48216, 0.0020332203712314367, 0.9997506737709045
57, 21, 1, 6.293590999999992, 48216, 0.002618764992803335, 0.9996207356452942
57, 23, 1, 5.6850503, 48216, 0.002754425862804055, 0.9997549057006836
57, 20, 1, 7.418279600000005, 48216, 0.0018147743539884686, 0.9998186826705933
57, 22, 1, 5.207407599999982, 48216, 0.031666286289691925, 0.9964943528175354
58, 4, 1, 6.062892699999992, 48216, 0.003409762866795063, 0.9997848272323608
58, 5, 1, 6.592262599999998, 48216, 0.001604412798769772, 0.9997601509094238
58, 3, 1, 6.585272099999997, 48216, 0.004994632676243782, 0.9985507726669312
58, 0, 1, 7.128483599999981, 48216, 0.005584536120295525, 0.9992577433586121
58, 2, 1, 7.159844599999985, 48216, 0.0016811387613415718, 0.9998001456260681
58, 1, 1, 7.1277728999999965, 48216, 0.002641286002472043, 0.9995989799499512
59, 19, 1, 5.595958500000023, 48216, 0.0011330898851156235, 0.9999319911003113
59, 21, 1, 5.6939437000000055, 48216, 0.002150124404579401, 0.9996653199195862
59, 23, 1, 5.180884899999995, 48216, 0.0028092018328607082, 0.99958336353302
59, 20, 1, 6.727674699999966, 48216, 0.0010112307500094175, 0.9999637603759766
59, 22, 1, 4.774310500000013, 48216, 0.0018026350298896432, 0.9997479319572449
60, 4, 1, 6.170149999999978, 48216, 0.002815679181367159, 0.9999282956123352
60, 3, 1, 6.669351699999993, 48216, 0.038033124059438705, 0.9945821762084961
60, 2, 1, 7.275683399999991, 48216, 0.0011522142449393868, 0.9999200701713562
60, 0, 1, 7.3542209999999955, 48216, 0.002108279149979353, 0.9997392296791077
60, 1, 1, 7.361120799999981, 48216, 0.02923016995191574, 0.9975135922431946
61, 19, 1, 5.414830699999982, 48216, 0.0011387340491637588, 0.9999547004699707
61, 21, 1, 5.47534330000002, 48216, 0.008013549260795116, 0.998482882976532
61, 23, 1, 4.9986888999999906, 48216, 0.00255916197784245, 0.9997549057006836
61, 20, 1, 6.635271699999976, 48216, 0.000986622180789709, 0.9999274611473083
61, 22, 1, 4.68816750000002, 48216, 0.0011042014230042696, 0.999931275844574
62, 4, 1, 5.145525700000007, 48216, 0.004625015426427126, 0.9995218515396118
62, 5, 1, 5.533995500000003, 48216, 0.0014449391746893525, 0.9997601509094238
62, 0, 1, 6.126956399999983, 48216, 0.0017736131558194757, 0.9997793436050415
62, 1, 1, 6.126095899999996, 48216, 0.0014426468405872583, 0.9998797178268433
62, 2, 1, 6.202289200000024, 48216, 0.0010144921252503991, 0.9999600052833557
63, 19, 1, 5.557156499999991, 48216, 0.0010327117051929235, 0.9999547004699707
63, 21, 1, 5.62021630000001, 48216, 0.002070629969239235, 0.9995760917663574
63, 23, 1, 5.086065399999995, 48216, 0.002307685324922204, 0.9998284578323364
63, 20, 1, 6.686382499999979, 48216, 0.0009355442598462105, 0.9999637603759766
63, 22, 1, 4.77739219999998, 48216, 0.0012918163556605577, 0.9997937679290771
64, 4, 1, 5.137813399999999, 48216, 0.0028306725434958935, 0.999737024307251
64, 5, 1, 5.784125400000022, 48216, 0.0012104804627597332, 0.9998473525047302
64, 0, 1, 6.170759799999985, 48216, 0.0015079498989507556, 0.9997793436050415
64, 1, 1, 6.098668700000019, 48216, 0.0014685270143672824, 0.9998396039009094
65, 21, 1, 6.488814000000019, 48216, 0.00224647531285882, 0.9995760917663574
65, 19, 1, 6.473722199999997, 48216, 0.000927539193071425, 0.9999319911003113
65, 23, 1, 5.968142199999988, 48216, 0.002206980250775814, 0.999779462814331
65, 20, 1, 7.8123149999999555, 48216, 0.000818268395960331, 0.9999818801879883
65, 22, 1, 5.188131800000008, 48216, 0.0009102715412154794, 0.999931275844574
66, 4, 1, 5.166480400000012, 48216, 0.0023102154955267906, 0.9999043941497803
66, 2, 1, 6.24276789999999, 48216, 0.000800045148935169, 0.9999600052833557
66, 0, 1, 6.218262799999991, 48216, 0.002035195240750909, 0.9996589422225952
66, 1, 1, 6.134935700000028, 48216, 0.0022534679155796766, 0.9995187520980835
67, 19, 1, 5.3678654999999935, 48216, 0.001692049321718514, 0.999773383140564
67, 21, 1, 5.609064899999993, 48216, 0.06807681918144226, 0.992994487285614
67, 20, 1, 6.579899300000022, 48216, 0.0007684218580834568, 0.9999818801879883
67, 23, 1, 4.938085100000023, 48216, 0.0021321845706552267, 0.9998039603233337
67, 22, 1, 4.673048199999982, 48216, 0.0007524653919972479, 0.999931275844574
68, 4, 1, 5.5361998999999855, 48216, 0.002128161722794175, 0.9999760985374451
68, 3, 1, 5.627502200000009, 48216, 0.003553948365151882, 0.9990413188934326
68, 1, 1, 6.225884199999996, 48216, 0.0011290538823232055, 0.9999398589134216
68, 2, 1, 6.310723100000018, 48216, 0.0007700222777202725, 0.9999600052833557
69, 19, 1, 5.883627300000001, 48216, 0.0008614952675998211, 0.9999319911003113
69, 21, 1, 6.037956500000007, 48216, 0.001766099827364087, 0.9996653199195862
69, 20, 1, 6.897495600000013, 48216, 0.0008179718279279768, 0.9999818801879883
69, 22, 1, 4.942544699999985, 48216, 0.0007044574595056474, 0.9999541640281677
70, 4, 1, 5.320243900000008, 48216, 0.0021028430201113224, 0.9998565316200256
70, 2, 1, 6.2082679999999755, 48216, 0.0009662231896072626, 0.9998001456260681
70, 1, 1, 6.087515499999995, 48216, 0.004184042569249868, 0.9995588660240173
71, 19, 1, 5.232629199999991, 48216, 0.0008255500579252839, 0.9999319911003113
71, 21, 1, 5.360473500000012, 48216, 0.001717505743727088, 0.999687671661377
71, 23, 1, 4.8048407, 48216, 0.002034234581515193, 0.9998039603233337
71, 22, 1, 4.759216400000014, 48216, 0.0006285494891926646, 0.9999771118164062
72, 4, 1, 5.146748500000001, 48216, 0.0018487159395590425, 0.9999760985374451
72, 2, 1, 6.1334863000000155, 48216, 0.0007747375057078898, 0.9998601078987122
72, 3, 1, 5.5931084000000055, 48216, 0.0030433109495788813, 0.9994203448295593
72, 1, 1, 6.118209100000001, 48216, 0.0011942442506551743, 0.9997994899749756
73, 19, 1, 6.059411099999977, 48216, 0.0008111066999845207, 0.9999547004699707
73, 21, 1, 6.114807199999973, 48216, 0.0015879629645496607, 0.999732255935669
73, 23, 1, 5.656691599999988, 48216, 0.0016706680180504918, 0.9999265074729919
73, 22, 1, 5.063266100000021, 48216, 0.0006563480128534138, 0.9999771118164062
74, 4, 1, 5.563199499999996, 48216, 0.002040345221757889, 0.9998087286949158
74, 2, 1, 6.573329900000033, 48216, 0.0006445993785746396, 0.9999800324440002
74, 3, 1, 6.007339000000002, 48216, 0.002914086915552616, 0.9992865324020386
74, 1, 1, 6.492368099999965, 48216, 0.0009876862168312073, 0.9999598860740662
75, 21, 1, 5.495386699999983, 48216, 0.0013533757301047444, 0.9998438358306885
75, 19, 1, 5.680009999999982, 48216, 0.0007409321842715144, 0.9999319911003113
75, 23, 1, 5.025172700000013, 48216, 0.001631569699384272, 0.9999019503593445
75, 22, 1, 4.797248999999994, 48216, 0.0005973119987174869, 0.999931275844574
76, 4, 1, 5.46356430000003, 48216, 0.003443217370659113, 0.9993066787719727
76, 2, 1, 6.390390499999967, 48216, 0.0005843399558216333, 0.9999800324440002
76, 3, 1, 5.728121599999952, 48216, 0.0025946483947336674, 0.9995540976524353
76, 1, 1, 6.294531699999993, 48216, 0.0008582209702581167, 0.9999799728393555
77, 21, 1, 5.690067199999987, 48216, 0.0013741303700953722, 0.999709963798523
77, 19, 1, 5.665802100000008, 48216, 0.0006154419388622046, 0.9999773502349854
77, 23, 1, 5.168178899999987, 48216, 0.0014998129336163402, 0.9999019503593445
77, 22, 1, 4.835082099999994, 48216, 0.0005267171654850245, 0.9999771118164062
78, 4, 1, 5.356789499999991, 48216, 0.0015998641029000282, 0.9998804330825806
78, 2, 1, 6.315832899999975, 48216, 0.00087029515998438, 0.9999001026153564
78, 3, 1, 5.751726800000029, 48216, 0.0024882126599550247, 0.9993979930877686
78, 1, 1, 6.25009289999997, 48216, 0.0013242120621725917, 0.9998396039009094
79, 21, 1, 6.478073599999959, 48216, 0.0012311458121985197, 0.9997768998146057
79, 19, 1, 6.5004835999999955, 48216, 0.0005907699814997613, 0.9999773502349854
79, 23, 1, 5.905833599999994, 48216, 0.0014229939552024007, 0.9998774528503418
79, 22, 1, 5.355618199999981, 48216, 0.0005106235039420426, 0.9999771118164062
80, 4, 1, 5.4751401999999985, 48216, 0.0015503064496442676, 0.9999043941497803
80, 3, 1, 6.092313900000022, 48216, 0.0023962941486388445, 0.9993979930877686
80, 1, 1, 6.699436100000014, 48216, 0.006059523206204176, 0.9992982149124146
81, 19, 1, 5.801057700000001, 48216, 0.0006365524022839963, 0.9999547004699707
81, 21, 1, 5.852127899999971, 48216, 0.0011829924769699574, 0.9997991919517517
81, 23, 1, 5.373506899999995, 48216, 0.0013184846611693501, 0.9999019503593445
81, 22, 1, 5.097225499999979, 48216, 0.0004794056876562536, 0.9999771118164062
82, 2, 1, 6.666957200000013, 48216, 0.0005253345589153469, 0.9999600052833557
82, 3, 1, 6.184487200000035, 48216, 0.002180315088480711, 0.9995763897895813
82, 1, 1, 6.7264513999999735, 48216, 0.0008771336870267987, 0.9998997449874878
83, 21, 1, 5.970412500000009, 48216, 0.0010665227891877294, 0.9998438358306885
83, 23, 1, 5.463995300000022, 48216, 0.0013076268369331956, 0.9999019503593445
83, 19, 1, 5.909487899999988, 48216, 0.0008568450575694442, 0.9997960329055786
83, 22, 1, 5.170247299999971, 48216, 0.0004412065609358251, 0.9999771118164062
84, 1, 1, 6.351872599999979, 48216, 0.0007072204607538879, 0.9999598860740662
84, 6, 1, 6.037581199999977, 48216, 0.0014751035487279296, 0.9998775720596313
84, 3, 1, 5.868839900000012, 48216, 0.0017347316024824977, 0.9997770190238953
85, 21, 1, 6.0065784000000235, 48216, 0.001089070807211101, 0.9997991919517517
85, 23, 1, 5.550682400000028, 48216, 0.0013165449490770698, 0.9998774528503418
85, 20, 1, 7.227351399999975, 48216, 0.0004414078139234334, 0.9999818801879883
85, 22, 1, 5.322319600000014, 48216, 0.0004492223961278796, 0.9999541640281677
86, 3, 1, 6.420727999999997, 48216, 0.0016941508511081338, 0.9996878504753113
86, 1, 1, 6.976463899999999, 48216, 0.0005923683638684452, 1.0
86, 6, 1, 6.712985599999996, 48216, 0.0013736860128119588, 0.9998980164527893
87, 21, 1, 5.542894999999987, 48216, 0.0011230576783418655, 0.9997991919517517
87, 23, 1, 5.195030299999985, 48216, 0.0012747066793963313, 0.9999265074729919
87, 22, 1, 5.027612999999974, 48216, 0.0004298727435525507, 0.9999771118164062
88, 3, 1, 5.8366366999999855, 48216, 0.0015170519473031163, 0.9997547268867493
88, 1, 1, 6.3958973000000015, 48216, 0.0005901599652133882, 0.9999598860740662
88, 6, 1, 6.177687300000002, 48216, 0.0010076073231175542, 0.9999796152114868
89, 21, 1, 5.479698300000052, 48216, 0.0009423173614777625, 0.9998438358306885
89, 23, 1, 5.063096499999972, 48216, 0.0011733066057786345, 0.9999265074729919
89, 22, 1, 4.986146799999972, 48216, 0.00043203888344578445, 0.9999771118164062
90, 3, 1, 5.848889899999961, 48216, 0.0013356138952076435, 0.9997993111610413
90, 1, 1, 6.429560300000048, 48216, 0.0006743943667970598, 0.9999398589134216
90, 6, 1, 6.146583299999975, 48216, 0.0008757328032515943, 0.9999796152114868
91, 21, 1, 5.472243899999967, 48216, 0.0009220210486091673, 0.9998661279678345
91, 23, 1, 5.104613499999971, 48216, 0.0011599872959777713, 0.9999265074729919
91, 22, 1, 5.020863500000019, 48216, 0.00046192886657081544, 0.9999541640281677
92, 3, 1, 5.2554336000000035, 48216, 0.0012602891074493527, 0.9997993111610413
92, 6, 1, 5.768052399999988, 48216, 0.0007888671825639904, 0.9999796152114868
93, 21, 1, 5.325371200000006, 48216, 0.0010984183754771948, 0.9997546076774597
93, 22, 1, 4.98087380000004, 48216, 0.0003488715155981481, 0.9999771118164062
94, 3, 1, 6.621983199999988, 48216, 0.001122764078900218, 0.999866247177124
94, 1, 1, 7.139406000000008, 48216, 0.0006672810413874686, 0.9999197721481323
94, 6, 1, 6.802579800000018, 48216, 0.0006860957946628332, 0.9999796152114868
95, 21, 1, 5.733828799999969, 48216, 0.000780633999966085, 0.9998884201049805
95, 23, 1, 5.270579399999974, 48216, 0.0010693123331293464, 0.9999510049819946
95, 22, 1, 5.136430700000005, 48216, 0.00033095653634518385, 1.0
96, 3, 1, 5.326214499999992, 48216, 0.0010348557261750102, 0.999955415725708
96, 6, 1, 5.764862600000015, 48216, 0.0006396240787580609, 1.0
97, 21, 1, 5.037981099999968, 48216, 0.0007973432075232267, 0.9998884201049805
97, 22, 1, 4.863940300000024, 48216, 0.000336422526743263, 0.9999771118164062
98, 3, 1, 5.391149699999971, 48216, 0.0009587811073288321, 0.999910831451416
98, 6, 1, 5.812492600000013, 48216, 0.0007296093390323222, 0.9999184012413025
99, 21, 1, 5.50734540000002, 48216, 0.0007200059480965137, 0.9998884201049805
99, 23, 1, 5.144278200000031, 48216, 0.0009887709747999907, 0.9999265074729919
99, 22, 1, 4.994118800000024, 48216, 0.0003160435298923403, 1.0
100, 3, 1, 5.265948399999957, 48216, 0.0008987797191366553, 0.999955415725708
100, 6, 1, 5.7039996000000315, 48216, 0.0005445799324661493, 1.0
